z,gamma
-31.10087235738602,0.9554434325623746
-31.09087235738602,0.9554438041930364
-31.080872357386017,0.9554441768332645
-31.070872357386015,0.9554445504855521
-31.060872357386014,0.9554449251523973
-31.050872357386012,0.9554453008363039
-31.04087235738601,0.9554456775397809
-31.03087235738601,0.9554460552653431
-31.020872357386008,0.9554464340155103
-31.010872357386006,0.9554468137928079
-31.000872357386005,0.9554471945997671
-30.990872357386003,0.9554475764389242
-30.980872357386,0.9554479593128208
-30.970872357386,0.9554483432240045
-30.960872357386,0.955448728175028
-30.950872357385997,0.9554491141684499
-30.940872357385995,0.9554495012068338
-30.930872357385994,0.9554498892927494
-30.920872357385992,0.9554502784287714
-30.91087235738599,0.9554506686174803
-30.90087235738599,0.9554510598614623
-30.890872357385987,0.955451452163309
-30.880872357385986,0.9554518455256173
-30.870872357385984,0.9554522399509904
-30.860872357385983,0.9554526354420365
-30.85087235738598,0.9554530320013694
-30.84087235738598,0.955453429631609
-30.830872357385978,0.9554538283353803
-30.820872357385976,0.9554542281153142
-30.810872357385975,0.9554546289740472
-30.800872357385973,0.9554550309142215
-30.79087235738597,0.9554554339384848
-30.78087235738597,0.9554558380494906
-30.77087235738597,0.9554562432498981
-30.760872357385967,0.9554566495423722
-30.750872357385965,0.9554570569295835
-30.740872357385964,0.9554574654142083
-30.730872357385962,0.9554578749989282
-30.72087235738596,0.9554582856864314
-30.71087235738596,0.9554586974794114
-30.700872357385958,0.955459110380567
-30.690872357385956,0.9554595243926034
-30.680872357385955,0.9554599395182315
-30.670872357385953,0.9554603557601676
-30.66087235738595,0.9554607731211341
-30.65087235738595,0.9554611916038593
-30.64087235738595,0.9554616112110769
-30.630872357385947,0.9554620319455268
-30.620872357385945,0.9554624538099545
-30.610872357385944,0.9554628768071115
-30.600872357385942,0.9554633009397552
-30.59087235738594,0.9554637262106485
-30.58087235738594,0.9554641526225605
-30.570872357385937,0.9554645801782661
-30.560872357385936,0.9554650088805463
-30.550872357385934,0.9554654387321874
-30.540872357385933,0.9554658697359822
-30.53087235738593,0.9554663018947294
-30.52087235738593,0.955466735211233
-30.510872357385928,0.9554671696883038
-30.500872357385926,0.955467605328758
-30.490872357385925,0.9554680421354178
-30.480872357385923,0.9554684801111115
-30.47087235738592,0.9554689192586736
-30.46087235738592,0.955469359580944
-30.45087235738592,0.9554698010807692
-30.440872357385917,0.9554702437610013
-30.430872357385915,0.9554706876244986
-30.420872357385914,0.9554711326741255
-30.410872357385912,0.9554715789127523
-30.40087235738591,0.9554720263432552
-30.39087235738591,0.955472474968517
-30.380872357385908,0.955472924791426
-30.370872357385906,0.9554733758148769
-30.360872357385905,0.9554738280417704
-30.350872357385903,0.9554742814750132
-30.3408723573859,0.9554747361175184
-30.3308723573859,0.955475191972205
-30.3208723573859,0.9554756490419981
-30.310872357385897,0.9554761073298291
-30.300872357385895,0.9554765668386354
-30.290872357385894,0.9554770275713607
-30.280872357385892,0.9554774895309547
-30.27087235738589,0.9554779527203735
-30.26087235738589,0.9554784171425793
-30.250872357385887,0.9554788828005405
-30.240872357385886,0.9554793496972316
-30.230872357385884,0.9554798178356335
-30.220872357385883,0.9554802872187332
-30.21087235738588,0.9554807578495241
-30.20087235738588,0.9554812297310058
-30.190872357385878,0.9554817028661841
-30.180872357385876,0.9554821772580709
-30.170872357385875,0.955482652909685
-30.160872357385873,0.9554831298240509
-30.15087235738587,0.9554836080041994
-30.14087235738587,0.9554840874531682
-30.13087235738587,0.9554845681740005
-30.120872357385867,0.9554850501697467
-30.110872357385865,0.955485533443463
-30.100872357385864,0.955486017998212
-30.090872357385862,0.9554865038370628
-30.08087235738586,0.955486990963091
-30.07087235738586,0.9554874793793782
-30.060872357385858,0.9554879690890128
-30.050872357385856,0.9554884600950894
-30.040872357385854,0.9554889524007091
-30.030872357385853,0.9554894460089793
-30.02087235738585,0.955489940923014
-30.01087235738585,0.9554904371459336
-30.00087235738585,0.9554909346808651
-29.990872357385847,0.9554914335309416
-29.980872357385845,0.9554919336993031
-29.970872357385844,0.9554924351890958
-29.960872357385842,0.9554929380034726
-29.95087235738584,0.9554934421455926
-29.94087235738584,0.955493947618622
-29.930872357385837,0.955494454425733
-29.920872357385836,0.9554949625701048
-29.910872357385834,0.9554954720549226
-29.900872357385833,0.9554959828833784
-29.89087235738583,0.9554964950586713
-29.88087235738583,0.9554970085840061
-29.870872357385828,0.955497523462595
-29.860872357385826,0.955498039697656
-29.850872357385825,0.9554985572924147
-29.840872357385823,0.9554990762501024
-29.83087235738582,0.9554995965739578
-29.82087235738582,0.9555001182672256
-29.81087235738582,0.9555006413331575
-29.800872357385817,0.955501165775012
-29.790872357385815,0.9555016915960541
-29.780872357385814,0.9555022187995553
-29.770872357385812,0.9555027473887944
-29.76087235738581,0.9555032773670563
-29.75087235738581,0.9555038087376329
-29.740872357385808,0.9555043415038228
-29.730872357385806,0.9555048756689314
-29.720872357385804,0.9555054112362708
-29.710872357385803,0.9555059482091599
-29.7008723573858,0.9555064865909244
-29.6908723573858,0.9555070263848968
-29.680872357385798,0.9555075675944162
-29.670872357385797,0.9555081102228289
-29.660872357385795,0.9555086542734876
-29.650872357385794,0.9555091997497521
-29.640872357385792,0.9555097466549892
-29.63087235738579,0.955510294992572
-29.62087235738579,0.955510844765881
-29.610872357385787,0.9555113959783034
-29.600872357385786,0.9555119486332332
-29.590872357385784,0.9555125027340714
-29.580872357385783,0.9555130582842258
-29.57087235738578,0.9555136152871113
-29.56087235738578,0.9555141737461498
-29.550872357385778,0.9555147336647696
-29.540872357385776,0.9555152950464065
-29.530872357385775,0.9555158578945031
-29.520872357385773,0.9555164222125091
-29.51087235738577,0.9555169880038809
-29.50087235738577,0.955517555272082
-29.49087235738577,0.9555181240205832
-29.480872357385767,0.9555186942528618
-29.470872357385765,0.9555192659724026
-29.460872357385764,0.9555198391826971
-29.450872357385762,0.955520413887244
-29.44087235738576,0.9555209900895493
-29.43087235738576,0.9555215677931255
-29.420872357385758,0.9555221470014926
-29.410872357385756,0.9555227277181778
-29.400872357385754,0.9555233099467151
-29.390872357385753,0.9555238936906455
-29.38087235738575,0.9555244789535178
-29.37087235738575,0.9555250657388871
-29.360872357385748,0.9555256540503161
-29.350872357385747,0.9555262438913749
-29.340872357385745,0.9555268352656401
-29.330872357385743,0.9555274281766959
-29.320872357385742,0.9555280226281339
-29.31087235738574,0.9555286186235524
-29.30087235738574,0.9555292161665574
-29.290872357385737,0.9555298152607615
-29.280872357385736,0.9555304159097853
-29.270872357385734,0.9555310181172562
-29.260872357385733,0.9555316218868087
-29.25087235738573,0.955532227222085
-29.24087235738573,0.9555328341267343
-29.230872357385728,0.9555334426044132
-29.220872357385726,0.9555340526587855
-29.210872357385725,0.9555346642935225
-29.200872357385723,0.9555352775123026
-29.19087235738572,0.9555358923188116
-29.18087235738572,0.955536508716743
-29.17087235738572,0.955537126709797
-29.160872357385717,0.9555377463016814
-29.150872357385715,0.955538367496112
-29.140872357385714,0.955538990296811
-29.130872357385712,0.9555396147075087
-29.12087235738571,0.9555402407319425
-29.11087235738571,0.9555408683738574
-29.100872357385708,0.9555414976370059
-29.090872357385706,0.9555421285251474
-29.080872357385704,0.9555427610420495
-29.070872357385703,0.9555433951914866
-29.0608723573857,0.9555440309772412
-29.0508723573857,0.9555446684031028
-29.040872357385698,0.9555453074728687
-29.030872357385697,0.9555459481903436
-29.020872357385695,0.9555465905593397
-29.010872357385693,0.9555472345836765
-29.000872357385692,0.9555478802671817
-28.99087235738569,0.9555485276136899
-28.98087235738569,0.9555491766270436
-28.970872357385687,0.9555498273110928
-28.960872357385686,0.9555504796696951
-28.950872357385684,0.9555511337067157
-28.940872357385683,0.9555517894260275
-28.93087235738568,0.9555524468315106
-28.92087235738568,0.9555531059270534
-28.910872357385678,0.9555537667165515
-28.900872357385676,0.955554429203908
-28.890872357385675,0.9555550933930343
-28.880872357385673,0.955555759287849
-28.87087235738567,0.9555564268922783
-28.86087235738567,0.9555570962102565
-28.85087235738567,0.9555577672457254
-28.840872357385667,0.9555584400026345
-28.830872357385665,0.9555591144849409
-28.820872357385664,0.9555597906966099
-28.810872357385662,0.955560468641614
-28.80087235738566,0.955561148323934
-28.79087235738566,0.9555618297475579
-28.780872357385658,0.955562512916482
-28.770872357385656,0.9555631978347101
-28.760872357385654,0.955563884506254
-28.750872357385653,0.9555645729351331
-28.74087235738565,0.955565263125375
-28.73087235738565,0.9555659550810148
-28.720872357385648,0.9555666488060955
-28.710872357385647,0.9555673443046682
-28.700872357385645,0.9555680415807914
-28.690872357385643,0.9555687406385323
-28.680872357385642,0.9555694414819651
-28.67087235738564,0.9555701441151725
-28.66087235738564,0.9555708485422449
-28.650872357385637,0.9555715547672808
-28.640872357385636,0.9555722627943865
-28.630872357385634,0.955572972627676
-28.620872357385633,0.9555736842712721
-28.61087235738563,0.9555743977293044
-28.60087235738563,0.9555751130059117
-28.590872357385628,0.9555758301052398
-28.580872357385626,0.9555765490314434
-28.570872357385625,0.9555772697886843
-28.560872357385623,0.9555779923811331
-28.55087235738562,0.955578716812968
-28.54087235738562,0.9555794430883756
-28.53087235738562,0.9555801712115501
-28.520872357385617,0.9555809011866945
-28.510872357385615,0.9555816330180189
-28.500872357385614,0.9555823667097426
-28.490872357385612,0.9555831022660921
-28.48087235738561,0.9555838396913026
-28.47087235738561,0.9555845789896171
-28.460872357385608,0.955585320165287
-28.450872357385606,0.9555860632225717
-28.440872357385604,0.9555868081657388
-28.430872357385603,0.9555875549990642
-28.4208723573856,0.9555883037268318
-28.4108723573856,0.9555890543533339
-28.400872357385598,0.9555898068828708
-28.390872357385597,0.955590561319751
-28.380872357385595,0.9555913176682916
-28.370872357385593,0.9555920759328178
-28.360872357385592,0.955592836117663
-28.35087235738559,0.9555935982271686
-28.34087235738559,0.9555943622656846
-28.330872357385587,0.9555951282375696
-28.320872357385586,0.9555958961471898
-28.310872357385584,0.95559666599892
-28.300872357385582,0.9555974377971437
-28.29087235738558,0.9555982115462522
-28.28087235738558,0.9555989872506455
-28.270872357385578,0.9555997649147319
-28.260872357385576,0.9556005445429278
-28.250872357385575,0.9556013261396583
-28.240872357385573,0.955602109709357
-28.23087235738557,0.9556028952564654
-28.22087235738557,0.9556036827854341
-28.21087235738557,0.9556044723007213
-28.200872357385567,0.9556052638067944
-28.190872357385565,0.9556060573081289
-28.180872357385564,0.9556068528092089
-28.170872357385562,0.9556076503145267
-28.16087235738556,0.9556084498285834
-28.15087235738556,0.9556092513558883
-28.140872357385557,0.9556100549009596
-28.130872357385556,0.9556108604683238
-28.120872357385554,0.9556116680625156
-28.110872357385553,0.955612477688079
-28.10087235738555,0.9556132893495659
-28.09087235738555,0.955614103051537
-28.080872357385548,0.9556149187985618
-28.070872357385547,0.9556157365952177
-28.060872357385545,0.9556165564460916
-28.050872357385543,0.9556173783557782
-28.040872357385542,0.9556182023288814
-28.03087235738554,0.9556190283700134
-28.02087235738554,0.9556198564837953
-28.010872357385537,0.9556206866748567
-28.000872357385536,0.9556215189478356
-27.990872357385534,0.9556223533073794
-27.980872357385532,0.9556231897581433
-27.97087235738553,0.955624028304792
-27.96087235738553,0.9556248689519984
-27.950872357385528,0.9556257117044442
-27.940872357385526,0.9556265565668202
-27.930872357385525,0.9556274035438251
-27.920872357385523,0.9556282526401675
-27.91087235738552,0.9556291038605639
-27.90087235738552,0.9556299572097396
-27.89087235738552,0.9556308126924294
-27.880872357385517,0.9556316703133764
-27.870872357385515,0.9556325300773322
-27.860872357385514,0.9556333919890578
-27.850872357385512,0.9556342560533229
-27.84087235738551,0.9556351222749057
-27.83087235738551,0.9556359906585937
-27.820872357385507,0.9556368612091829
-27.810872357385506,0.9556377339314787
-27.800872357385504,0.9556386088302946
-27.790872357385503,0.9556394859104539
-27.7808723573855,0.9556403651767879
-27.7708723573855,0.9556412466341375
-27.760872357385498,0.9556421302873525
-27.750872357385497,0.9556430161412911
-27.740872357385495,0.9556439042008211
-27.730872357385493,0.9556447944708188
-27.720872357385492,0.9556456869561698
-27.71087235738549,0.9556465816617684
-27.70087235738549,0.9556474785925182
-27.690872357385487,0.9556483777533316
-27.680872357385486,0.9556492791491299
-27.670872357385484,0.9556501827848439
-27.660872357385482,0.9556510886654132
-27.65087235738548,0.9556519967957862
-27.64087235738548,0.9556529071809208
-27.630872357385478,0.9556538198257833
-27.620872357385476,0.9556547347353503
-27.610872357385475,0.9556556519146062
-27.600872357385473,0.9556565713685453
-27.59087235738547,0.9556574931021707
-27.58087235738547,0.9556584171204948
-27.57087235738547,0.9556593434285391
-27.560872357385467,0.9556602720313341
-27.550872357385465,0.9556612029339197
-27.540872357385464,0.9556621361413448
-27.530872357385462,0.9556630716586675
-27.52087235738546,0.9556640094909554
-27.51087235738546,0.9556649496432851
-27.500872357385457,0.955665892120742
-27.490872357385456,0.9556668369284215
-27.480872357385454,0.9556677840714277
-27.470872357385453,0.9556687335548741
-27.46087235738545,0.9556696853838837
-27.45087235738545,0.9556706395635886
-27.440872357385448,0.9556715960991298
-27.430872357385446,0.9556725549956583
-27.420872357385445,0.9556735162583337
-27.410872357385443,0.9556744798923259
-27.400872357385442,0.955675445902813
-27.39087235738544,0.9556764142949831
-27.38087235738544,0.9556773850740335
-27.370872357385437,0.9556783582451711
-27.360872357385436,0.9556793338136116
-27.350872357385434,0.9556803117845809
-27.340872357385432,0.9556812921633134
-27.33087235738543,0.9556822749550536
-27.32087235738543,0.9556832601650551
-27.310872357385428,0.9556842477985812
-27.300872357385426,0.9556852378609041
-27.290872357385425,0.9556862303573059
-27.280872357385423,0.9556872252930783
-27.27087235738542,0.955688222673522
-27.26087235738542,0.9556892225039474
-27.25087235738542,0.9556902247896746
-27.240872357385417,0.9556912295360328
-27.230872357385415,0.9556922367483611
-27.220872357385414,0.9556932464320079
-27.210872357385412,0.9556942585923313
-27.20087235738541,0.9556952732346985
-27.19087235738541,0.9556962903644871
-27.180872357385407,0.9556973099870835
-27.170872357385406,0.9556983321078839
-27.160872357385404,0.9556993567322942
-27.150872357385403,0.9557003838657301
-27.1408723573854,0.9557014135136164
-27.1308723573854,0.9557024456813878
-27.120872357385398,0.9557034803744888
-27.110872357385396,0.9557045175983734
-27.100872357385395,0.9557055573585049
-27.090872357385393,0.955706599660357
-27.080872357385392,0.9557076445094123
-27.07087235738539,0.9557086919111637
-27.06087235738539,0.9557097418711136
-27.050872357385387,0.9557107943947739
-27.040872357385386,0.9557118494876665
-27.030872357385384,0.955712907155323
-27.020872357385382,0.9557139674032845
-27.01087235738538,0.9557150302371021
-27.00087235738538,0.9557160956623364
-26.990872357385378,0.9557171636845584
-26.980872357385376,0.955718234309348
-26.970872357385375,0.9557193075422955
-26.960872357385373,0.9557203833890009
-26.95087235738537,0.9557214618550738
-26.94087235738537,0.9557225429461338
-26.93087235738537,0.9557236266678104
-26.920872357385367,0.9557247130257428
-26.910872357385365,0.9557258020255802
-26.900872357385364,0.9557268936729815
-26.890872357385362,0.9557279879736156
-26.88087235738536,0.9557290849331611
-26.87087235738536,0.955730184557307
-26.860872357385357,0.9557312868517515
-26.850872357385356,0.955732391822203
-26.840872357385354,0.9557334994743804
-26.830872357385353,0.9557346098140116
-26.82087235738535,0.9557357228468352
-26.81087235738535,0.9557368385785993
-26.800872357385348,0.955737957015062
-26.790872357385346,0.9557390781619918
-26.780872357385345,0.9557402020251666
-26.770872357385343,0.9557413286103749
-26.76087235738534,0.9557424579234147
-26.75087235738534,0.9557435899700943
-26.74087235738534,0.9557447247562321
-26.730872357385337,0.9557458622876562
-26.720872357385336,0.9557470025702052
-26.710872357385334,0.9557481456097273
-26.700872357385332,0.9557492914120811
-26.69087235738533,0.9557504399831352
-26.68087235738533,0.9557515913287683
-26.670872357385328,0.9557527454548692
-26.660872357385326,0.9557539023673367
-26.650872357385325,0.9557550620720799
-26.640872357385323,0.955756224575018
-26.63087235738532,0.9557573898820801
-26.62087235738532,0.955758557999206
-26.61087235738532,0.955759728932345
-26.600872357385317,0.9557609026874572
-26.590872357385315,0.9557620792705122
-26.580872357385314,0.9557632586874903
-26.570872357385312,0.9557644409443821
-26.56087235738531,0.955765626047188
-26.55087235738531,0.955766814001919
-26.540872357385307,0.9557680048145958
-26.530872357385306,0.9557691984912501
-26.520872357385304,0.955770395037923
-26.510872357385303,0.9557715944606667
-26.5008723573853,0.9557727967655432
-26.4908723573853,0.9557740019586247
-26.480872357385298,0.955775210045994
-26.470872357385296,0.955776421033744
-26.460872357385295,0.9557776349279782
-26.450872357385293,0.9557788517348097
-26.44087235738529,0.9557800714603629
-26.43087235738529,0.955781294110772
-26.42087235738529,0.9557825196921813
-26.410872357385287,0.9557837482107463
-26.400872357385285,0.9557849796726318
-26.390872357385284,0.9557862140840139
-26.380872357385282,0.9557874514510786
-26.37087235738528,0.9557886917800226
-26.36087235738528,0.9557899350770525
-26.350872357385278,0.9557911813483859
-26.340872357385276,0.9557924306002504
-26.330872357385275,0.9557936828388846
-26.320872357385273,0.9557949380705366
-26.31087235738527,0.9557961963014658
-26.30087235738527,0.955797457537942
-26.29087235738527,0.955798721786245
-26.280872357385267,0.9557999890526655
-26.270872357385265,0.9558012593435045
-26.260872357385264,0.9558025326650732
-26.250872357385262,0.9558038090236942
-26.24087235738526,0.9558050884256998
-26.23087235738526,0.9558063708774331
-26.220872357385257,0.9558076563852479
-26.210872357385256,0.9558089449555083
-26.200872357385254,0.9558102365945889
-26.190872357385253,0.9558115313088753
-26.18087235738525,0.9558128291047634
-26.17087235738525,0.9558141299886594
-26.160872357385248,0.9558154339669809
-26.150872357385246,0.9558167410461551
-26.140872357385245,0.9558180512326206
-26.130872357385243,0.9558193645328261
-26.12087235738524,0.9558206809532315
-26.11087235738524,0.9558220005003067
-26.10087235738524,0.9558233231805328
-26.090872357385237,0.9558246490004012
-26.080872357385235,0.955825977966414
-26.070872357385234,0.9558273100850841
-26.060872357385232,0.9558286453629352
-26.05087235738523,0.9558299838065014
-26.04087235738523,0.9558313254223278
-26.030872357385228,0.9558326702169699
-26.020872357385226,0.9558340181969942
-26.010872357385225,0.9558353693689776
-26.000872357385223,0.9558367237395083
-25.99087235738522,0.9558380813151847
-25.98087235738522,0.9558394421026162
-25.97087235738522,0.9558408061084229
-25.960872357385217,0.9558421733392356
-25.950872357385215,0.9558435438016962
-25.940872357385214,0.9558449175024571
-25.930872357385212,0.9558462944481815
-25.92087235738521,0.9558476746455434
-25.91087235738521,0.955849058101228
-25.900872357385207,0.9558504448219308
-25.890872357385206,0.9558518348143583
-25.880872357385204,0.9558532280852281
-25.870872357385203,0.9558546246412682
-25.8608723573852,0.955856024489218
-25.8508723573852,0.9558574276358274
-25.840872357385198,0.955858834087857
-25.830872357385196,0.9558602438520788
-25.820872357385195,0.9558616569352754
-25.810872357385193,0.9558630733442403
-25.80087235738519,0.9558644930857778
-25.79087235738519,0.9558659161667035
-25.78087235738519,0.9558673425938435
-25.770872357385187,0.9558687723740351
-25.760872357385185,0.9558702055141265
-25.750872357385184,0.9558716420209767
-25.740872357385182,0.9558730819014558
-25.73087235738518,0.955874525162445
-25.72087235738518,0.955875971810836
-25.710872357385178,0.955877421853532
-25.700872357385176,0.9558788752974468
-25.690872357385174,0.9558803321495055
-25.680872357385173,0.9558817924166442
-25.67087235738517,0.9558832561058097
-25.66087235738517,0.95588472322396
-25.65087235738517,0.9558861937780644
-25.640872357385167,0.9558876677751026
-25.630872357385165,0.955889145222066
-25.620872357385164,0.9558906261259568
-25.610872357385162,0.955892110493788
-25.60087235738516,0.9558935983325841
-25.59087235738516,0.9558950896493803
-25.580872357385157,0.9558965844512233
-25.570872357385156,0.9558980827451705
-25.560872357385154,0.9558995845382905
-25.550872357385153,0.9559010898376632
-25.54087235738515,0.9559025986503794
-25.53087235738515,0.955904110983541
-25.520872357385148,0.9559056268442613
-25.510872357385146,0.9559071462396644
-25.500872357385145,0.9559086691768858
-25.490872357385143,0.9559101956630719
-25.48087235738514,0.9559117257053804
-25.47087235738514,0.9559132593109804
-25.46087235738514,0.9559147964870516
-25.450872357385137,0.9559163372407854
-25.440872357385135,0.9559178815793842
-25.430872357385134,0.9559194295100615
-25.420872357385132,0.9559209810400421
-25.41087235738513,0.9559225361765621
-25.40087235738513,0.9559240949268686
-25.390872357385128,0.9559256572982199
-25.380872357385126,0.9559272232978858
-25.370872357385124,0.9559287929331474
-25.360872357385123,0.9559303662112963
-25.35087235738512,0.9559319431396364
-25.34087235738512,0.955933523725482
-25.330872357385118,0.9559351079761591
-25.320872357385117,0.9559366958990048
-25.310872357385115,0.9559382875013676
-25.300872357385114,0.9559398827906072
-25.290872357385112,0.9559414817740944
-25.28087235738511,0.9559430844592118
-25.27087235738511,0.9559446908533528
-25.260872357385107,0.9559463009639224
-25.250872357385106,0.9559479147983366
-25.240872357385104,0.9559495323640232
-25.230872357385103,0.955951153668421
-25.2208723573851,0.95595277871898
-25.2108723573851,0.9559544075231617
-25.200872357385098,0.9559560400884393
-25.190872357385096,0.9559576764222968
-25.180872357385095,0.9559593165322298
-25.170872357385093,0.9559609604257452
-25.16087235738509,0.9559626081103614
-25.15087235738509,0.955964259593608
-25.14087235738509,0.9559659148830261
-25.130872357385087,0.9559675739861683
-25.120872357385085,0.955969236910598
-25.110872357385084,0.9559709036638909
-25.100872357385082,0.9559725742536336
-25.09087235738508,0.9559742486874239
-25.08087235738508,0.9559759269728714
-25.070872357385078,0.9559776091175971
-25.060872357385076,0.9559792951292332
-25.050872357385074,0.9559809850154234
-25.040872357385073,0.955982678783823
-25.03087235738507,0.9559843764420988
-25.02087235738507,0.9559860779979286
-25.010872357385068,0.955987783459002
-25.000872357385067,0.95598949283302
-24.990872357385065,0.9559912061276953
-24.980872357385064,0.9559929233507516
-24.970872357385062,0.9559946445099242
-24.96087235738506,0.9559963696129604
-24.95087235738506,0.9559980986676183
-24.940872357385057,0.9559998316816678
-24.930872357385056,0.9560015686628902
-24.920872357385054,0.9560033096190786
-24.910872357385053,0.9560050545580372
-24.90087235738505,0.956006803487582
-24.89087235738505,0.9560085564155403
-24.880872357385048,0.9560103133497511
-24.870872357385046,0.9560120742980648
-24.860872357385045,0.9560138392683434
-24.850872357385043,0.9560156082684605
-24.84087235738504,0.9560173813063012
-24.83087235738504,0.956019158389762
-24.82087235738504,0.956020939526751
-24.810872357385037,0.956022724725188
-24.800872357385035,0.9560245139930044
-24.790872357385034,0.9560263073381429
-24.780872357385032,0.9560281047685577
-24.77087235738503,0.9560299062922152
-24.76087235738503,0.9560317119170927
-24.750872357385028,0.9560335216511793
-24.740872357385026,0.9560353355024758
-24.730872357385024,0.9560371534789945
-24.720872357385023,0.9560389755887594
-24.71087235738502,0.9560408018398058
-24.70087235738502,0.9560426322401808
-24.690872357385018,0.9560444667979434
-24.680872357385017,0.9560463055211635
-24.670872357385015,0.9560481484179233
-24.660872357385013,0.9560499954963163
-24.650872357385012,0.9560518467644475
-24.64087235738501,0.956053702230434
-24.63087235738501,0.9560555619024039
-24.620872357385007,0.9560574257884973
-24.610872357385006,0.9560592938968661
-24.600872357385004,0.9560611662356734
-24.590872357385003,0.9560630428130942
-24.580872357385,0.9560649236373151
-24.570872357385,0.9560668087165344
-24.560872357384998,0.956068698058962
-24.550872357384996,0.9560705916728194
-24.540872357384995,0.9560724895663398
-24.530872357384993,0.9560743917477683
-24.52087235738499,0.9560762982253612
-24.51087235738499,0.9560782090073868
-24.50087235738499,0.956080124102125
-24.490872357384987,0.9560820435178673
-24.480872357384985,0.9560839672629169
-24.470872357384984,0.956085895345589
-24.460872357384982,0.9560878277742098
-24.45087235738498,0.9560897645571177
-24.44087235738498,0.9560917057026627
-24.430872357384978,0.9560936512192066
-24.420872357384976,0.9560956011151226
-24.410872357384974,0.9560975553987957
-24.400872357384973,0.9560995140786227
-24.39087235738497,0.9561014771630121
-24.38087235738497,0.9561034446603839
-24.370872357384968,0.95610541657917
-24.360872357384967,0.956107392927814
-24.350872357384965,0.9561093737147712
-24.340872357384963,0.9561113589485085
-24.330872357384962,0.9561133486375046
-24.32087235738496,0.9561153427902499
-24.31087235738496,0.9561173414152465
-24.300872357384957,0.9561193445210082
-24.290872357384956,0.9561213521160606
-24.280872357384954,0.956123364208941
-24.270872357384953,0.9561253808081984
-24.26087235738495,0.9561274019223935
-24.25087235738495,0.9561294275600988
-24.240872357384948,0.9561314577298984
-24.230872357384946,0.9561334924403883
-24.220872357384945,0.9561355317001758
-24.210872357384943,0.9561375755178809
-24.20087235738494,0.9561396239021344
-24.19087235738494,0.9561416768615789
-24.18087235738494,0.9561437344048693
-24.170872357384937,0.9561457965406719
-24.160872357384935,0.9561478632776645
-24.150872357384934,0.9561499346245372
-24.140872357384932,0.9561520105899914
-24.13087235738493,0.9561540911827404
-24.12087235738493,0.9561561764115092
-24.110872357384928,0.9561582662850345
-24.100872357384926,0.956160360812065
-24.090872357384924,0.9561624600013607
-24.080872357384923,0.9561645638616939
-24.07087235738492,0.9561666724018479
-24.06087235738492,0.9561687856306186
-24.050872357384918,0.956170903556813
-24.040872357384917,0.9561730261892502
-24.030872357384915,0.9561751535367607
-24.020872357384913,0.9561772856081873
-24.010872357384912,0.9561794224123841
-24.00087235738491,0.9561815639582167
-23.99087235738491,0.9561837102545634
-23.980872357384907,0.9561858613103131
-23.970872357384906,0.9561880171343675
-23.960872357384904,0.9561901777356392
-23.950872357384903,0.9561923431230528
-23.9408723573849,0.9561945133055451
-23.9308723573849,0.9561966882920641
-23.920872357384898,0.9561988680915695
-23.910872357384896,0.9562010527130334
-23.900872357384895,0.9562032421654388
-23.890872357384893,0.9562054364577811
-23.88087235738489,0.9562076355990672
-23.87087235738489,0.9562098395983155
-23.86087235738489,0.9562120484645567
-23.850872357384887,0.9562142622068325
-23.840872357384885,0.9562164808341971
-23.830872357384884,0.9562187043557159
-23.820872357384882,0.9562209327804663
-23.81087235738488,0.9562231661175374
-23.80087235738488,0.9562254043760298
-23.790872357384877,0.9562276475650562
-23.780872357384876,0.9562298956937406
-23.770872357384874,0.9562321487712192
-23.760872357384873,0.9562344068066396
-23.75087235738487,0.9562366698091613
-23.74087235738487,0.9562389377879553
-23.730872357384868,0.9562412107522047
-23.720872357384867,0.9562434887111038
-23.710872357384865,0.9562457716738592
-23.700872357384863,0.9562480596496885
-23.690872357384862,0.9562503526478219
-23.68087235738486,0.9562526506775006
-23.67087235738486,0.9562549537479778
-23.660872357384857,0.9562572618685181
-23.650872357384856,0.9562595750483985
-23.640872357384854,0.956261893296907
-23.630872357384852,0.9562642166233436
-23.62087235738485,0.95626654503702
-23.61087235738485,0.9562688785472595
-23.600872357384848,0.9562712171633971
-23.590872357384846,0.9562735608947797
-23.580872357384845,0.9562759097507654
-23.570872357384843,0.9562782637407246
-23.56087235738484,0.9562806228740389
-23.55087235738484,0.9562829871601017
-23.54087235738484,0.9562853566083184
-23.530872357384837,0.9562877312281054
-23.520872357384835,0.9562901110288915
-23.510872357384834,0.9562924960201166
-23.500872357384832,0.9562948862112325
-23.49087235738483,0.9562972816117027
-23.48087235738483,0.9562996822310021
-23.470872357384827,0.9563020880786177
-23.460872357384826,0.9563044991640478
-23.450872357384824,0.9563069154968021
-23.440872357384823,0.9563093370864028
-23.43087235738482,0.9563117639423826
-23.42087235738482,0.9563141960742867
-23.410872357384818,0.9563166334916716
-23.400872357384817,0.9563190762041054
-23.390872357384815,0.9563215242211679
-23.380872357384813,0.9563239775524505
-23.370872357384812,0.956326436207556
-23.36087235738481,0.9563289001960992
-23.35087235738481,0.956331369527706
-23.340872357384807,0.9563338442120145
-23.330872357384806,0.9563363242586738
-23.320872357384804,0.9563388096773449
-23.310872357384802,0.9563413004777
-23.3008723573848,0.9563437966694238
-23.2908723573848,0.9563462982622114
-23.280872357384798,0.9563488052657703
-23.270872357384796,0.9563513176898191
-23.260872357384795,0.956353835544088
-23.250872357384793,0.956356358838319
-23.24087235738479,0.9563588875822656
-23.23087235738479,0.9563614217856925
-23.22087235738479,0.9563639614583762
-23.210872357384787,0.9563665066101047
-23.200872357384785,0.9563690572506773
-23.190872357384784,0.9563716133899053
-23.180872357384782,0.9563741750376109
-23.17087235738478,0.9563767422036282
-23.16087235738478,0.9563793148978028
-23.150872357384777,0.9563818931299913
-23.140872357384776,0.9563844769100625
-23.130872357384774,0.956387066247896
-23.120872357384773,0.9563896611533834
-23.11087235738477,0.9563922616364274
-23.10087235738477,0.9563948677069423
-23.090872357384768,0.9563974793748538
-23.080872357384767,0.9564000966500991
-23.070872357384765,0.9564027195426268
-23.060872357384763,0.9564053480623966
-23.050872357384762,0.9564079822193803
-23.04087235738476,0.9564106220235605
-23.03087235738476,0.9564132674849316
-23.020872357384757,0.9564159186134991
-23.010872357384756,0.9564185754192799
-23.000872357384754,0.9564212379123023
-22.990872357384752,0.9564239061026063
-22.98087235738475,0.956426580000243
-22.97087235738475,0.9564292596152747
-22.960872357384748,0.9564319449577753
-22.950872357384746,0.9564346360378296
-22.940872357384745,0.9564373328655347
-22.930872357384743,0.9564400354509976
-22.92087235738474,0.9564427438043381
-22.91087235738474,0.9564454579356862
-22.90087235738474,0.9564481778551838
-22.890872357384737,0.9564509035729836
-22.880872357384735,0.95645363509925
-22.870872357384734,0.9564563724441586
-22.860872357384732,0.956459115617896
-22.85087235738473,0.9564618646306603
-22.84087235738473,0.9564646194926608
-22.830872357384727,0.956467380214118
-22.820872357384726,0.9564701468052635
-22.810872357384724,0.9564729192763404
-22.800872357384723,0.9564756976376027
-22.79087235738472,0.9564784818993156
-22.78087235738472,0.9564812720717558
-22.770872357384718,0.956484068165211
-22.760872357384716,0.9564868701899799
-22.750872357384715,0.9564896781563726
-22.740872357384713,0.9564924920747101
-22.730872357384712,0.9564953119553248
-22.72087235738471,0.9564981378085599
-22.71087235738471,0.95650096964477
-22.700872357384707,0.956503807474321
-22.690872357384706,0.956506651307589
-22.680872357384704,0.9565095011549621
-22.670872357384702,0.9565123570268392
-22.6608723573847,0.95651521893363
-22.6508723573847,0.9565180868857556
-22.640872357384698,0.9565209608936478
-22.630872357384696,0.9565238409677497
-22.620872357384695,0.9565267271185154
-22.610872357384693,0.9565296193564097
-22.60087235738469,0.9565325176919088
-22.59087235738469,0.9565354221354996
-22.58087235738469,0.9565383326976798
-22.570872357384687,0.9565412493889588
-22.560872357384685,0.9565441722198561
-22.550872357384684,0.9565471012009024
-22.540872357384682,0.9565500363426397
-22.53087235738468,0.9565529776556202
-22.52087235738468,0.9565559251504077
-22.510872357384677,0.9565588788375765
-22.500872357384676,0.9565618387277116
-22.490872357384674,0.9565648048314095
-22.480872357384673,0.9565677771592769
-22.47087235738467,0.9565707557219314
-22.46087235738467,0.956573740530002
-22.450872357384668,0.9565767315941276
-22.440872357384666,0.9565797289249588
-22.430872357384665,0.9565827325331563
-22.420872357384663,0.9565857424293919
-22.41087235738466,0.956588758624348
-22.40087235738466,0.9565917811287179
-22.39087235738466,0.9565948099532054
-22.380872357384657,0.9565978451085252
-22.370872357384656,0.9566008866054027
-22.360872357384654,0.9566039344545738
-22.350872357384652,0.9566069886667853
-22.34087235738465,0.9566100492527944
-22.33087235738465,0.9566131162233691
-22.320872357384648,0.956616189589288
-22.310872357384646,0.9566192693613402
-22.300872357384645,0.9566223555503257
-22.290872357384643,0.9566254481670547
-22.28087235738464,0.9566285472223484
-22.27087235738464,0.9566316527270381
-22.26087235738464,0.9566347646919657
-22.250872357384637,0.9566378831279839
-22.240872357384635,0.9566410080459558
-22.230872357384634,0.9566441394567547
-22.220872357384632,0.9566472773712649
-22.21087235738463,0.9566504218003807
-22.20087235738463,0.956653572755007
-22.190872357384627,0.9566567302460592
-22.180872357384626,0.9566598942844631
-22.170872357384624,0.9566630648811547
-22.160872357384623,0.9566662420470806
-22.15087235738462,0.9566694257931977
-22.14087235738462,0.956672616130473
-22.130872357384618,0.9566758130698845
-22.120872357384616,0.9566790166224195
-22.110872357384615,0.9566822267990767
-22.100872357384613,0.9566854436108642
-22.09087235738461,0.9566886670688006
-22.08087235738461,0.9566918971839151
-22.07087235738461,0.9566951339672469
-22.060872357384607,0.9566983774298451
-22.050872357384605,0.9567016275827694
-22.040872357384604,0.9567048844370896
-22.030872357384602,0.9567081480038856
-22.0208723573846,0.9567114182942473
-22.0108723573846,0.9567146953192749
-22.000872357384598,0.9567179790900787
-21.990872357384596,0.956721269617779
-21.980872357384595,0.9567245669135063
-21.970872357384593,0.9567278709884008
-21.96087235738459,0.9567311818536135
-21.95087235738459,0.9567344995203043
-21.94087235738459,0.956737823999644
-21.930872357384587,0.9567411553028131
-21.920872357384585,0.9567444934410018
-21.910872357384584,0.9567478384254107
-21.900872357384582,0.9567511902672499
-21.89087235738458,0.9567545489777394
-21.88087235738458,0.9567579145681095
-21.870872357384577,0.9567612870496001
-21.860872357384576,0.9567646664334608
-21.850872357384574,0.9567680527309512
-21.840872357384573,0.9567714459533407
-21.83087235738457,0.9567748461119083
-21.82087235738457,0.956778253217943
-21.810872357384568,0.9567816672827434
-21.800872357384566,0.9567850883176178
-21.790872357384565,0.9567885163338843
-21.780872357384563,0.9567919513428704
-21.77087235738456,0.9567953933559138
-21.76087235738456,0.9567988423843613
-21.75087235738456,0.9568022984395695
-21.740872357384557,0.9568057615329046
-21.730872357384555,0.9568092316757427
-21.720872357384554,0.9568127088794687
-21.710872357384552,0.9568161931554776
-21.70087235738455,0.9568196845151737
-21.69087235738455,0.956823182969971
-21.680872357384548,0.9568266885312929
-21.670872357384546,0.9568302012105718
-21.660872357384545,0.9568337210192501
-21.650872357384543,0.9568372479687794
-21.64087235738454,0.9568407820706206
-21.63087235738454,0.9568443233362439
-21.62087235738454,0.956847871777129
-21.610872357384537,0.9568514274047649
-21.600872357384535,0.9568549902306498
-21.590872357384534,0.956858560266291
-21.580872357384532,0.9568621375232054
-21.57087235738453,0.956865722012919
-21.56087235738453,0.9568693137469666
-21.550872357384527,0.9568729127368927
-21.540872357384526,0.9568765189942509
-21.530872357384524,0.9568801325306033
-21.520872357384523,0.9568837533575221
-21.51087235738452,0.9568873814865877
-21.50087235738452,0.9568910169293897
-21.490872357384518,0.9568946596975274
-21.480872357384516,0.9568983098026083
-21.470872357384515,0.9569019672562492
-21.460872357384513,0.9569056320700758
-21.45087235738451,0.9569093042557227
-21.44087235738451,0.9569129838248337
-21.43087235738451,0.956916670789061
-21.420872357384507,0.956920365160066
-21.410872357384505,0.9569240669495187
-21.400872357384504,0.9569277761690982
-21.390872357384502,0.9569314928304921
-21.3808723573845,0.9569352169453967
-21.3708723573845,0.9569389485255174
-21.360872357384498,0.956942687582568
-21.350872357384496,0.9569464341282709
-21.340872357384495,0.9569501881743573
-21.330872357384493,0.9569539497325671
-21.32087235738449,0.9569577188146488
-21.31087235738449,0.956961495432359
-21.30087235738449,0.9569652795974637
-21.290872357384487,0.9569690713217365
-21.280872357384485,0.95697287061696
-21.270872357384484,0.9569766774949254
-21.260872357384482,0.9569804919674318
-21.25087235738448,0.9569843140462873
-21.24087235738448,0.9569881437433077
-21.230872357384477,0.9569919810703179
-21.220872357384476,0.9569958260391506
-21.210872357384474,0.9569996786616469
-21.200872357384473,0.9570035389496563
-21.19087235738447,0.9570074069150365
-21.18087235738447,0.9570112825696534
-21.170872357384468,0.9570151659253808
-21.160872357384466,0.9570190569941012
-21.150872357384465,0.9570229557877048
-21.140872357384463,0.9570268623180901
-21.13087235738446,0.9570307765971635
-21.12087235738446,0.9570346986368397
-21.11087235738446,0.957038628449041
-21.100872357384457,0.957042566045698
-21.090872357384455,0.9570465114387494
-21.080872357384454,0.9570504646401414
-21.070872357384452,0.9570544256618285
-21.06087235738445,0.9570583945157726
-21.05087235738445,0.9570623712139438
-21.040872357384448,0.95706635576832
-21.030872357384446,0.9570703481908865
-21.020872357384444,0.9570743484936369
-21.010872357384443,0.957078356688572
-21.00087235738444,0.9570823727877008
-20.99087235738444,0.9570863968030393
-20.98087235738444,0.9570904287466117
-20.970872357384437,0.9570944686304494
-20.960872357384435,0.9570985164665916
-20.950872357384434,0.957102572267085
-20.940872357384432,0.9571066360439836
-20.93087235738443,0.9571107078093493
-20.92087235738443,0.9571147875752506
-20.910872357384427,0.9571188753537644
-20.900872357384426,0.9571229711569743
-20.890872357384424,0.9571270749969716
-20.880872357384423,0.9571311868858545
-20.87087235738442,0.9571353068357289
-20.86087235738442,0.9571394348587077
-20.850872357384418,0.9571435709669109
-20.840872357384416,0.957147715172466
-20.830872357384415,0.9571518674875075
-20.820872357384413,0.9571560279241768
-20.81087235738441,0.9571601964946226
-20.80087235738441,0.9571643732110007
-20.79087235738441,0.9571685580854737
-20.780872357384407,0.9571727511302113
-20.770872357384405,0.9571769523573901
-20.760872357384404,0.9571811617791938
-20.750872357384402,0.9571853794078123
-20.7408723573844,0.9571896052554433
-20.7308723573844,0.9571938393342907
-20.720872357384398,0.9571980816565652
-20.710872357384396,0.9572023322344845
-20.700872357384394,0.9572065910802726
-20.690872357384393,0.9572108582061607
-20.68087235738439,0.9572151336243859
-20.67087235738439,0.9572194173471927
-20.660872357384388,0.9572237093868318
-20.650872357384387,0.9572280097555601
-20.640872357384385,0.9572323184656416
-20.630872357384384,0.9572366355293463
-20.620872357384382,0.9572409609589507
-20.61087235738438,0.957245294766738
-20.60087235738438,0.9572496369649972
-20.590872357384377,0.9572539875660241
-20.580872357384376,0.9572583465821206
-20.570872357384374,0.9572627140255946
-20.560872357384373,0.9572670899087606
-20.55087235738437,0.9572714742439392
-20.54087235738437,0.9572758670434567
-20.530872357384368,0.9572802683196459
-20.520872357384366,0.9572846780848456
-20.510872357384365,0.9572890963514005
-20.500872357384363,0.9572935231316614
-20.49087235738436,0.9572979584379848
-20.48087235738436,0.9573024022827337
-20.47087235738436,0.957306854678276
-20.460872357384357,0.9573113156369865
-20.450872357384355,0.9573157851712448
-20.440872357384354,0.957320263293437
-20.430872357384352,0.9573247500159543
-20.42087235738435,0.9573292453511943
-20.41087235738435,0.9573337493115596
-20.400872357384348,0.9573382619094586
-20.390872357384346,0.9573427831573054
-20.380872357384344,0.9573473130675192
-20.370872357384343,0.9573518516525252
-20.36087235738434,0.9573563989247539
-20.35087235738434,0.9573609548966409
-20.340872357384338,0.9573655195806273
-20.330872357384337,0.95737009298916
-20.320872357384335,0.9573746751346902
-20.310872357384333,0.9573792660296753
-20.300872357384332,0.9573838656865773
-20.29087235738433,0.9573884741178637
-20.28087235738433,0.9573930913360067
-20.270872357384327,0.9573977173534841
-20.260872357384326,0.9574023521827785
-20.250872357384324,0.9574069958363773
-20.240872357384323,0.9574116483267732
-20.23087235738432,0.9574163096664634
-20.22087235738432,0.9574209798679504
-20.210872357384318,0.9574256589437414
-20.200872357384316,0.9574303469063482
-20.190872357384315,0.9574350437682875
-20.180872357384313,0.9574397495420808
-20.17087235738431,0.9574444642402539
-20.16087235738431,0.9574491878753376
-20.15087235738431,0.9574539204598672
-20.140872357384307,0.9574586620063824
-20.130872357384305,0.9574634125274276
-20.120872357384304,0.9574681720355512
-20.110872357384302,0.9574729405433067
-20.1008723573843,0.9574777180632512
-20.0908723573843,0.9574825046079468
-20.080872357384298,0.9574873001899595
-20.070872357384296,0.9574921048218596
-20.060872357384294,0.9574969185162217
-20.050872357384293,0.9575017412856242
-20.04087235738429,0.95750657314265
-20.03087235738429,0.9575114140998858
-20.020872357384288,0.9575162641699226
-20.010872357384287,0.9575211233653552
-20.000872357384285,0.9575259916987822
-19.990872357384283,0.957530869182806
-19.980872357384282,0.9575357558300334
-19.97087235738428,0.9575406516530743
-19.96087235738428,0.9575455566645429
-19.950872357384277,0.9575504708770568
-19.940872357384276,0.9575553943032372
-19.930872357384274,0.9575603269557091
-19.920872357384273,0.9575652688471011
-19.91087235738427,0.957570219990045
-19.90087235738427,0.9575751803971764
-19.890872357384268,0.957580150081134
-19.880872357384266,0.9575851290545604
-19.870872357384265,0.9575901173301009
-19.860872357384263,0.9575951149204047
-19.85087235738426,0.9576001218381236
-19.84087235738426,0.9576051380959132
-19.83087235738426,0.9576101637064319
-19.820872357384257,0.9576151986823412
-19.810872357384255,0.9576202430363058
-19.800872357384254,0.9576252967809933
-19.790872357384252,0.9576303599290743
-19.78087235738425,0.9576354324932222
-19.77087235738425,0.9576405144861136
-19.760872357384248,0.9576456059204275
-19.750872357384246,0.9576507068088458
-19.740872357384244,0.9576558171640531
-19.730872357384243,0.9576609369987369
-19.72087235738424,0.957666066325587
-19.71087235738424,0.957671205157296
-19.700872357384238,0.9576763535065589
-19.690872357384237,0.9576815113860734
-19.680872357384235,0.9576866788085391
-19.670872357384233,0.9576918557866585
-19.660872357384232,0.9576970423331361
-19.65087235738423,0.957702238460679
-19.64087235738423,0.9577074441819964
-19.630872357384227,0.9577126595097994
-19.620872357384226,0.9577178844568015
-19.610872357384224,0.9577231190357184
-19.600872357384223,0.9577283632592675
-19.59087235738422,0.9577336171401684
-19.58087235738422,0.9577388806911424
-19.570872357384218,0.9577441539249131
-19.560872357384216,0.9577494368542055
-19.550872357384215,0.9577547294917467
-19.540872357384213,0.9577600318502651
-19.53087235738421,0.9577653439424914
-19.52087235738421,0.9577706657811572
-19.51087235738421,0.9577759973789963
-19.500872357384207,0.9577813387487436
-19.490872357384205,0.9577866899031358
-19.480872357384204,0.9577920508549106
-19.470872357384202,0.9577974216168076
-19.4608723573842,0.957802802201567
-19.4508723573842,0.9578081926219311
-19.440872357384197,0.9578135928906427
-19.430872357384196,0.9578190030204463
-19.420872357384194,0.9578244230240869
-19.410872357384193,0.9578298529143111
-19.40087235738419,0.9578352927038664
-19.39087235738419,0.9578407424055009
-19.380872357384188,0.9578462020319639
-19.370872357384187,0.9578516715960056
-19.360872357384185,0.9578571511103765
-19.350872357384183,0.9578626405878288
-19.340872357384182,0.957868140041114
-19.33087235738418,0.9578736494829855
-19.32087235738418,0.9578791689261965
-19.310872357384177,0.9578846983835012
-19.300872357384176,0.9578902378676538
-19.290872357384174,0.9578957873914091
-19.280872357384172,0.9579013469675227
-19.27087235738417,0.9579069166087496
-19.26087235738417,0.9579124963278456
-19.250872357384168,0.9579180861375669
-19.240872357384166,0.9579236860506692
-19.230872357384165,0.957929296079909
-19.220872357384163,0.9579349162380421
-19.21087235738416,0.9579405465378248
-19.20087235738416,0.957946186992013
-19.19087235738416,0.9579518376133627
-19.180872357384157,0.9579574984146295
-19.170872357384155,0.957963169408569
-19.160872357384154,0.9579688506079361
-19.150872357384152,0.9579745420254857
-19.14087235738415,0.957980243673972
-19.13087235738415,0.9579859555661492
-19.120872357384147,0.9579916777147701
-19.110872357384146,0.9579974101325877
-19.100872357384144,0.958003152832354
-19.090872357384143,0.9580089058268205
-19.08087235738414,0.9580146691287375
-19.07087235738414,0.9580204427508551
-19.060872357384138,0.958026226705922
-19.050872357384137,0.9580320210066862
-19.040872357384135,0.9580378256658946
-19.030872357384133,0.9580436406962932
-19.020872357384132,0.9580494661106269
-19.01087235738413,0.9580553019216391
-19.00087235738413,0.9580611481420724
-18.990872357384127,0.9580670047846679
-18.980872357384126,0.9580728718621653
-18.970872357384124,0.958078749387303
-18.960872357384122,0.958084637372818
-18.95087235738412,0.9580905358314459
-18.94087235738412,0.95809644477592
-18.930872357384118,0.958102364218973
-18.920872357384116,0.9581082941733352
-18.910872357384115,0.9581142346517353
-18.900872357384113,0.9581201856669003
-18.89087235738411,0.9581261472315552
-18.88087235738411,0.9581321193584232
-18.87087235738411,0.9581381020602256
-18.860872357384107,0.9581440953496813
-18.850872357384105,0.9581500992395072
-18.840872357384104,0.9581561137424183
-18.830872357384102,0.958162138871127
-18.8208723573841,0.9581681746383437
-18.8108723573841,0.9581742210567762
-18.800872357384097,0.9581802781391303
-18.790872357384096,0.9581863458981087
-18.780872357384094,0.9581924243464122
-18.770872357384093,0.9581985134967385
-18.76087235738409,0.9582046133617829
-18.75087235738409,0.9582107239542379
-18.740872357384088,0.9582168452867934
-18.730872357384087,0.9582229773721364
-18.720872357384085,0.9582291202229506
-18.710872357384083,0.9582352738519172
-18.700872357384082,0.9582414382717144
-18.69087235738408,0.9582476134950169
-18.68087235738408,0.9582537995344966
-18.670872357384077,0.9582599964028221
-18.660872357384076,0.9582662041126587
-18.650872357384074,0.9582724226766685
-18.640872357384072,0.9582786521075097
-18.63087235738407,0.958284892417838
-18.62087235738407,0.9582911436203044
-18.610872357384068,0.9582974057275573
-18.600872357384066,0.9583036787522409
-18.590872357384065,0.958309962706996
-18.580872357384063,0.9583162576044593
-18.57087235738406,0.9583225634572639
-18.56087235738406,0.9583288802780389
-18.55087235738406,0.9583352080794096
-18.540872357384057,0.9583415468739971
-18.530872357384055,0.9583478966744184
-18.520872357384054,0.9583542574932865
-18.510872357384052,0.9583606293432101
-18.50087235738405,0.9583670122367933
-18.49087235738405,0.9583734061866366
-18.480872357384047,0.9583798112053353
-18.470872357384046,0.9583862273054807
-18.460872357384044,0.9583926544996595
-18.450872357384043,0.9583990928004535
-18.44087235738404,0.9584055422204404
-18.43087235738404,0.9584120027721924
-18.420872357384038,0.9584184744682777
-18.410872357384036,0.9584249573212592
-18.400872357384035,0.9584314513436947
-18.390872357384033,0.9584379565481373
-18.380872357384032,0.9584444729471353
-18.37087235738403,0.9584510005532312
-18.36087235738403,0.9584575393789628
-18.350872357384027,0.9584640894368626
-18.340872357384026,0.9584706507394575
-18.330872357384024,0.9584772232992694
-18.320872357384022,0.9584838071288144
-18.31087235738402,0.9584904022406034
-18.30087235738402,0.9584970086471416
-18.290872357384018,0.9585036263609283
-18.280872357384016,0.9585102553944574
-18.270872357384015,0.9585168957602168
-18.260872357384013,0.9585235474706889
-18.25087235738401,0.9585302105383499
-18.24087235738401,0.9585368849756698
-18.23087235738401,0.9585435707951131
-18.220872357384007,0.9585502680091378
-18.210872357384005,0.9585569766301959
-18.200872357384004,0.958563696670733
-18.190872357384002,0.9585704281431884
-18.180872357384,0.9585771710599953
-18.170872357384,0.9585839254335801
-18.160872357383997,0.9585906912763628
-18.150872357383996,0.9585974686007567
-18.140872357383994,0.9586042574191689
-18.130872357383993,0.9586110577439992
-18.12087235738399,0.958617869587641
-18.11087235738399,0.9586246929624805
-18.100872357383988,0.9586315278808976
-18.090872357383986,0.9586383743552644
-18.080872357383985,0.9586452323979466
-18.070872357383983,0.9586521020213025
-18.060872357383982,0.958658983237683
-18.05087235738398,0.9586658760594322
-18.04087235738398,0.9586727804988866
-18.030872357383977,0.9586796965683753
-18.020872357383976,0.9586866242802199
-18.010872357383974,0.9586935636467346
-18.000872357383972,0.9587005146802259
-17.99087235738397,0.9587074773929928
-17.98087235738397,0.9587144517973261
-17.970872357383968,0.9587214379055092
-17.960872357383966,0.9587284357298178
-17.950872357383965,0.958735445282519
-17.940872357383963,0.9587424665758725
-17.93087235738396,0.9587494996221294
-17.92087235738396,0.9587565444335332
-17.91087235738396,0.9587636010223186
-17.900872357383957,0.9587706694007126
-17.890872357383955,0.9587777495809332
-17.880872357383954,0.9587848415751905
-17.870872357383952,0.9587919453956859
-17.86087235738395,0.9587990610546119
-17.85087235738395,0.958806188564153
-17.840872357383947,0.9588133279364844
-17.830872357383946,0.9588204791837729
-17.820872357383944,0.9588276423181764
-17.810872357383943,0.9588348173518436
-17.80087235738394,0.9588420042969145
-17.79087235738394,0.9588492031655198
-17.780872357383938,0.9588564139697814
-17.770872357383936,0.9588636367218116
-17.760872357383935,0.9588708714337137
-17.750872357383933,0.9588781181175817
-17.74087235738393,0.9588853767854999
-17.73087235738393,0.9588926474495434
-17.72087235738393,0.9588999301217774
-17.710872357383927,0.9589072248142578
-17.700872357383926,0.9589145315390308
-17.690872357383924,0.9589218503081326
-17.680872357383922,0.9589291811335897
-17.67087235738392,0.9589365240274188
-17.66087235738392,0.9589438790016264
-17.650872357383918,0.9589512460682088
-17.640872357383916,0.9589586252391529
-17.630872357383915,0.9589660165264345
-17.620872357383913,0.9589734199420199
-17.61087235738391,0.9589808354978644
-17.60087235738391,0.9589882632059135
-17.59087235738391,0.9589957030781017
-17.580872357383907,0.9590031551263533
-17.570872357383905,0.9590106193625818
-17.560872357383904,0.9590180957986904
-17.550872357383902,0.9590255844465706
-17.5408723573839,0.9590330853181042
-17.5308723573839,0.9590405984251612
-17.520872357383897,0.9590481237796012
-17.510872357383896,0.9590556613932726
-17.500872357383894,0.9590632112780123
-17.490872357383893,0.9590707734456466
-17.48087235738389,0.9590783479079901
-17.47087235738389,0.9590859346768463
-17.460872357383888,0.9590935337640071
-17.450872357383886,0.959101145181253
-17.440872357383885,0.9591087689403531
-17.430872357383883,0.9591164050530646
-17.42087235738388,0.9591240535311333
-17.41087235738388,0.959131714386293
-17.40087235738388,0.9591393876302655
-17.390872357383877,0.9591470732747612
-17.380872357383875,0.9591547713314781
-17.370872357383874,0.9591624818121023
-17.360872357383872,0.9591702047283078
-17.35087235738387,0.9591779400917562
-17.34087235738387,0.9591856879140971
-17.330872357383868,0.9591934482069674
-17.320872357383866,0.9592012209819921
-17.310872357383865,0.9592090062507831
-17.300872357383863,0.9592168040249401
-17.29087235738386,0.9592246143160503
-17.28087235738386,0.9592324371356877
-17.27087235738386,0.9592402724954141
-17.260872357383857,0.9592481204067779
-17.250872357383855,0.9592559808813149
-17.240872357383854,0.9592638539305479
-17.230872357383852,0.9592717395659864
-17.22087235738385,0.9592796377991271
-17.21087235738385,0.959287548641453
-17.200872357383847,0.9592954721044346
-17.190872357383846,0.9593034081995281
-17.180872357383844,0.9593113569381767
-17.170872357383843,0.9593193183318103
-17.16087235738384,0.9593272923918451
-17.15087235738384,0.9593352791296832
-17.140872357383838,0.9593432785567135
-17.130872357383836,0.9593512906843112
-17.120872357383835,0.959359315523837
-17.110872357383833,0.9593673530866382
-17.10087235738383,0.959375403384048
-17.09087235738383,0.9593834664273851
-17.08087235738383,0.9593915422279548
-17.070872357383827,0.9593996307970474
-17.060872357383825,0.9594077321459392
-17.050872357383824,0.9594158462858923
-17.040872357383822,0.9594239732281542
-17.03087235738382,0.9594321129839577
-17.02087235738382,0.9594402655645213
-17.010872357383818,0.9594484309810487
-17.000872357383816,0.9594566092447288
-16.990872357383815,0.9594648003667356
-16.980872357383813,0.9594730043582286
-16.97087235738381,0.959481221230352
-16.96087235738381,0.9594894509942348
-16.95087235738381,0.9594976936609916
-16.940872357383807,0.959505949241721
-16.930872357383805,0.9595142177475068
-16.920872357383804,0.9595224991894175
-16.910872357383802,0.959530793578506
-16.9008723573838,0.9595391009258099
-16.8908723573838,0.959547421242351
-16.880872357383797,0.9595557545391359
-16.870872357383796,0.959564100827155
-16.860872357383794,0.9595724601173836
-16.850872357383793,0.9595808324207805
-16.84087235738379,0.959589217748289
-16.83087235738379,0.9595976161108363
-16.820872357383788,0.9596060275193333
-16.810872357383786,0.9596144519846754
-16.800872357383785,0.9596228895177414
-16.790872357383783,0.9596313401293938
-16.78087235738378,0.9596398038304786
-16.77087235738378,0.959648280631826
-16.76087235738378,0.9596567705442491
-16.750872357383777,0.9596652735785449
-16.740872357383775,0.9596737897454932
-16.730872357383774,0.9596823190558579
-16.720872357383772,0.9596908615203853
-16.71087235738377,0.9596994171498057
-16.70087235738377,0.9597079859548314
-16.690872357383768,0.9597165679461588
-16.680872357383766,0.9597251631344667
-16.670872357383764,0.9597337715304166
-16.660872357383763,0.9597423931446534
-16.65087235738376,0.9597510279878042
-16.64087235738376,0.9597596760704789
-16.63087235738376,0.9597683374032699
-16.620872357383757,0.9597770119967525
-16.610872357383755,0.9597856998614838
-16.600872357383754,0.9597944010080038
-16.590872357383752,0.9598031154468346
-16.58087235738375,0.9598118431884806
-16.57087235738375,0.959820584243428
-16.560872357383747,0.9598293386221456
-16.550872357383746,0.9598381063350839
-16.540872357383744,0.9598468873926754
-16.530872357383743,0.9598556818053344
-16.52087235738374,0.9598644895834572
-16.51087235738374,0.9598733107374215
-16.500872357383738,0.9598821452775871
-16.490872357383736,0.9598909932142948
-16.480872357383735,0.9598998545578674
-16.470872357383733,0.959908729318609
-16.46087235738373,0.9599176175068052
-16.45087235738373,0.9599265191327222
-16.44087235738373,0.9599354342066084
-16.430872357383727,0.9599443627386928
-16.420872357383725,0.9599533047391857
-16.410872357383724,0.9599622602182782
-16.400872357383722,0.9599712291861424
-16.39087235738372,0.9599802116529316
-16.38087235738372,0.9599892076287794
-16.370872357383718,0.9599982171238004
-16.360872357383716,0.96000724014809
-16.350872357383714,0.9600162767117238
-16.340872357383713,0.9600253268247586
-16.33087235738371,0.9600343904972307
-16.32087235738371,0.9600434677391576
-16.310872357383708,0.9600525585605367
-16.300872357383707,0.960061662971346
-16.290872357383705,0.9600707809815432
-16.280872357383704,0.9600799126010663
-16.270872357383702,0.9600890578398337
-16.2608723573837,0.9600982167077431
-16.2508723573837,0.9601073892146726
-16.240872357383697,0.9601165753704801
-16.230872357383696,0.9601257751850031
-16.220872357383694,0.9601349886680587
-16.210872357383693,0.9601442158294439
-16.20087235738369,0.9601534566789349
-16.19087235738369,0.9601627112262879
-16.180872357383688,0.9601719794812381
-16.170872357383686,0.9601812614535001
-16.160872357383685,0.9601905571527681
-16.150872357383683,0.960199866588715
-16.14087235738368,0.9602091897709932
-16.13087235738368,0.9602185267092341
-16.12087235738368,0.9602278774130482
-16.110872357383677,0.9602372418920245
-16.100872357383675,0.9602466201557317
-16.090872357383674,0.9602560122137165
-16.080872357383672,0.9602654180755048
-16.07087235738367,0.960274837750601
-16.06087235738367,0.960284271248488
-16.050872357383668,0.9602937185786277
-16.040872357383666,0.9603031797504599
-16.030872357383664,0.9603126547734031
-16.020872357383663,0.9603221436568542
-16.01087235738366,0.9603316464101882
-16.00087235738366,0.9603411630427584
-15.990872357383658,0.9603506935638961
-15.980872357383657,0.9603602379829109
-15.970872357383655,0.9603697963090904
-15.960872357383654,0.9603793685516997
-15.950872357383652,0.9603889547199825
-15.94087235738365,0.9603985548231597
-15.930872357383649,0.9604081688704302
-15.920872357383647,0.9604177968709705
-15.910872357383646,0.9604274388339349
-15.900872357383644,0.9604370947684551
-15.890872357383643,0.9604467646836401
-15.880872357383641,0.9604564485885767
-15.87087235738364,0.9604661464923286
-15.860872357383638,0.9604758584039376
-15.850872357383636,0.9604855843324217
-15.840872357383635,0.9604953242867766
-15.830872357383633,0.9605050782759752
-15.820872357383632,0.9605148463089672
-15.81087235738363,0.9605246283946794
-15.800872357383628,0.9605344245420155
-15.790872357383627,0.960544234759856
-15.780872357383625,0.9605540590570579
-15.770872357383624,0.9605638974424555
-15.760872357383622,0.9605737499248596
-15.75087235738362,0.960583616513057
-15.74087235738362,0.9605934972158118
-15.730872357383618,0.960603392041864
-15.720872357383616,0.9606133009999306
-15.710872357383614,0.9606232240987043
-15.700872357383613,0.9606331613468544
-15.690872357383611,0.9606431127530265
-15.68087235738361,0.9606530783258422
-15.670872357383608,0.9606630580738992
-15.660872357383607,0.9606730520057715
-15.650872357383605,0.9606830601300086
-15.640872357383603,0.9606930824551362
-15.630872357383602,0.960703118989656
-15.6208723573836,0.9607131697420451
-15.610872357383599,0.9607232347207567
-15.600872357383597,0.9607333139342195
-15.590872357383596,0.9607434073908376
-15.580872357383594,0.9607535150989913
-15.570872357383593,0.9607636370670357
-15.560872357383591,0.9607737733033016
-15.55087235738359,0.9607839238160953
-15.540872357383588,0.9607940886136982
-15.530872357383586,0.9608042677043671
-15.520872357383585,0.960814461096334
-15.510872357383583,0.9608246687978058
-15.500872357383582,0.9608348908169649
-15.49087235738358,0.9608451271619685
-15.480872357383578,0.9608553778409484
-15.470872357383577,0.9608656428620123
-15.460872357383575,0.9608759222332416
-15.450872357383574,0.9608862159626931
-15.440872357383572,0.9608965240583984
-15.43087235738357,0.9609068465283637
-15.420872357383569,0.9609171833805695
-15.410872357383568,0.9609275346229713
-15.400872357383566,0.9609379002634988
-15.390872357383564,0.9609482803100564
-15.380872357383563,0.9609586747705228
-15.370872357383561,0.9609690836527511
-15.36087235738356,0.9609795069645685
-15.350872357383558,0.9609899447137765
-15.340872357383557,0.9610003969081509
-15.330872357383555,0.9610108635554417
-15.320872357383553,0.9610213446633726
-15.310872357383552,0.9610318402396418
-15.30087235738355,0.9610423502919211
-15.290872357383549,0.9610528748278563
-15.280872357383547,0.961063413855067
-15.270872357383546,0.9610739673811468
-15.260872357383544,0.961084535413663
-15.250872357383543,0.9610951179601563
-15.240872357383541,0.9611057150281417
-15.23087235738354,0.9611163266251068
-15.220872357383538,0.9611269527585137
-15.210872357383536,0.9611375934357976
-15.200872357383535,0.9611482486643669
-15.190872357383533,0.9611589184516037
-15.180872357383532,0.9611696028048635
-15.17087235738353,0.9611803017314748
-15.160872357383528,0.9611910152387396
-15.150872357383527,0.9612017433339329
-15.140872357383525,0.9612124860243029
-15.130872357383524,0.9612232433170709
-15.120872357383522,0.9612340152194311
-15.11087235738352,0.9612448017385509
-15.100872357383519,0.9612556028815706
-15.090872357383518,0.9612664186556034
-15.080872357383516,0.9612772490677349
-15.070872357383514,0.9612880941250244
-15.060872357383513,0.961298953834503
-15.050872357383511,0.9613098282031751
-15.04087235738351,0.9613207172380175
-15.030872357383508,0.9613316209459797
-15.020872357383507,0.9613425393339836
-15.010872357383505,0.9613534724089239
-15.000872357383503,0.9613644201776674
-14.990872357383502,0.9613753826470537
-14.9808723573835,0.9613863598238945
-14.970872357383499,0.9613973517149741
-14.960872357383497,0.9614083583270486
-14.950872357383496,0.9614193796668469
-14.940872357383494,0.9614304157410696
-14.930872357383492,0.9614414665563897
-14.920872357383491,0.9614525321194525
-14.91087235738349,0.961463612436875
-14.900872357383488,0.9614747075152462
-14.890872357383486,0.9614858173611275
-14.880872357383485,0.961496941981052
-14.870872357383483,0.9615080813815245
-14.860872357383482,0.9615192355690219
-14.85087235738348,0.9615304045499926
-14.840872357383478,0.9615415883308575
-14.830872357383477,0.9615527869180082
-14.820872357383475,0.9615640003178088
-14.810872357383474,0.9615752285365944
-14.800872357383472,0.9615864715806726
-14.79087235738347,0.9615977294563214
-14.780872357383469,0.9616090021697914
-14.770872357383467,0.9616202897273041
-14.760872357383466,0.9616315921350523
-14.750872357383464,0.9616429093992008
-14.740872357383463,0.9616542415258853
-14.730872357383461,0.9616655885212129
-14.72087235738346,0.9616769503912622
-14.710872357383458,0.9616883271420829
-14.700872357383457,0.9616997187796957
-14.690872357383455,0.9617111253100931
-14.680872357383453,0.9617225467392383
-14.670872357383452,0.9617339830730653
-14.66087235738345,0.96174543431748
-14.650872357383449,0.9617569004783587
-14.640872357383447,0.9617683815615489
-14.630872357383446,0.961779877572869
-14.620872357383444,0.9617913885181085
-14.610872357383442,0.9618029144030278
-14.600872357383441,0.961814455233358
-14.59087235738344,0.9618260110148008
-14.580872357383438,0.9618375817530296
-14.570872357383436,0.9618491674536875
-14.560872357383435,0.961860768122389
-14.550872357383433,0.9618723837647191
-14.540872357383432,0.9618840143862334
-14.53087235738343,0.9618956599924585
-14.520872357383428,0.9619073205888912
-14.510872357383427,0.9619189961809989
-14.500872357383425,0.9619306867742199
-14.490872357383424,0.9619423923739627
-14.480872357383422,0.9619541129856064
-14.47087235738342,0.9619658486145006
-14.460872357383419,0.9619775992659654
-14.450872357383417,0.9619893649452911
-14.440872357383416,0.9620011456577383
-14.430872357383414,0.9620129414085384
-14.420872357383413,0.962024752202893
-14.410872357383411,0.9620365780459735
-14.40087235738341,0.9620484189429221
-14.390872357383408,0.9620602748988512
-14.380872357383407,0.962072145918843
-14.370872357383405,0.9620840320079506
-14.360872357383403,0.9620959331711965
-14.350872357383402,0.9621078494135739
-14.3408723573834,0.9621197807400459
-14.330872357383399,0.9621317271555458
-14.320872357383397,0.9621436886649769
-14.310872357383396,0.9621556652732124
-14.300872357383394,0.9621676569850959
-14.290872357383392,0.9621796638054406
-14.280872357383391,0.9621916857390301
-14.27087235738339,0.9622037227906177
-14.260872357383388,0.9622157749649267
-14.250872357383386,0.9622278422666501
-14.240872357383385,0.9622399247004513
-14.230872357383383,0.9622520222709632
-14.220872357383382,0.9622641349827888
-14.21087235738338,0.9622762628405006
-14.200872357383378,0.9622884058486413
-14.190872357383377,0.9623005640117233
-14.180872357383375,0.9623127373342285
-14.170872357383374,0.9623249258206092
-14.160872357383372,0.9623371294752868
-14.15087235738337,0.962349348302653
-14.140872357383369,0.9623615823070686
-14.130872357383367,0.9623738314928646
-14.120872357383366,0.9623860958643417
-14.110872357383364,0.96239837542577
-14.100872357383363,0.9624106701813895
-14.090872357383361,0.9624229801354097
-14.08087235738336,0.9624353052920098
-14.070872357383358,0.9624476456553388
-14.060872357383357,0.9624600012295148
-14.050872357383355,0.9624723720186262
-14.040872357383353,0.9624847580267304
-14.030872357383352,0.9624971592578546
-14.02087235738335,0.9625095757159959
-14.010872357383349,0.9625220074051204
-14.000872357383347,0.962534454329164
-13.990872357383346,0.9625469164920321
-13.980872357383344,0.9625593938975997
-13.970872357383342,0.9625718865497115
-13.96087235738334,0.9625843944521811
-13.95087235738334,0.9625969176087923
-13.940872357383338,0.9626094560232981
-13.930872357383336,0.9626220096994208
-13.920872357383335,0.9626345786408526
-13.910872357383333,0.962647162851255
-13.900872357383331,0.9626597623342585
-13.89087235738333,0.962672377093464
-13.880872357383328,0.9626850071324413
-13.870872357383327,0.9626976524547296
-13.860872357383325,0.9627103130638377
-13.850872357383324,0.9627229889632438
-13.840872357383322,0.9627356801563959
-13.83087235738332,0.9627483866467109
-13.820872357383319,0.9627611084375756
-13.810872357383317,0.9627738455323458
-13.800872357383316,0.9627865979343472
-13.790872357383314,0.9627993656468746
-13.780872357383313,0.9628121486731928
-13.770872357383311,0.962824947016535
-13.76087235738331,0.9628377606801051
-13.750872357383308,0.9628505896670755
-13.740872357383306,0.9628634339805885
-13.730872357383305,0.9628762936237558
-13.720872357383303,0.9628891685996587
-13.710872357383302,0.9629020589113474
-13.7008723573833,0.9629149645618421
-13.690872357383299,0.9629278855541324
-13.680872357383297,0.9629408218911774
-13.670872357383296,0.9629537735759055
-13.660872357383294,0.9629667406112145
-13.650872357383292,0.9629797229999721
-13.64087235738329,0.9629927207450153
-13.63087235738329,0.9630057338491504
-13.620872357383288,0.9630187623151535
-13.610872357383286,0.9630318061457702
-13.600872357383285,0.9630448653437156
-13.590872357383283,0.9630579399116742
-13.580872357383281,0.9630710298523002
-13.57087235738328,0.9630841351682174
-13.560872357383278,0.9630972558620191
-13.550872357383277,0.9631103919362682
-13.540872357383275,0.9631235433934974
-13.530872357383274,0.9631367102362086
-13.520872357383272,0.9631498924668737
-13.51087235738327,0.963163090087934
-13.500872357383269,0.9631763031018007
-13.490872357383267,0.9631895315108545
-13.480872357383266,0.9632027753174457
-13.470872357383264,0.9632160345238946
-13.460872357383263,0.9632293091324909
-13.450872357383261,0.9632425991454944
-13.44087235738326,0.9632559045651343
-13.430872357383258,0.9632692253936096
-13.420872357383256,0.9632825616330895
-13.410872357383255,0.9632959132857124
-13.400872357383253,0.963309280353587
-13.390872357383252,0.9633226628387916
-13.38087235738325,0.9633360607433747
-13.370872357383249,0.9633494740693542
-13.360872357383247,0.9633629028187183
-13.350872357383246,0.9633763469934249
-13.340872357383244,0.9633898065954021
-13.330872357383242,0.9634032816265476
-13.32087235738324,0.9634167720887296
-13.31087235738324,0.963430277983786
-13.300872357383238,0.9634437993135248
-13.290872357383236,0.963457336079724
-13.280872357383235,0.963470888284132
-13.270872357383233,0.963484455928467
-13.260872357383231,0.9634980390144177
-13.25087235738323,0.9635116375436427
-13.240872357383228,0.9635252515177708
-13.230872357383227,0.9635388809384012
-13.220872357383225,0.9635525258071036
-13.210872357383224,0.9635661861254173
-13.200872357383222,0.9635798618948528
-13.19087235738322,0.9635935531168902
-13.180872357383219,0.9636072597929807
-13.170872357383217,0.9636209819245452
-13.160872357383216,0.9636347195129755
-13.150872357383214,0.9636484725596339
-13.140872357383213,0.9636622410658533
-13.130872357383211,0.9636760250329368
-13.12087235738321,0.9636898244621585
-13.110872357383208,0.9637036393547627
-13.100872357383206,0.9637174697119648
-13.090872357383205,0.9637313155349507
-13.080872357383203,0.9637451768248771
-13.070872357383202,0.9637590535828715
-13.0608723573832,0.9637729458100323
-13.050872357383199,0.9637868535074283
-13.040872357383197,0.9638007766760998
-13.030872357383195,0.9638147153170578
-13.020872357383194,0.963828669431284
-13.010872357383192,0.9638426390197318
-13.00087235738319,0.963856624083325
-12.99087235738319,0.9638706246229588
-12.980872357383188,0.9638846406394996
-12.970872357383186,0.9638986721337849
-12.960872357383185,0.9639127191066234
-12.950872357383183,0.9639267815587952
-12.940872357383181,0.9639408594910515
-12.93087235738318,0.9639549529041154
-12.920872357383178,0.9639690617986806
-12.910872357383177,0.9639831861754131
-12.900872357383175,0.9639973260349499
-12.890872357383174,0.9640114813778998
-12.880872357383172,0.9640256522048433
-12.87087235738317,0.9640398385163319
-12.860872357383169,0.9640540403128897
-12.850872357383167,0.9640682575950121
-12.840872357383166,0.9640824903631665
-12.830872357383164,0.964096738617792
-12.820872357383163,0.9641110023592996
-12.810872357383161,0.9641252815880725
-12.80087235738316,0.9641395763044658
-12.790872357383158,0.9641538865088066
-12.780872357383156,0.9641682122013943
-12.770872357383155,0.9641825533825004
-12.760872357383153,0.9641969100523687
-12.750872357383152,0.9642112822112152
-12.74087235738315,0.9642256698592284
-12.730872357383149,0.9642400729965693
-12.720872357383147,0.9642544916233713
-12.710872357383145,0.96426892573974
-12.700872357383144,0.9642833753457541
-12.690872357383142,0.9642978404414649
-12.68087235738314,0.964312321026896
-12.67087235738314,0.9643268171020444
-12.660872357383138,0.9643413286668794
-12.650872357383136,0.9643558557213435
-12.640872357383135,0.9643703982653522
-12.630872357383133,0.964384956298794
-12.620872357383131,0.9643995298215303
-12.61087235738313,0.9644141188333961
-12.600872357383128,0.9644287233341993
-12.590872357383127,0.964443343323721
-12.580872357383125,0.964457978801716
-12.570872357383124,0.9644726297679125
-12.560872357383122,0.9644872962220119
-12.55087235738312,0.9645019781636898
-12.540872357383119,0.9645166755925946
-12.530872357383117,0.9645313885083491
-12.520872357383116,0.9645461169105495
-12.510872357383114,0.9645608607987664
-12.500872357383113,0.9645756201725435
-12.490872357383111,0.9645903950313992
-12.48087235738311,0.9646051853748259
-12.470872357383108,0.9646199912022896
-12.460872357383106,0.9646348125132312
-12.450872357383105,0.9646496493070658
-12.440872357383103,0.9646645015831825
-12.430872357383102,0.9646793693409451
-12.4208723573831,0.9646942525796922
-12.410872357383099,0.9647091512987366
-12.400872357383097,0.9647240654973659
-12.390872357383095,0.9647389951748425
-12.380872357383094,0.964753940330404
-12.370872357383092,0.9647689009632623
-12.36087235738309,0.9647838770726048
-12.35087235738309,0.9647988686575939
-12.340872357383088,0.9648138757173671
-12.330872357383086,0.9648288982510372
-12.320872357383085,0.9648439362576924
-12.310872357383083,0.9648589897363964
-12.300872357383081,0.9648740586861881
-12.29087235738308,0.9648891431060825
-12.280872357383078,0.9649042429950698
-12.270872357383077,0.9649193583521164
-12.260872357383075,0.9649344891761643
-12.250872357383074,0.9649496354661317
-12.240872357383072,0.9649647972209126
-12.23087235738307,0.9649799744393771
-12.220872357383069,0.9649951671203721
-12.210872357383067,0.96501037526272
-12.200872357383066,0.9650255988652203
-12.190872357383064,0.9650408379266485
-12.180872357383063,0.9650560924457571
-12.170872357383061,0.965071362421275
-12.16087235738306,0.9650866478519081
-12.150872357383058,0.965101948736339
-12.140872357383056,0.9651172650732276
-12.130872357383055,0.9651325968612106
-12.120872357383053,0.9651479440989017
-12.110872357383052,0.9651633067848923
-12.10087235738305,0.9651786849177509
-12.090872357383049,0.9651940784960238
-12.080872357383047,0.9652094875182343
-12.070872357383045,0.9652249119828838
-12.060872357383044,0.9652403518884516
-12.050872357383042,0.9652558072333943
-12.04087235738304,0.9652712780161471
-12.03087235738304,0.9652867642351226
-12.020872357383038,0.9653022658887125
-12.010872357383036,0.965317782975286
-12.000872357383034,0.965333315493191
-11.990872357383033,0.9653488634407539
-11.980872357383031,0.9653644268162797
-11.97087235738303,0.965380005618052
-11.960872357383028,0.9653955998443334
-11.950872357383027,0.9654112094933655
-11.940872357383025,0.9654268345633685
-11.930872357383024,0.9654424750525423
-11.920872357383022,0.9654581309590657
-11.91087235738302,0.9654738022810968
-11.900872357383019,0.9654894890167737
-11.890872357383017,0.9655051911642135
-11.880872357383016,0.9655209087215134
-11.870872357383014,0.9655366416867504
-11.860872357383013,0.965552390057981
-11.850872357383011,0.9655681538332423
-11.84087235738301,0.9655839330105515
-11.830872357383008,0.9655997275879057
-11.820872357383006,0.9656155375632827
-11.810872357383005,0.9656313629346409
-11.800872357383003,0.9656472036999192
-11.790872357383002,0.965663059857037
-11.780872357383,0.9656789314038954
-11.770872357382999,0.9656948183383753
-11.760872357382997,0.96571072065834
-11.750872357382995,0.965726638361633
-11.740872357382994,0.9657425714460797
-11.730872357382992,0.965758519909487
-11.72087235738299,0.9657744837496431
-11.71087235738299,0.9657904629643185
-11.700872357382988,0.9658064575512647
-11.690872357382986,0.9658224675082161
-11.680872357382984,0.9658384928328886
-11.670872357382983,0.9658545335229807
-11.660872357382981,0.965870589576173
-11.65087235738298,0.9658866609901288
-11.640872357382978,0.9659027477624939
-11.630872357382977,0.965918849890897
-11.620872357382975,0.9659349673729496
-11.610872357382974,0.9659511002062463
-11.600872357382972,0.9659672483883647
-11.59087235738297,0.9659834119168658
-11.580872357382969,0.9659995907892941
-11.570872357382967,0.9660157850031773
-11.560872357382966,0.9660319945560274
-11.550872357382964,0.9660482194453397
-11.540872357382963,0.9660644596685937
-11.530872357382961,0.9660807152232528
-11.52087235738296,0.966096986106765
-11.510872357382958,0.9661132723165623
-11.500872357382956,0.9661295738500614
-11.490872357382955,0.9661458907046636
-11.480872357382953,0.9661622228777551
-11.470872357382952,0.966178570366707
-11.46087235738295,0.9661949331688752
-11.450872357382949,0.9662113112816011
-11.440872357382947,0.9662277047022115
-11.430872357382945,0.9662441134280186
-11.420872357382944,0.9662605374563202
-11.410872357382942,0.9662769767844
-11.40087235738294,0.9662934314095276
-11.39087235738294,0.9663099013289586
-11.380872357382938,0.966326386539935
-11.370872357382936,0.9663428870396849
-11.360872357382934,0.9663594028254233
-11.350872357382933,0.9663759338943516
-11.340872357382931,0.9663924802436582
-11.33087235738293,0.9664090418705181
-11.320872357382928,0.9664256187720942
-11.310872357382927,0.9664422109455358
-11.300872357382925,0.9664588183879802
-11.290872357382923,0.966475441096552
-11.280872357382922,0.9664920790683637
-11.27087235738292,0.9665087323005157
-11.260872357382919,0.9665254007900963
-11.250872357382917,0.966542084534182
-11.240872357382916,0.9665587835298379
-11.230872357382914,0.9665754977741174
-11.220872357382913,0.9665922272640626
-11.210872357382911,0.9666089719967044
-11.20087235738291,0.9666257319690629
-11.190872357382908,0.966642507178147
-11.180872357382906,0.9666592976209553
-11.170872357382905,0.9666761032944754
-11.160872357382903,0.966692924195685
-11.150872357382902,0.9667097603215514
-11.1408723573829,0.9667266116690317
-11.130872357382898,0.9667434782350733
-11.120872357382897,0.966760360016614
-11.110872357382895,0.9667772570105819
-11.100872357382894,0.9667941692138954
-11.090872357382892,0.9668110966234641
-11.08087235738289,0.9668280392361885
-11.070872357382889,0.9668449970489602
-11.060872357382888,0.9668619700586619
-11.050872357382886,0.966878958262168
-11.040872357382884,0.9668959616563442
-11.030872357382883,0.9669129802380483
-11.020872357382881,0.9669300140041298
-11.01087235738288,0.9669470629514306
-11.000872357382878,0.9669641270767847
-10.990872357382877,0.9669812063770187
-10.980872357382875,0.9669983008489517
-10.970872357382873,0.9670154104893955
-10.960872357382872,0.9670325352951555
-10.95087235738287,0.9670496752630297
-10.940872357382869,0.9670668303898095
-10.930872357382867,0.9670840006722801
-10.920872357382866,0.9671011861072201
-10.910872357382864,0.9671183866914022
-10.900872357382863,0.9671356024215929
-10.890872357382861,0.9671528332945533
-10.88087235738286,0.9671700793070386
-10.870872357382858,0.9671873404557988
-10.860872357382856,0.9672046167375784
-10.850872357382855,0.9672219081491171
-10.840872357382853,0.9672392146871498
-10.830872357382852,0.9672565363484065
-10.82087235738285,0.9672738731296127
-10.810872357382848,0.9672912250274895
-10.800872357382847,0.9673085920387546
-10.790872357382845,0.9673259741601208
-10.780872357382844,0.9673433713882976
-10.770872357382842,0.9673607837199909
-10.76087235738284,0.9673782111519033
-10.750872357382839,0.9673956536807339
-10.740872357382838,0.9674131113031791
-10.730872357382836,0.9674305840159323
-10.720872357382834,0.9674480718156843
-10.710872357382833,0.9674655746991236
-10.700872357382831,0.9674830926629364
-10.69087235738283,0.9675006257038066
-10.680872357382828,0.9675181738184164
-10.670872357382827,0.9675357370034465
-10.660872357382825,0.967553315255576
-10.650872357382823,0.9675709085714824
-10.640872357382822,0.9675885169478428
-10.63087235738282,0.9676061403813325
-10.620872357382819,0.967623778868627
-10.610872357382817,0.9676414324064008
-10.600872357382816,0.9676591009913279
-10.590872357382814,0.9676767846200826
-10.580872357382813,0.9676944832893393
-10.570872357382811,0.9677121969957723
-10.56087235738281,0.9677299257360569
-10.550872357382808,0.9677476695068684
-10.540872357382806,0.9677654283048837
-10.530872357382805,0.9677832021267803
-10.520872357382803,0.9678009909692372
-10.510872357382802,0.9678187948289348
-10.5008723573828,0.9678366137025552
-10.490872357382798,0.9678544475867826
-10.480872357382797,0.9678722964783029
-10.470872357382795,0.9678901603738047
-10.460872357382794,0.9679080392699788
-10.450872357382792,0.9679259331635188
-10.44087235738279,0.9679438420511216
-10.430872357382789,0.9679617659294865
-10.420872357382787,0.9679797047953165
-10.410872357382786,0.9679976586453185
-10.400872357382784,0.9680156274762025
-10.390872357382783,0.968033611284683
-10.380872357382781,0.9680516100674783
-10.37087235738278,0.9680696238213112
-10.360872357382778,0.9680876525429093
-10.350872357382777,0.9681056962290044
-10.340872357382775,0.9681237548763342
-10.330872357382773,0.9681418284816409
-10.320872357382772,0.9681599170416723
-10.31087235738277,0.968178020553182
-10.300872357382769,0.9681961390129294
-10.290872357382767,0.9682142724176801
-10.280872357382766,0.9682324207642057
-10.270872357382764,0.9682505840492847
-10.260872357382762,0.9682687622697016
-10.250872357382761,0.9682869554222489
-10.24087235738276,0.9683051635037254
-10.230872357382758,0.9683233865109377
-10.220872357382756,0.9683416244406999
-10.210872357382755,0.9683598772898339
-10.200872357382753,0.9683781450551695
-10.190872357382752,0.9683964277335451
-10.18087235738275,0.9684147253218071
-10.170872357382748,0.9684330378168111
-10.160872357382747,0.9684513652154212
-10.150872357382745,0.968469707514511
-10.140872357382744,0.9684880647109632
-10.130872357382742,0.96850643680167
-10.12087235738274,0.968524823783534
-10.110872357382739,0.968543225653467
-10.100872357382737,0.9685616424083916
-10.090872357382736,0.9685800740452408
-10.080872357382734,0.9685985205609583
-10.070872357382733,0.9686169819524987
-10.060872357382731,0.9686354582168275
-10.05087235738273,0.9686539493509223
-10.040872357382728,0.9686724553517715
-10.030872357382727,0.9686909762163759
-10.020872357382725,0.9687095119417481
-10.010872357382723,0.9687280625249133
-10.000872357382722,0.9687466279629086
-9.99087235738272,0.9687652082527847
-9.980872357382719,0.9687838033916047
-9.970872357382717,0.9688024133764451
-9.960872357382716,0.968821038204396
-9.950872357382714,0.968839677872561
-9.940872357382712,0.9688583323780575
-9.930872357382711,0.9688770017180175
-9.92087235738271,0.9688956858895869
-9.910872357382708,0.9689143848899264
-9.900872357382706,0.9689330987162119
-9.890872357382705,0.9689518273656339
-9.880872357382703,0.9689705708353985
-9.870872357382702,0.9689893291227271
-9.8608723573827,0.9690081022248571
-9.850872357382698,0.9690268901390422
-9.840872357382697,0.9690456928625518
-9.830872357382695,0.9690645103926722
-9.820872357382694,0.9690833427267062
-9.810872357382692,0.9691021898619739
-9.80087235738269,0.9691210517958125
-9.790872357382689,0.9691399285255765
-9.780872357382687,0.9691588200486383
-9.770872357382686,0.9691777263623881
-9.760872357382684,0.9691966474642344
-9.750872357382683,0.9692155833516042
-9.740872357382681,0.9692345340219428
-9.73087235738268,0.969253499472715
-9.720872357382678,0.9692724797014042
-9.710872357382677,0.9692914747055135
-9.700872357382675,0.9693104844825656
-9.690872357382673,0.9693295090301028
-9.680872357382672,0.9693485483456883
-9.67087235738267,0.9693676024269046
-9.660872357382669,0.9693866712713556
-9.650872357382667,0.9694057548766658
-9.640872357382666,0.9694248532404809
-9.630872357382664,0.9694439663604678
-9.620872357382662,0.9694630942343152
-9.61087235738266,0.9694822368597334
-9.60087235738266,0.9695013942344551
-9.590872357382658,0.9695205663562353
-9.580872357382656,0.969539753222851
-9.570872357382655,0.9695589548321029
-9.560872357382653,0.9695781711818142
-9.550872357382652,0.9695974022698319
-9.54087235738265,0.969616648094026
-9.530872357382648,0.9696359086522909
-9.520872357382647,0.9696551839425447
-9.510872357382645,0.9696744739627301
-9.500872357382644,0.9696937787108143
-9.490872357382642,0.9697130981847891
-9.48087235738264,0.969732432382672
-9.470872357382639,0.9697517813025052
-9.460872357382637,0.9697711449423567
-9.450872357382636,0.9697905233003206
-9.440872357382634,0.9698099163745167
-9.430872357382633,0.9698293241630916
-9.420872357382631,0.9698487466642182
-9.41087235738263,0.9698681838760961
-9.400872357382628,0.9698876357969526
-9.390872357382626,0.9699071024250417
-9.380872357382625,0.9699265837586459
-9.370872357382623,0.9699460797960745
-9.360872357382622,0.9699655905356658
-9.35087235738262,0.969985115975786
-9.340872357382619,0.9700046561148302
-9.330872357382617,0.9700242109512224
-9.320872357382616,0.9700437804834159
-9.310872357382614,0.9700633647098929
-9.300872357382612,0.9700829636291656
-9.29087235738261,0.9701025772397766
-9.28087235738261,0.9701222055402977
-9.270872357382608,0.970141848529332
-9.260872357382606,0.9701615062055133
-9.250872357382605,0.9701811785675057
-9.240872357382603,0.9702008656140051
-9.230872357382601,0.9702205673437387
-9.2208723573826,0.9702402837554656
-9.210872357382598,0.9702600148479764
-9.200872357382597,0.9702797606200949
-9.190872357382595,0.9702995210706766
-9.180872357382594,0.9703192961986102
-9.170872357382592,0.9703390860028174
-9.16087235738259,0.970358890482253
-9.150872357382589,0.9703787096359058
-9.140872357382587,0.970398543462798
-9.130872357382586,0.9704183919619862
-9.120872357382584,0.9704382551325611
-9.110872357382583,0.9704581329736485
-9.100872357382581,0.9704780254844086
-9.09087235738258,0.970497932664037
-9.080872357382578,0.9705178545117646
-9.070872357382576,0.9705377910268581
-9.060872357382575,0.97055774220862
-9.050872357382573,0.9705777080563892
-9.040872357382572,0.9705976885695411
-9.03087235738257,0.9706176837474875
-9.020872357382569,0.9706376935896773
-9.010872357382567,0.9706577180955972
-9.000872357382566,0.9706777572647707
-8.990872357382564,0.9706978110967596
-8.980872357382562,0.9707178795911633
-8.97087235738256,0.97073796274762
-8.96087235738256,0.9707580605658064
-8.950872357382558,0.9707781730454378
-8.940872357382556,0.9707983001862688
-8.930872357382555,0.9708184419880935
-8.920872357382553,0.9708385984507455
-8.910872357382551,0.9708587695740982
-8.90087235738255,0.9708789553580657
-8.890872357382548,0.9708991558026019
-8.880872357382547,0.9709193709077019
-8.870872357382545,0.9709396006734016
-8.860872357382544,0.9709598450997782
-8.850872357382542,0.9709801041869505
-8.84087235738254,0.971000377935079
-8.830872357382539,0.9710206663443665
-8.820872357382537,0.9710409694150575
-8.810872357382536,0.9710612871474396
-8.800872357382534,0.9710816195418436
-8.790872357382533,0.9711019665986427
-8.780872357382531,0.971122328318254
-8.77087235738253,0.971142704701138
-8.760872357382528,0.9711630957477991
-8.750872357382526,0.9711835014587866
-8.740872357382525,0.9712039218346933
-8.730872357382523,0.9712243568761573
-8.720872357382522,0.9712448065838616
-8.71087235738252,0.9712652709585345
-8.700872357382519,0.9712857500009501
-8.690872357382517,0.9713062437119279
-8.680872357382516,0.9713267520923334
-8.670872357382514,0.9713472751430793
-8.660872357382512,0.971367812865124
-8.65087235738251,0.971388365259473
-8.64087235738251,0.9714089323271798
-8.630872357382508,0.9714295140693442
-8.620872357382506,0.9714501104871143
-8.610872357382505,0.9714707215816861
-8.600872357382503,0.9714913473543041
-8.590872357382501,0.9715119878062606
-8.5808723573825,0.9715326429388975
-8.570872357382498,0.9715533127536052
-8.560872357382497,0.9715739972518239
-8.550872357382495,0.9715946964350429
-8.540872357382494,0.9716154103048017
-8.530872357382492,0.97163613886269
-8.52087235738249,0.9716568821103475
-8.510872357382489,0.9716776400494652
-8.500872357382487,0.9716984126817843
-8.490872357382486,0.971719200009098
-8.480872357382484,0.9717400020332503
-8.470872357382483,0.9717608187561375
-8.460872357382481,0.9717816501797076
-8.45087235738248,0.9718024963059609
-8.440872357382478,0.9718233571369507
-8.430872357382476,0.9718442326747825
-8.420872357382475,0.9718651229216154
-8.410872357382473,0.9718860278796617
-8.400872357382472,0.9719069475511872
-8.39087235738247,0.9719278819385119
-8.380872357382469,0.9719488310440098
-8.370872357382467,0.9719697948701094
-8.360872357382465,0.9719907734192941
-8.350872357382464,0.9720117666941019
-8.340872357382462,0.9720327746971266
-8.33087235738246,0.972053797431017
-8.32087235738246,0.9720748348984781
-8.310872357382458,0.9720958871022708
-8.300872357382456,0.9721169540452124
-8.290872357382455,0.9721380357301767
-8.280872357382453,0.9721591321600944
-8.270872357382451,0.9721802433379537
-8.26087235738245,0.9722013692667997
-8.250872357382448,0.9722225099497355
-8.240872357382447,0.972243665389922
-8.230872357382445,0.9722648355905785
-8.220872357382444,0.9722860205549825
-8.210872357382442,0.9723072202864708
-8.20087235738244,0.9723284347884386
-8.190872357382439,0.9723496640643409
-8.180872357382437,0.9723709081176919
-8.170872357382436,0.9723921669520658
-8.160872357382434,0.9724134405710967
-8.150872357382433,0.9724347289784796
-8.140872357382431,0.9724560321779695
-8.13087235738243,0.9724773501733828
-8.120872357382428,0.9724986829685968
-8.110872357382426,0.97252003056755
-8.100872357382425,0.9725413929742432
-8.090872357382423,0.9725627701927387
-8.080872357382422,0.9725841622271613
-8.07087235738242,0.9726055690816982
-8.060872357382419,0.9726269907605992
-8.050872357382417,0.9726484272681772
-8.040872357382415,0.9726698786088088
-8.030872357382414,0.9726913447869335
-8.020872357382412,0.9727128258070552
-8.01087235738241,0.9727343216737417
-8.00087235738241,0.9727558323916248
-7.990872357382408,0.9727773579654014
-7.980872357382406,0.9727988983998331
-7.9708723573824045,0.9728204536997468
-7.960872357382403,0.9728420238700344
-7.950872357382401,0.9728636089156538
-7.9408723573824,0.972885208841629
-7.930872357382398,0.9729068236530498
-7.920872357382397,0.9729284533550726
-7.910872357382395,0.9729500979529208
-7.900872357382394,0.9729717574518841
-7.890872357382392,0.9729934318573205
-7.8808723573823904,0.9730151211746544
-7.870872357382389,0.9730368254093787
-7.860872357382387,0.9730585445670542
-7.850872357382386,0.9730802786533097
-7.840872357382384,0.9731020276738429
-7.830872357382383,0.9731237916344202
-7.820872357382381,0.973145570540877
-7.8108723573823795,0.9731673643991181
-7.800872357382378,0.9731891732151178
-7.790872357382376,0.9732109969949204
-7.780872357382375,0.9732328357446401
-7.770872357382373,0.9732546894704618
-7.760872357382372,0.9732765581786408
-7.75087235738237,0.9732984418755032
-7.740872357382369,0.9733203405674464
-7.730872357382367,0.9733422542609391
-7.720872357382365,0.9733641829625219
-7.710872357382364,0.9733861266788068
-7.700872357382362,0.9734080854164784
-7.690872357382361,0.9734300591822936
-7.680872357382359,0.9734520479830822
-7.670872357382358,0.9734740518257463
-7.660872357382356,0.9734960707172619
-7.6508723573823545,0.9735181046646778
-7.640872357382353,0.9735401536751173
-7.630872357382351,0.9735622177557767
-7.62087235738235,0.9735842969139271
-7.610872357382348,0.9736063911569139
-7.600872357382347,0.9736285004921574
-7.590872357382345,0.9736506249271524
-7.5808723573823436,0.9736727644694694
-7.570872357382342,0.9736949191267538
-7.56087235738234,0.9737170889067275
-7.550872357382339,0.9737392738171873
-7.540872357382337,0.9737614738660073
-7.530872357382336,0.9737836890611372
-7.520872357382334,0.973805919410604
-7.510872357382333,0.9738281649225113
-7.500872357382331,0.97385042560504
-7.4908723573823295,0.9738727014664483
-7.480872357382328,0.9738949925150725
-7.470872357382326,0.9739172987593262
-7.460872357382325,0.973939620207702
-7.450872357382323,0.9739619568687701
-7.440872357382322,0.9739843087511798
-7.43087235738232,0.9740066758636594
-7.4208723573823185,0.9740290582150163
-7.410872357382317,0.974051455814137
-7.400872357382315,0.9740738686699881
-7.390872357382314,0.9740962967916157
-7.380872357382312,0.9741187401881464
-7.370872357382311,0.9741411988687867
-7.360872357382309,0.9741636728428241
-7.350872357382308,0.9741861621196269
-7.340872357382306,0.9742086667086447
-7.3308723573823045,0.9742311866194077
-7.320872357382303,0.9742537218615283
-7.310872357382301,0.9742762724447007
-7.3008723573823,0.9742988383787007
-7.290872357382298,0.9743214196733869
-7.280872357382297,0.9743440163387003
-7.270872357382295,0.9743666283846643
-7.2608723573822935,0.9743892558213856
-7.250872357382292,0.9744118986590542
-7.24087235738229,0.9744345569079432
-7.230872357382289,0.9744572305784099
-7.220872357382287,0.9744799196808952
-7.210872357382286,0.9745026242259239
-7.200872357382284,0.9745253442241059
-7.190872357382283,0.9745480796861349
-7.180872357382281,0.9745708306227903
-7.1708723573822795,0.9745935970449358
-7.160872357382278,0.9746163789635209
-7.150872357382276,0.9746391763895806
-7.140872357382275,0.9746619893342353
-7.130872357382273,0.9746848178086919
-7.120872357382272,0.9747076618242432
-7.11087235738227,0.9747305213922685
-7.1008723573822685,0.9747533965242337
-7.090872357382267,0.9747762872316917
-7.080872357382265,0.9747991935262827
-7.070872357382264,0.9748221154197341
-7.060872357382262,0.9748450529238605
-7.050872357382261,0.9748680060505648
-7.040872357382259,0.9748909748118378
-7.030872357382258,0.9749139592197584
-7.020872357382256,0.974936959286494
-7.0108723573822544,0.9749599750243005
-7.000872357382253,0.9749830064455232
-6.990872357382251,0.975006053562596
-6.98087235738225,0.9750291163880422
-6.970872357382248,0.9750521949344749
-6.960872357382247,0.9750752892145967
-6.950872357382245,0.9750983992412005
-6.9408723573822435,0.9751215250271688
-6.930872357382242,0.975144666585475
-6.92087235738224,0.9751678239291831
-6.910872357382239,0.9751909970714476
-6.900872357382237,0.9752141860255144
-6.890872357382236,0.9752373908047203
-6.880872357382234,0.9752606114224939
-6.870872357382233,0.9752838478923552
-6.860872357382231,0.9753071002279163
-6.850872357382229,0.9753303684428811
-6.840872357382228,0.975353652551046
-6.830872357382226,0.9753769525662999
-6.820872357382225,0.9754002685026242
-6.810872357382223,0.9754236003740934
-6.800872357382222,0.9754469481948751
-6.79087235738222,0.9754703119792303
-6.7808723573822185,0.975493691741513
-6.770872357382217,0.9755170874961716
-6.760872357382215,0.9755404992577481
-6.750872357382214,0.9755639270408785
-6.740872357382212,0.9755873708602932
-6.730872357382211,0.9756108307308173
-6.720872357382209,0.9756343066673704
-6.7108723573822076,0.9756577986849669
-6.700872357382206,0.9756813067987168
-6.690872357382204,0.9757048310238247
-6.680872357382203,0.975728371375591
-6.670872357382201,0.9757519278694122
-6.6608723573822,0.9757755005207802
-6.650872357382198,0.9757990893452827
-6.640872357382197,0.9758226943586045
-6.630872357382195,0.975846315576526
-6.6208723573821935,0.9758699530149247
-6.610872357382192,0.9758936066897749
-6.60087235738219,0.9759172766171477
-6.590872357382189,0.9759409628132115
-6.580872357382187,0.9759646652942323
-6.570872357382186,0.9759883840765733
-6.560872357382184,0.9760121191766955
-6.5508723573821825,0.9760358706111582
-6.540872357382181,0.9760596383966181
-6.530872357382179,0.976083422549831
-6.520872357382178,0.9761072230876507
-6.510872357382176,0.9761310400270297
-6.500872357382175,0.9761548733850195
-6.490872357382173,0.9761787231787703
-6.480872357382172,0.9762025894255316
-6.47087235738217,0.9762264721426523
-6.4608723573821685,0.9762503713475811
-6.450872357382167,0.9762742870578658
-6.440872357382165,0.9762982192911546
-6.430872357382164,0.9763221680651953
-6.420872357382162,0.9763461333978365
-6.410872357382161,0.9763701153070266
-6.400872357382159,0.9763941138108145
-6.3908723573821575,0.9764181289273507
-6.380872357382156,0.9764421606748854
-6.370872357382154,0.9764662090717708
-6.360872357382153,0.9764902741364598
-6.350872357382151,0.9765143558875068
-6.34087235738215,0.9765384543435675
-6.330872357382148,0.9765625695233999
-6.320872357382147,0.9765867014458635
-6.310872357382145,0.9766108501299194
-6.3008723573821435,0.9766350155946316
-6.290872357382142,0.9766591978591661
-6.28087235738214,0.9766833969427913
-6.270872357382139,0.9767076128648783
-6.260872357382137,0.9767318456449011
-6.250872357382136,0.9767560953024366
-6.240872357382134,0.9767803618571647
-6.2308723573821325,0.9768046453288686
-6.220872357382131,0.9768289457374351
-6.210872357382129,0.9768532631028541
-6.200872357382128,0.9768775974452197
-6.190872357382126,0.9769019487847297
-6.180872357382125,0.9769263171416854
-6.170872357382123,0.976950702536493
-6.160872357382122,0.9769751049896623
-6.15087235738212,0.9769995245218079
-6.1408723573821185,0.9770239611536492
-6.130872357382117,0.9770484149060095
-6.120872357382115,0.9770728857998175
-6.110872357382114,0.9770973738561071
-6.100872357382112,0.9771218790960167
-6.090872357382111,0.9771464015407901
-6.080872357382109,0.9771709412117768
-6.0708723573821075,0.9771954981304318
-6.060872357382106,0.9772200723183153
-6.050872357382104,0.9772446637970934
-6.040872357382103,0.9772692725885386
-6.030872357382101,0.9772938987145288
-6.0208723573821,0.9773185421970484
-6.010872357382098,0.9773432030581881
-6.000872357382097,0.9773678813201447
-5.990872357382095,0.9773925770052222
-5.980872357382093,0.9774172901358303
-5.970872357382092,0.9774420207344862
-5.96087235738209,0.9774667688238139
-5.950872357382089,0.9774915344265442
-5.940872357382087,0.9775163175655152
-5.930872357382086,0.9775411182636722
-5.920872357382084,0.9775659365440678
-5.9108723573820825,0.9775907724298621
-5.900872357382081,0.977615625944323
-5.890872357382079,0.977640497110826
-5.880872357382078,0.9776653859528542
-5.870872357382076,0.9776902924939987
-5.860872357382075,0.9777152167579591
-5.850872357382073,0.9777401587685427
-5.8408723573820716,0.9777651185496647
-5.83087235738207,0.9777900961253497
-5.820872357382068,0.9778150915197299
-5.810872357382067,0.9778401047570461
-5.800872357382065,0.9778651358616482
-5.790872357382064,0.9778901848579945
-5.780872357382062,0.9779152517706525
-5.770872357382061,0.9779403366242981
-5.760872357382059,0.9779654394437169
-5.7508723573820575,0.9779905602538034
-5.740872357382056,0.978015699079561
-5.730872357382054,0.9780408559461028
-5.720872357382053,0.9780660308786513
-5.710872357382051,0.9780912239025384
-5.70087235738205,0.9781164350432058
-5.690872357382048,0.9781416643262048
-5.6808723573820465,0.9781669117771961
-5.670872357382045,0.9781921774219506
-5.660872357382043,0.9782174612863495
-5.650872357382042,0.9782427633963833
-5.64087235738204,0.9782680837781531
-5.630872357382039,0.97829342245787
-5.620872357382037,0.9783187794618555
-5.610872357382036,0.9783441548165412
-5.600872357382034,0.9783695485484694
-5.5908723573820325,0.9783949606842925
-5.580872357382031,0.978420391250774
-5.570872357382029,0.9784458402747873
-5.560872357382028,0.9784713077833174
-5.550872357382026,0.9784967938034594
-5.540872357382025,0.9785222983624196
-5.530872357382023,0.9785478214875146
-5.5208723573820215,0.978573363206173
-5.51087235738202,0.9785989235459336
-5.500872357382018,0.9786245025344464
-5.490872357382017,0.978650100199473
-5.480872357382015,0.9786757165688856
-5.470872357382014,0.9787013516706682
-5.460872357382012,0.9787270055329158
-5.450872357382011,0.9787526781838352
-5.440872357382009,0.9787783696517438
-5.4308723573820075,0.9788040799650715
-5.420872357382006,0.9788298091523592
-5.410872357382004,0.9788555572422593
-5.400872357382003,0.978881324263536
-5.390872357382001,0.9789071102450653
-5.380872357382,0.9789329152158349
-5.370872357381998,0.9789587392049439
-5.3608723573819965,0.9789845822416039
-5.350872357381995,0.9790104443551377
-5.340872357381993,0.9790363255749804
-5.330872357381992,0.9790622259306788
-5.32087235738199,0.9790881454518918
-5.310872357381989,0.9791140841683906
-5.300872357381987,0.9791400421100578
-5.290872357381986,0.9791660193068885
-5.280872357381984,0.97919201578899
-5.2708723573819825,0.9792180315865812
-5.260872357381981,0.9792440667299939
-5.250872357381979,0.9792701212496716
-5.240872357381978,0.9792961951761702
-5.230872357381976,0.9793222885401578
-5.220872357381975,0.9793484013724146
-5.210872357381973,0.9793745337038334
-5.2008723573819715,0.9794006855654194
-5.19087235738197,0.9794268569882895
-5.180872357381968,0.9794530480036734
-5.170872357381967,0.9794792586429134
-5.160872357381965,0.9795054889374637
-5.150872357381964,0.9795317389188908
-5.140872357381962,0.9795580086188742
-5.130872357381961,0.9795842980692053
-5.120872357381959,0.9796106073017883
-5.110872357381957,0.9796369363486392
-5.100872357381956,0.9796632852418872
-5.090872357381954,0.9796896540137733
-5.080872357381953,0.9797160426966515
-5.070872357381951,0.9797424513229875
-5.06087235738195,0.9797688799253602
-5.050872357381948,0.9797953285364605
-5.0408723573819465,0.9798217971890918
-5.030872357381945,0.9798482859161699
-5.020872357381943,0.9798747947507231
-5.010872357381942,0.979901323725892
-5.00087235738194,0.9799278728749299
-4.990872357381939,0.9799544422312018
-4.980872357381937,0.979981031828186
-4.970872357381936,0.9800076416994723
-4.960872357381934,0.9800342718787634
-4.950872357381932,0.9800609223998742
-4.940872357381931,0.9800875932967318
-4.930872357381929,0.9801142846033755
-4.920872357381928,0.9801409963539572
-4.910872357381926,0.9801677285827407
-4.900872357381925,0.9801944813241024
-4.890872357381923,0.9802212546125303
-4.8808723573819215,0.9802480484826253
-4.87087235738192,0.9802748629690998
-4.860872357381918,0.9803016981067786
-4.850872357381917,0.9803285539305986
-4.840872357381915,0.9803554304756086
-4.830872357381914,0.9803823277769694
-4.820872357381912,0.980409245869954
-4.8108723573819105,0.980436184789947
-4.800872357381909,0.980463144572445
-4.790872357381907,0.9804901252530565
-4.780872357381906,0.9805171268675018
-4.770872357381904,0.980544149451613
-4.760872357381903,0.9805711930413337
-4.750872357381901,0.9805982576727194
-4.7408723573819,0.9806253433819369
-4.730872357381898,0.9806524502052647
-4.7208723573818965,0.9806795781790931
-4.710872357381895,0.9807067273399235
-4.700872357381893,0.9807338977243689
-4.690872357381892,0.9807610893691534
-4.68087235738189,0.9807883023111125
-4.670872357381889,0.9808155365871929
-4.660872357381887,0.9808427922344527
-4.6508723573818855,0.9808700692900605
-4.640872357381884,0.9808973677912967
-4.630872357381882,0.980924687775552
-4.620872357381881,0.9809520292803282
-4.610872357381879,0.9809793923432382
-4.600872357381878,0.9810067770020051
-4.590872357381876,0.9810341832944631
-4.580872357381875,0.9810616112585571
-4.570872357381873,0.9810890609323422
-4.5608723573818715,0.9811165323539837
-4.55087235738187,0.9811440255617578
-4.540872357381868,0.9811715405940511
-4.530872357381867,0.9811990774893598
-4.520872357381865,0.9812266362862905
-4.510872357381864,0.9812542170235599
-4.500872357381862,0.9812818197399944
-4.4908723573818605,0.9813094444745307
-4.480872357381859,0.9813370912662148
-4.470872357381857,0.9813647601542027
-4.460872357381856,0.9813924511777598
-4.450872357381854,0.9814201643762609
-4.440872357381853,0.9814478997891902
-4.430872357381851,0.9814756574561414
-4.42087235738185,0.9815034374168173
-4.410872357381848,0.9815312397110296
-4.4008723573818465,0.9815590643786993
-4.390872357381845,0.9815869114598559
-4.380872357381843,0.9816147809946376
-4.370872357381842,0.9816426730232919
-4.36087235738184,0.9816705875861743
-4.350872357381839,0.9816985247237486
-4.340872357381837,0.9817264844765874
-4.3308723573818355,0.9817544668853713
-4.320872357381834,0.9817824719908887
-4.310872357381832,0.9818104998340365
-4.300872357381831,0.981838550455819
-4.290872357381829,0.9818666238973482
-4.280872357381828,0.9818947201998444
-4.270872357381826,0.9819228394046342
-4.260872357381825,0.9819509815531527
-4.250872357381823,0.9819791466869416
-4.2408723573818214,0.9820073348476497
-4.23087235738182,0.9820355460770328
-4.220872357381818,0.9820637804169539
-4.210872357381817,0.9820920379093819
-4.200872357381815,0.9821203185963933
-4.190872357381814,0.98214862252017
-4.180872357381812,0.9821769497230006
-4.1708723573818105,0.9822053002472803
-4.160872357381809,0.9822336741355093
-4.150872357381807,0.9822620714302945
-4.140872357381806,0.9822904921743482
-4.130872357381804,0.982318936410488
-4.120872357381803,0.9823474041816371
-4.110872357381801,0.9823758955308243
-4.1008723573818,0.9824044105011829
-4.090872357381798,0.9824329491359514
-4.080872357381796,0.9824615114784734
-4.070872357381795,0.9824900975721964
-4.060872357381793,0.9825187074606732
-4.050872357381792,0.9825473411875603
-4.04087235738179,0.9825759987966183
-4.030872357381789,0.9826046803317123
-4.020872357381787,0.9826333858368108
-4.0108723573817855,0.9826621153559861
-4.000872357381784,0.9826908689334142
-3.9908723573817824,0.9827196466133736
-3.980872357381781,0.982748448440247
-3.9708723573817792,0.9827772744585191
-3.9608723573817777,0.9828061247127782
-3.950872357381776,0.9828349992477143
-3.9408723573817745,0.9828638981081209
-3.930872357381773,0.9828928213388929
-3.9208723573817714,0.9829217689850274
-3.91087235738177,0.9829507410916236
-3.9008723573817683,0.9829797377038825
-3.8908723573817667,0.983008758867106
-3.880872357381765,0.9830378046266981
-3.8708723573817636,0.9830668750281631
-3.860872357381762,0.983095970117107
-3.8508723573817605,0.983125089939236
-3.840872357381759,0.983154234540357
-3.8308723573817574,0.9831834039663774
-3.820872357381756,0.9832125982633043
-3.8108723573817542,0.9832418174772453
-3.8008723573817527,0.9832710616544074
-3.790872357381751,0.9833003308410971
-3.7808723573817495,0.9833296250837205
-3.770872357381748,0.9833589444287825
-3.7608723573817464,0.9833882889228869
-3.750872357381745,0.9834176586127367
-3.7408723573817433,0.9834470535451327
-3.7308723573817417,0.9834764737669744
-3.72087235738174,0.9835059193252595
-3.7108723573817386,0.983535390267083
-3.700872357381737,0.983564886639638
-3.6908723573817355,0.9835944084902146
-3.680872357381734,0.9836239558662005
-3.6708723573817323,0.9836535288150801
-3.660872357381731,0.9836831273844344
-3.650872357381729,0.9837127516219413
-3.6408723573817277,0.9837424015753745
-3.630872357381726,0.9837720772926042
-3.6208723573817245,0.9838017788215961
-3.610872357381723,0.9838315062104116
-3.6008723573817214,0.9838612595072074
-3.59087235738172,0.9838910387602352
-3.5808723573817183,0.9839208440178416
-3.5708723573817167,0.9839506753284682
-3.560872357381715,0.9839805327406503
-3.5508723573817136,0.9840104163030181
-3.540872357381712,0.9840403260642949
-3.5308723573817105,0.9840702620732983
-3.520872357381709,0.9841002243789387
-3.5108723573817073,0.9841302130302204
-3.5008723573817058,0.98416022807624
-3.490872357381704,0.9841902695661869
-3.4808723573817026,0.9842203375493429
-3.470872357381701,0.9842504320750819
-3.4608723573816995,0.9842805531928697
-3.450872357381698,0.9843107009522637
-3.4408723573816964,0.9843408754029128
-3.430872357381695,0.9843710765945567
-3.4208723573816933,0.984401304577026
-3.4108723573816917,0.9844315594002421
-3.40087235738169,0.9844618411142163
-3.3908723573816886,0.9844921497690504
-3.380872357381687,0.9845224854149355
-3.3708723573816854,0.9845528481021523
-3.360872357381684,0.9845832378810707
-3.3508723573816823,0.9846136548021498
-3.3408723573816808,0.9846440989159368
-3.330872357381679,0.9846745702730679
-3.3208723573816776,0.9847050689242668
-3.310872357381676,0.9847355949203453
-3.3008723573816745,0.9847661483122029
-3.290872357381673,0.984796729150826
-3.2808723573816714,0.9848273374872878
-3.27087235738167,0.9848579733727486
-3.2608723573816683,0.9848886368584548
-3.2508723573816667,0.9849193279957392
-3.240872357381665,0.98495004683602
-3.2308723573816636,0.9849807934308009
-3.220872357381662,0.9850115678316711
-3.2108723573816604,0.9850423700903043
-3.200872357381659,0.9850732002584589
-3.1908723573816573,0.9851040583879781
-3.1808723573816557,0.9851349445307883
-3.170872357381654,0.9851658587389001
-3.1608723573816526,0.9851968010644071
-3.150872357381651,0.9852277715594865
-3.1408723573816495,0.9852587702763976
-3.130872357381648,0.9852897972674829
-3.1208723573816464,0.985320852585166
-3.110872357381645,0.9853519362819536
-3.1008723573816432,0.9853830484104329
-3.0908723573816417,0.9854141890232726
-3.08087235738164,0.9854453581732223
-3.0708723573816386,0.9854765559131123
-3.060872357381637,0.9855077822958528
-3.0508723573816354,0.985539037374434
-3.040872357381634,0.9855703212019261
-3.0308723573816323,0.9856016338314778
-3.0208723573816307,0.9856329753163173
-3.010872357381629,0.9856643457097513
-3.0008723573816276,0.9856957450651644
-2.990872357381626,0.9857271734360196
-2.9808723573816245,0.9857586308758572
-2.970872357381623,0.9857901174382949
-2.9608723573816214,0.9858216331770273
-2.95087235738162,0.9858531781458255
-2.9408723573816182,0.9858847523985369
-2.9308723573816167,0.9859163559890849
-2.920872357381615,0.9859479889714682
-2.9108723573816135,0.985979651399761
-2.900872357381612,0.986011343328112
-2.8908723573816104,0.986043064810745
-2.880872357381609,0.9860748159019573
-2.8708723573816073,0.9861065966561205
-2.8608723573816057,0.9861384071276796
-2.850872357381604,0.9861702473711523
-2.8408723573816026,0.9862021174411297
-2.830872357381601,0.9862340173922749
-2.8208723573815995,0.9862659472793229
-2.810872357381598,0.9862979071570808
-2.8008723573815963,0.9863298970804267
-2.790872357381595,0.9863619171043099
-2.780872357381593,0.98639396728375
-2.7708723573815917,0.986426047673837
-2.76087235738159,0.9864581583297308
-2.7508723573815885,0.9864902993066609
-2.740872357381587,0.9865224706599254
-2.7308723573815854,0.9865546724448917
-2.720872357381584,0.9865869047169955
-2.7108723573815823,0.9866191675317401
-2.7008723573815807,0.986651460944697
-2.690872357381579,0.9866837850115043
-2.6808723573815776,0.9867161397878677
-2.670872357381576,0.9867485253295588
-2.6608723573815745,0.9867809416924156
-2.650872357381573,0.9868133889323416
-2.6408723573815713,0.986845867105306
-2.6308723573815698,0.9868783762673425
-2.620872357381568,0.9869109164745498
-2.6108723573815666,0.9869434877830905
-2.600872357381565,0.9869760902491911
-2.5908723573815635,0.9870087239291412
-2.580872357381562,0.987041388879294
-2.5708723573815604,0.9870740851560649
-2.560872357381559,0.9871068128159315
-2.5508723573815573,0.9871395719154331
-2.5408723573815557,0.987172362511171
-2.530872357381554,0.9872051846598069
-2.5208723573815526,0.9872380384180632
-2.510872357381551,0.987270923842723
-2.5008723573815494,0.9873038409906284
-2.490872357381548,0.9873367899186818
-2.4808723573815463,0.9873697706838438
-2.4708723573815448,0.9874027833431341
-2.460872357381543,0.9874358279536303
-2.4508723573815416,0.987468904572468
-2.44087235738154,0.98750201325684
-2.4308723573815385,0.9875351540639957
-2.420872357381537,0.9875683270512419
-2.4108723573815354,0.9876015322759407
-2.400872357381534,0.9876347697955103
-2.3908723573815323,0.9876680396674239
-2.3808723573815307,0.9877013419492098
-2.370872357381529,0.9877346766984505
-2.3608723573815276,0.9877680439727826
-2.350872357381526,0.9878014438298965
-2.3408723573815244,0.9878348763275355
-2.330872357381523,0.9878683415234957
-2.3208723573815213,0.9879018394756252
-2.3108723573815197,0.9879353702418245
-2.300872357381518,0.9879689338800453
-2.2908723573815166,0.9880025304482901
-2.280872357381515,0.9880361600046123
-2.2708723573815135,0.9880698226071153
-2.260872357381512,0.988103518313952
-2.2508723573815104,0.9881372471833251
-2.240872357381509,0.9881710092734854
-2.2308723573815072,0.9882048046427327
-2.2208723573815057,0.9882386333494146
-2.210872357381504,0.9882724954519259
-2.2008723573815026,0.9883063910087085
-2.190872357381501,0.9883403200782516
-2.1808723573814994,0.9883742827190894
-2.170872357381498,0.988408278989803
-2.1608723573814963,0.988442308949018
-2.1508723573814947,0.9884763726554049
-2.140872357381493,0.9885104701676789
-2.1308723573814916,0.9885446015445989
-2.12087235738149,0.9885787668449674
-2.1108723573814885,0.9886129661276295
-2.100872357381487,0.9886471994514733
-2.0908723573814854,0.9886814668754289
-2.080872357381484,0.9887157684584679
-2.0708723573814822,0.9887501042596031
-2.0608723573814807,0.9887844743378882
-2.050872357381479,0.9888188787524168
-2.0408723573814775,0.9888533175623228
-2.030872357381476,0.9888877908267789
-2.0208723573814744,0.988922298604997
-2.010872357381473,0.988956840956227
-2.0008723573814713,0.9889914179397575
-1.9908723573814697,0.9890260296149137
-1.9808723573814682,0.9890606760410583
-1.9708723573814666,0.9890953572775902
-1.960872357381465,0.9891300733839445
-1.9508723573814635,0.9891648244195923
-1.940872357381462,0.9891996104440388
-1.9308723573814603,0.9892344315168247
-1.9208723573814588,0.9892692876975243
-1.9108723573814572,0.9893041790457461
-1.9008723573814557,0.9893391056211311
-1.890872357381454,0.9893740674833538
-1.8808723573814525,0.98940906469212
-1.870872357381451,0.9894440973071681
-1.8608723573814494,0.9894791653882673
-1.8508723573814478,0.9895142689952177
-1.8408723573814463,0.9895494081878494
-1.8308723573814447,0.9895845830260228
-1.8208723573814432,0.9896197935696273
-1.8108723573814416,0.9896550398785812
-1.80087235738144,0.989690322012831
-1.7908723573814385,0.9897256400323512
-1.780872357381437,0.9897609939971437
-1.7708723573814353,0.9897963839672369
-1.7608723573814338,0.9898318100026862
-1.7508723573814322,0.9898672721635721
-1.7408723573814306,0.9899027705100011
-1.730872357381429,0.9899383051021042
-1.7208723573814275,0.9899738760000371
-1.710872357381426,0.9900094832639789
-1.7008723573814244,0.9900451269541325
-1.6908723573814228,0.9900808071307236
-1.6808723573814213,0.990116523854
-1.6708723573814197,0.9901522771842317
-1.6608723573814181,0.9901880671817098
-1.6508723573814166,0.9902238939067468
-1.640872357381415,0.9902597574196748
-1.6308723573814135,0.9902956577808459
-1.6208723573814119,0.9903315950506323
-1.6108723573814103,0.9903675692894242
-1.6008723573814088,0.9904035805576302
-1.5908723573814072,0.990439628915677
-1.5808723573814056,0.9904757144240087
-1.570872357381404,0.9905118371430858
-1.5608723573814025,0.9905479971333853
-1.550872357381401,0.9905841944553997
-1.5408723573813994,0.9906204291696374
-1.5308723573813978,0.9906567013366206
-1.5208723573813963,0.9906930110168866
-1.5108723573813947,0.9907293582709856
-1.5008723573813931,0.9907657431594815
-1.4908723573813916,0.9908021657429509
-1.48087235738139,0.9908386260819819
-1.4708723573813884,0.990875124237175
-1.4608723573813869,0.9909116602691412
-1.4508723573813853,0.9909482342385024
-1.4408723573813838,0.9909848462058906
-1.4308723573813822,0.9910214962319466
-1.4208723573813806,0.9910581843773213
-1.410872357381379,0.9910949107026732
-1.4008723573813775,0.991131675268669
-1.390872357381376,0.991168478135983
-1.3808723573813744,0.991205319365296
-1.3708723573813728,0.9912421990172955
-1.3608723573813712,0.9912791171526747
-1.3508723573813697,0.9913160738321319
-1.3408723573813681,0.9913530691163706
-1.3308723573813666,0.9913901030660976
-1.320872357381365,0.9914271757420248
-1.3108723573813634,0.991464287204866
-1.3008723573813619,0.9915014375153383
-1.2908723573813603,0.9915386267341603
-1.2808723573813587,0.9915758549220528
-1.2708723573813572,0.9916131221397374
-1.2608723573813556,0.9916504284479359
-1.250872357381354,0.9916877739073702
-1.2408723573813525,0.9917251585787616
-1.230872357381351,0.9917625825228303
-1.2208723573813494,0.9918000458002948
-1.2108723573813478,0.9918375484718712
-1.2008723573813462,0.991875090598273
-1.1908723573813447,0.9919126722402103
-1.180872357381343,0.9919502934583894
-1.1708723573813415,0.9919879543135119
-1.16087235738134,0.992025654866275
-1.1508723573813384,0.9920633951773701
-1.1408723573813369,0.9921011753074822
-1.1308723573813353,0.9921389953172904
-1.1208723573813337,0.9921768552674662
-1.1108723573813322,0.9922147552186734
-1.1008723573813306,0.9922526952315678
-1.090872357381329,0.9922906753667964
-1.0808723573813275,0.9923286956849963
-1.070872357381326,0.9923667562467956
-1.0608723573813243,0.9924048571128115
-1.0508723573813228,0.9924429983436499
-1.0408723573813212,0.9924811799999057
-1.0308723573813197,0.9925194021421614
-1.020872357381318,0.992557664830987
-1.0108723573813165,0.9925959681269391
-1.000872357381315,0.9926343120905607
-0.9908723573813134,0.9926726967823805
-0.9808723573813118,0.9927111222629122
-0.9708723573813103,0.992749588592654
-0.9608723573813087,0.9927880958320884
-0.9508723573813072,0.992826644041681
-0.9408723573813056,0.9928652332818806
-0.930872357381304,0.9929038636131181
-0.9208723573813025,0.9929425350958065
-0.9108723573813009,0.9929812477903396
-0.9008723573812993,0.993020001757092
-0.8908723573812978,0.9930587970564188
-0.8808723573812962,0.9930976337486539
-0.8708723573812946,0.9931365118941107
-0.8608723573812931,0.9931754315530809
-0.8508723573812915,0.993214392785834
-0.84087235738129,0.9932533956526167
-0.8308723573812884,0.9932924402136527
-0.8208723573812868,0.9933315265291416
-0.8108723573812853,0.9933706546592587
-0.8008723573812837,0.9934098246641542
-0.7908723573812821,0.9934490366039528
-0.7808723573812806,0.9934882905387533
-0.770872357381279,0.9935275865286277
-0.7608723573812775,0.9935669246336207
-0.7508723573812759,0.9936063049137492
-0.7408723573812743,0.9936457274290018
-0.7308723573812728,0.9936851922393382
-0.7208723573812712,0.9937246994046884
-0.7108723573812696,0.9937642489849527
-0.7008723573812681,0.9938038410400003
-0.6908723573812665,0.9938434756296693
-0.680872357381265,0.9938831528137664
-0.6708723573812634,0.9939228726520656
-0.6608723573812618,0.9939626352043079
-0.6508723573812603,0.9940024405302011
-0.6408723573812587,0.9940422886894187
-0.6308723573812571,0.9940821797415997
-0.6208723573812556,0.9941221137463478
-0.610872357381254,0.9941620907632311
-0.6008723573812524,0.9942021108517813
-0.5908723573812509,0.994242174071493
-0.5808723573812493,0.9942822804818231
-0.5708723573812478,0.9943224301421913
-0.5608723573812462,0.9943626231119779
-0.5508723573812446,0.9944028594505241
-0.5408723573812431,0.9944431392171316
-0.5308723573812415,0.9944834624710612
-0.5208723573812399,0.9945238292715337
-0.5108723573812384,0.9945642396777273
-0.5008723573812368,0.9946046937487791
-0.49087235738123525,0.9946451915437828
-0.4808723573812337,0.9946857331217892
-0.4708723573812321,0.9947263185418053
-0.46087235738123056,0.9947669478627935
-0.450872357381229,0.9948076211436716
-0.44087235738122743,0.9948483384433118
-0.43087235738122587,0.99488909982054
-0.4208723573812243,0.9949299053341353
-0.41087235738122274,0.9949707550428298
-0.4008723573812212,0.9950116490053081
-0.3908723573812196,0.9950525872802056
-0.38087235738121805,0.9950935699261093
-0.3708723573812165,0.9951345970015564
-0.3608723573812149,0.9951756685650339
-0.35087235738121336,0.9952167846749784
-0.3408723573812118,0.995257945389775
-0.33087235738121024,0.9952991507677568
-0.3208723573812087,0.9953404008672048
-0.3108723573812071,0.9953816957463466
-0.30087235738120555,0.9954230354633563
-0.290872357381204,0.9954644200763543
-0.2808723573812024,0.9955058496434055
-0.27087235738120086,0.9955473242225198
-0.2608723573811993,0.9955888438716515
-0.25087235738119773,0.9956304086486979
-0.24087235738119617,0.9956720186114995
-0.2308723573811946,0.9957136738178392
-0.22087235738119304,0.9957553743254415
-0.21087235738119148,0.9957971201919724
-0.20087235738118991,0.9958389114750381
-0.19087235738118835,0.9958807482321855
-0.1808723573811868,0.9959226305209001
-0.17087235738118522,0.9959645583986071
-0.16087235738118366,0.9960065319226695
-0.1508723573811821,0.9960485511503885
-0.14087235738118054,0.9960906161390018
-0.13087235738117897,0.9961327269456846
-0.12087235738117741,0.9961748836275471
-0.11087235738117585,0.9962170862416359
-0.10087235738117428,0.9962593348449318
-0.09087235738117272,0.99630162949435
-0.08087235738117116,0.9963439702467396
-0.07087235738116959,0.9963863571588828
-0.06087235738116803,0.9964287902874942
-0.050872357381166466,0.9964712696892204
-0.0408723573811649,0.9965137954206396
-0.03087235738116334,0.9965563675382606
-0.020872357381161777,0.9965989860985226
-0.010872357381160214,0.9966416511577942
-0.0008723573811586505,0.9966843627723738
0.009127642618842913,0.9967271209984873
0.019127642618844476,0.9967699258922894
0.02912764261884604,0.9968127775098616
0.0391276426188476,0.9968556759072129
0.049127642618849166,0.9968986211402777
0.05912764261885073,0.9969416132649165
0.06912764261885229,0.9969846523369149
0.07912764261885386,0.9970277384119829
0.08912764261885542,0.9970708715457544
0.09912764261885698,0.9971140517937866
0.10912764261885854,0.9971572792115597
0.11912764261886011,0.997200553854476
0.12912764261886167,0.9972438757778593
0.13912764261886323,0.9972872450369549
0.1491276426188648,0.9973306616869279
0.15912764261886636,0.9973741257828638
0.16912764261886792,0.9974176373797674
0.1791276426188695,0.9974611965325622
0.18912764261887105,0.99750480329609
0.1991276426188726,0.99754845772511
0.20912764261887418,0.9975921598742988
0.21912764261887574,0.9976359097982492
0.2291276426188773,0.9976797075514701
0.23912764261887887,0.9977235531883856
0.24912764261888043,0.9977674467633347
0.259127642618882,0.9978113883305708
0.26912764261888356,0.9978553779442605
0.2791276426188851,0.9978994156584838
0.2891276426188867,0.9979435015272332
0.29912764261888825,0.9979876356044131
0.3091276426188898,0.9980318179438391
0.31912764261889137,0.9980760485992379
0.32912764261889293,0.9981203276242464
0.3391276426188945,0.998164655072411
0.34912764261889606,0.9982090309971873
0.3591276426188976,0.9982534554519393
0.3691276426188992,0.9982979284899396
0.37912764261890075,0.9983424501643674
0.3891276426189023,0.9983870205283093
0.3991276426189039,0.998431639634758
0.40912764261890544,0.9984763075366119
0.419127642618907,0.9985210242866746
0.42912764261890857,0.9985657899376543
0.43912764261891013,0.9986106045421634
0.4491276426189117,0.9986554681527178
0.45912764261891326,0.998700380821736
0.4691276426189148,0.998745342601539
0.4791276426189164,0.9987903535443499
0.48912764261891795,0.9988354137022926
0.4991276426189195,0.9988805231273918
0.5091276426189211,0.9989256818715728
0.5191276426189226,0.9989708899866601
0.5291276426189242,0.9990161475243768
0.5391276426189258,0.9990614545363453
0.5491276426189273,0.9991068110740853
0.5591276426189289,0.999152217189014
0.5691276426189305,0.9991976729324458
0.579127642618932,0.9992431783555905
0.5891276426189336,0.9992887335095546
0.5991276426189351,0.9993343384453388
0.6091276426189367,0.9993799932138391
0.6191276426189383,0.9994256978658449
0.6291276426189398,0.9994714524520398
0.6391276426189414,0.9995172570229999
0.649127642618943,0.9995631116291935
0.6591276426189445,0.9996090163209812
0.6691276426189461,0.9996549711486147
0.6791276426189476,0.9997009761622362
0.6891276426189492,0.9997470314118784
0.6991276426189508,0.9997931369474637
0.7091276426189523,0.9998392928188033
0.7191276426189539,0.9998854990755971
0.7291276426189555,0.9999317557674332
0.739127642618957,0.9999780629437868
0.7491276426189586,1.00002442065402
0.7591276426189602,1.000070828947382
0.7691276426189617,1.0001172878730074
0.7791276426189633,1.0001637974799154
0.7891276426189648,1.0002103578170112
0.7991276426189664,1.0002569689330831
0.809127642618968,1.0003036308768043
0.8191276426189695,1.0003503436967296
0.8291276426189711,1.000397107441298
0.8391276426189727,1.0004439221588297
0.8491276426189742,1.0004907878975264
0.8591276426189758,1.0005377047054709
0.8691276426189773,1.0005846726306271
0.8791276426189789,1.0006316917208375
0.8891276426189805,1.0006787620238253
0.899127642618982,1.0007258835871922
0.9091276426189836,1.0007730564584179
0.9191276426189852,1.00082028068486
0.9291276426189867,1.0008675563137537
0.9391276426189883,1.0009148833922106
0.9491276426189899,1.000962261967219
0.9591276426189914,1.0010096920856424
0.969127642618993,1.0010571737942195
0.9791276426189945,1.001104707139564
0.9891276426189961,1.0011522921681637
0.9991276426189977,1.0011999289263798
1.0091276426189992,1.0012476174604465
1.0191276426190008,1.0012953578164707
1.0291276426190024,1.0013431500404315
1.039127642619004,1.0013909941781793
1.0491276426190055,1.0014388902754356
1.059127642619007,1.0014868383777924
1.0691276426190086,1.0015348385307115
1.0791276426190102,1.0015828907795243
1.0891276426190117,1.001630995169431
1.0991276426190133,1.0016791517455008
1.1091276426190149,1.00172736055267
1.1191276426190164,1.0017756216357427
1.129127642619018,1.0018239350393898
1.1391276426190196,1.0018723008081487
1.1491276426190211,1.0019207189864225
1.1591276426190227,1.0019691896184801
1.1691276426190242,1.0020177127484544
1.1791276426190258,1.0020662884203435
1.1891276426190274,1.002114916678009
1.199127642619029,1.0021635975651757
1.2091276426190305,1.0022123311254314
1.219127642619032,1.0022611174022265
1.2291276426190336,1.0023099564388724
1.2391276426190352,1.0023588482785428
1.2491276426190367,1.0024077929642716
1.2591276426190383,1.0024567905389534
1.2691276426190399,1.0025058410453425
1.2791276426190414,1.0025549445260524
1.289127642619043,1.0026041010235556
1.2991276426190446,1.002653310580183
1.3091276426190461,1.0027025732381232
1.3191276426190477,1.0027518890394225
1.3291276426190493,1.0028012580259837
1.3391276426190508,1.002850680239566
1.3491276426190524,1.002900155721785
1.359127642619054,1.0029496845141108
1.3691276426190555,1.0029992666578698
1.379127642619057,1.0030489021942413
1.3891276426190586,1.0030985911642596
1.3991276426190602,1.003148333608812
1.4091276426190618,1.0031981295686392
1.4191276426190633,1.003247979084334
1.4291276426190649,1.0032978821963416
1.4391276426190664,1.0033478389449586
1.449127642619068,1.0033978493703326
1.4591276426190696,1.0034479135124617
1.4691276426190711,1.0034980314111943
1.4791276426190727,1.0035482031062288
1.4891276426190743,1.0035984286371122
1.4991276426190758,1.0036487080432408
1.5091276426190774,1.003699041363858
1.519127642619079,1.0037494286380566
1.5291276426190805,1.0037998699047757
1.539127642619082,1.0038503652028012
1.5491276426190836,1.0039009145707658
1.5591276426190852,1.003951518047148
1.5691276426190868,1.0040021756702715
1.5791276426190883,1.0040528874783052
1.58912764261909,1.004103653509263
1.5991276426190915,1.0041544738010013
1.609127642619093,1.0042053483912223
1.6191276426190946,1.0042562773174695
1.6291276426190962,1.0043072606171304
1.6391276426190977,1.0043582983274337
1.6491276426190993,1.004409390485451
1.6591276426191008,1.0044605371280941
1.6691276426191024,1.0045117382921165
1.679127642619104,1.0045629940141119
1.6891276426191055,1.0046143043305138
1.699127642619107,1.0046656692775957
1.7091276426191087,1.0047170888914698
1.7191276426191102,1.0047685632080874
1.7291276426191118,1.0048200922632373
1.7391276426191133,1.0048716760925467
1.749127642619115,1.0049233147314802
1.7591276426191165,1.004975008215339
1.769127642619118,1.0050267565792608
1.7791276426191196,1.0050785598582193
1.7891276426191212,1.0051304180870237
1.7991276426191227,1.0051823313003192
1.8091276426191243,1.0052342995325847
1.8191276426191259,1.0052863228181337
1.8291276426191274,1.005338401191114
1.839127642619129,1.005390534685506
1.8491276426191305,1.0054427233351244
1.859127642619132,1.0054949671736153
1.8691276426191337,1.0055472662344573
1.8791276426191352,1.0055996205509614
1.8891276426191368,1.005652030156269
1.8991276426191384,1.005704495083353
1.90912764261914,1.0057570153650168
1.9191276426191415,1.0058095910338933
1.929127642619143,1.0058622221224462
1.9391276426191446,1.0059149086629673
1.9491276426191462,1.0059676506875777
1.9591276426191477,1.0060204482282271
1.9691276426191493,1.0060733013166931
1.9791276426191509,1.006126209984581
1.9891276426191524,1.0061791742633228
1.999127642619154,1.0062321941841783
2.0091276426191556,1.0062852697782325
2.019127642619157,1.0063384010763976
2.0291276426191587,1.0063915881094108
2.0391276426191602,1.0064448309078342
2.049127642619162,1.0064981295020554
2.0591276426191634,1.006551483922286
2.069127642619165,1.0066048941985615
2.0791276426191665,1.0066583603607415
2.089127642619168,1.0067118824385086
2.0991276426191696,1.006765460461368
2.109127642619171,1.006819094458648
2.1191276426191727,1.006872784459498
2.1291276426191743,1.00692653049289
2.139127642619176,1.006980332587617
2.1491276426191774,1.007034190772293
2.159127642619179,1.007088105075352
2.1691276426191806,1.007142075525049
2.179127642619182,1.0071961021494582
2.1891276426191837,1.0072501849764737
2.1991276426191853,1.0073043240338082
2.209127642619187,1.007358519348993
2.2191276426191884,1.007412770949378
2.22912764261919,1.0074670788621312
2.2391276426191915,1.0075214431142376
2.249127642619193,1.0075758637325
2.2591276426191946,1.0076303407435374
2.269127642619196,1.007684874173786
2.2791276426191978,1.0077394640494974
2.2891276426191993,1.0077941103967396
2.299127642619201,1.0078488132413952
2.3091276426192024,1.0079035726091623
2.319127642619204,1.007958388525554
2.3291276426192056,1.0080132610158972
2.339127642619207,1.008068190105333
2.3491276426192087,1.0081231758188158
2.3591276426192103,1.0081782181811139
2.369127642619212,1.0082333172168079
2.3791276426192134,1.0082884729502914
2.389127642619215,1.00834368540577
2.3991276426192165,1.0083989546072611
2.409127642619218,1.0084542805785943
2.4191276426192196,1.0085096633434096
2.429127642619221,1.0085651029251583
2.4391276426192228,1.0086205993471022
2.4491276426192243,1.0086761526323131
2.459127642619226,1.0087317628036732
2.4691276426192275,1.0087874298838737
2.479127642619229,1.0088431538954152
2.4891276426192306,1.0088989348606074
2.499127642619232,1.0089547728015682
2.5091276426192337,1.009010667740224
2.5191276426192353,1.009066619698309
2.529127642619237,1.0091226286973651
2.5391276426192384,1.0091786947587416
2.54912764261924,1.0092348179035942
2.5591276426192415,1.009290998152886
2.569127642619243,1.009347235527386
2.5791276426192447,1.0094035300476691
2.589127642619246,1.0094598817341167
2.599127642619248,1.0095162906069144
2.6091276426192493,1.0095727566860542
2.619127642619251,1.0096292799913316
2.6291276426192525,1.0096858605423475
2.639127642619254,1.0097424983585068
2.6491276426192556,1.009799193459018
2.659127642619257,1.0098559458628935
2.6691276426192587,1.0099127555889493
2.6791276426192603,1.0099696226558035
2.689127642619262,1.0100265470818774
2.6991276426192634,1.010083528885395
2.709127642619265,1.0101405680843822
2.7191276426192665,1.0101976646966666
2.729127642619268,1.0102548187398774
2.7391276426192697,1.0103120302314454
2.7491276426192712,1.0103692991886017
2.759127642619273,1.0104266256283791
2.7691276426192744,1.0104840095676098
2.779127642619276,1.010541451022927
2.7891276426192775,1.0105989500107628
2.799127642619279,1.0106565065473503
2.8091276426192806,1.010714120648721
2.819127642619282,1.010771792330705
2.8291276426192837,1.0108295216089325
2.8391276426192853,1.0108873084988312
2.849127642619287,1.0109451530156275
2.8591276426192884,1.0110030551743459
2.86912764261929,1.011061014989808
2.8791276426192915,1.011119032476634
2.889127642619293,1.0111771076492402
2.8991276426192947,1.0112352405218403
2.9091276426192962,1.0112934311084452
2.919127642619298,1.0113516794228614
2.9291276426192994,1.0114099854786924
2.939127642619301,1.011468349289337
2.9491276426193025,1.0115267708679903
2.959127642619304,1.0115852502276423
2.9691276426193056,1.0116437873810789
2.979127642619307,1.0117023823408806
2.9891276426193087,1.0117610351194226
2.9991276426193103,1.0118197457288747
3.009127642619312,1.011878514181201
3.0191276426193134,1.0119373404881598
3.029127642619315,1.0119962246613028
3.0391276426193166,1.0120551667119757
3.049127642619318,1.0121141666513176
3.0591276426193197,1.0121732244902604
3.0691276426193213,1.012232340239529
3.079127642619323,1.0122915139096411
3.0891276426193244,1.0123507455109069
3.099127642619326,1.0124100350534286
3.1091276426193275,1.0124693825471007
3.119127642619329,1.0125287880016092
3.1291276426193306,1.0125882514264324
3.139127642619332,1.0126477728308387
3.1491276426193338,1.0127073522238894
3.1591276426193353,1.0127669896144353
3.169127642619337,1.0128266850111185
3.1791276426193384,1.012886438422372
3.18912764261934,1.0129462498564186
3.1991276426193416,1.0130061193212716
3.209127642619343,1.0130660468247341
3.2191276426193447,1.013126032374399
3.2291276426193463,1.013186075977649
3.239127642619348,1.013246177641656
3.2491276426193494,1.0133063373733806
3.259127642619351,1.0133665551795734
3.2691276426193525,1.0134268310667733
3.279127642619354,1.0134871650413075
3.2891276426193556,1.0135475571092922
3.299127642619357,1.0136080072766316
3.3091276426193588,1.0136685155490177
3.3191276426193603,1.0137290819319313
3.329127642619362,1.01378970643064
3.3391276426193635,1.0138503890501993
3.349127642619365,1.0139111297954522
3.3591276426193666,1.0139719286710287
3.369127642619368,1.014032785681346
3.3791276426193697,1.0140937008306081
3.3891276426193713,1.0141546741228058
3.399127642619373,1.0142157055617167
3.4091276426193744,1.014276795150904
3.419127642619376,1.0143379428937176
3.4291276426193775,1.0143991487932942
3.439127642619379,1.0144604128525552
3.4491276426193807,1.0145217350742082
3.459127642619382,1.0145831154607468
3.4691276426193838,1.0146445540144498
3.4791276426193853,1.0147060507373813
3.489127642619387,1.0147676056313903
3.4991276426193885,1.0148292186981118
3.50912764261939,1.0148908899389644
3.5191276426193916,1.0149526193551521
3.529127642619393,1.015014406947664
3.5391276426193947,1.015076252717273
3.5491276426193963,1.015138156664536
3.559127642619398,1.0152001187897952
3.5691276426193994,1.0152621390931764
3.579127642619401,1.015324217574589
3.5891276426194025,1.0153863542337263
3.599127642619404,1.0154485490700662
3.6091276426194057,1.0155108020828687
3.6191276426194072,1.0155731132711787
3.629127642619409,1.0156354826338236
3.6391276426194104,1.0156979101694141
3.649127642619412,1.0157603958763444
3.6591276426194135,1.0158229397527916
3.669127642619415,1.015885541796715
3.6791276426194166,1.0159482020058574
3.689127642619418,1.0160109203777445
3.6991276426194197,1.016073696909684
3.7091276426194213,1.016136531598766
3.719127642619423,1.0161994244418635
3.7291276426194244,1.0162623754356315
3.739127642619426,1.0163253845765068
3.7491276426194275,1.016388451860709
3.759127642619429,1.016451577284239
3.7691276426194307,1.0165147608428804
3.7791276426194322,1.0165780025321975
3.789127642619434,1.0166413023475374
3.7991276426194354,1.016704660284028
3.809127642619437,1.0167680763365792
3.8191276426194385,1.0168315504998822
3.82912764261944,1.0168950827684098
3.8391276426194416,1.0169586731364155
3.849127642619443,1.017022321597935
3.8591276426194447,1.0170860281467842
3.8691276426194463,1.0171497927765607
3.879127642619448,1.0172136154806428
3.8891276426194494,1.01727749625219
3.899127642619451,1.0173414350841423
3.9091276426194526,1.0174054319692207
3.919127642619454,1.0174694868999272
3.9291276426194557,1.017533599868544
3.9391276426194572,1.0175977708671344
3.949127642619459,1.017661999887542
3.9591276426194604,1.017726286921391
3.969127642619462,1.017790631960086
3.9791276426194635,1.017855034994812
3.989127642619465,1.0179194960165345
3.9991276426194666,1.0179840150159993
4.009127642619468,1.018048591983732
4.01912764261947,1.0181132269100395
4.029127642619471,1.0181779197850078
4.039127642619473,1.0182426705985035
4.049127642619474,1.0183074793401734
4.059127642619476,1.018372345999444
4.069127642619478,1.0184372705655225
4.079127642619479,1.0185022530273953
4.089127642619481,1.0185672933738297
4.099127642619482,1.0186323915933717
4.109127642619484,1.0186975476743485
4.119127642619485,1.0187627616048662
4.129127642619487,1.0188280333728117
4.1391276426194885,1.018893362965851
4.14912764261949,1.0189587503714304
4.159127642619492,1.0190241955767756
4.169127642619493,1.0190896985688926
4.179127642619495,1.019155259334567
4.189127642619496,1.0192208778603637
4.199127642619498,1.0192865541326281
4.2091276426194995,1.019352288137485
4.219127642619501,1.0194180798608392
4.229127642619503,1.019483929288375
4.239127642619504,1.0195498364055564
4.249127642619506,1.0196158011976273
4.259127642619507,1.0196818236496117
4.269127642619509,1.0197479037463129
4.27912764261951,1.0198140414723138
4.289127642619512,1.0198802368119777
4.2991276426195135,1.019946489749447
4.309127642619515,1.020012800268645
4.319127642619517,1.0200791683532735
4.329127642619518,1.0201455939868147
4.33912764261952,1.0202120771525311
4.349127642619521,1.0202786178334642
4.359127642619523,1.020345216012436
4.3691276426195245,1.0204118716720485
4.379127642619526,1.020478584794683
4.389127642619528,1.020545355362501
4.399127642619529,1.0206121833574446
4.409127642619531,1.0206790687612355
4.419127642619532,1.020746011555375
4.429127642619534,1.0208130117211451
4.439127642619535,1.0208800692396078
4.449127642619537,1.0209471840916051
4.4591276426195385,1.0210143562577596
4.46912764261954,1.0210815857184734
4.479127642619542,1.02114887245393
4.489127642619543,1.0212162164440919
4.499127642619545,1.021283617668703
4.509127642619546,1.0213510761072875
4.519127642619548,1.0214185917391496
4.5291276426195495,1.0214861645433744
4.539127642619551,1.0215537944988278
4.549127642619553,1.0216214815841558
4.559127642619554,1.0216892257777856
4.569127642619556,1.0217570270579248
4.579127642619557,1.0218248854025622
4.589127642619559,1.0218928007894674
4.59912764261956,1.0219607731961906
4.609127642619562,1.0220288026000635
4.6191276426195635,1.0220968889781985
4.629127642619565,1.0221650323074898
4.639127642619567,1.022233232564612
4.649127642619568,1.0223014897260216
4.65912764261957,1.0223698037679565
4.669127642619571,1.022438174666436
4.679127642619573,1.0225066023972607
4.6891276426195745,1.0225750869360128
4.699127642619576,1.022643628258057
4.709127642619578,1.0227122263385393
4.719127642619579,1.0227808811523873
4.729127642619581,1.0228495926743109
4.739127642619582,1.022918360878802
4.749127642619584,1.022987185740135
4.759127642619585,1.0230560672323663
4.769127642619587,1.0231250053293346
4.779127642619589,1.0231940000046609
4.78912764261959,1.0232630512317495
4.799127642619592,1.0233321589837867
4.809127642619593,1.0234013232337418
4.819127642619595,1.0234705439543668
4.829127642619596,1.0235398211181972
4.839127642619598,1.023609154697551
4.8491276426195995,1.0236785446645298
4.859127642619601,1.0237479909910183
4.869127642619603,1.0238174936486848
4.879127642619604,1.023887052608981
4.889127642619606,1.0239566678431427
4.899127642619607,1.0240263393221887
4.909127642619609,1.0240960670169226
4.91912764261961,1.0241658508979312
4.929127642619612,1.0242356909355865
4.939127642619614,1.0243055871000437
4.949127642619615,1.024375539361243
4.959127642619617,1.0244455476889096
4.969127642619618,1.0245156120525523
4.97912764261962,1.0245857324214653
4.989127642619621,1.0246559087647282
4.999127642619623,1.024726141051205
5.0091276426196245,1.024796429249545
5.019127642619626,1.0248667733281833
5.029127642619628,1.0249371732553407
5.039127642619629,1.0250076289990226
5.049127642619631,1.0250781405270213
5.059127642619632,1.0251487078069146
5.069127642619634,1.0252193308060662
5.0791276426196355,1.0252900094916269
5.089127642619637,1.0253607438305328
5.099127642619639,1.0254315337895072
5.10912764261964,1.0255023793350606
5.119127642619642,1.0255732804334892
5.129127642619643,1.0256442370508771
5.139127642619645,1.0257152491530956
5.149127642619646,1.0257863167058032
5.159127642619648,1.0258574396744458
5.1691276426196495,1.025928618024257
5.179127642619651,1.0259998517202589
5.189127642619653,1.0260711407272607
5.199127642619654,1.0261424850098606
5.209127642619656,1.0262138845324447
5.219127642619657,1.026285339259188
5.229127642619659,1.026356849154054
5.2391276426196605,1.0264284141807956
5.249127642619662,1.026500034302954
5.259127642619664,1.0265717094838602
5.269127642619665,1.0266434396866349
5.279127642619667,1.026715224874188
5.289127642619668,1.0267870650092192
5.29912764261967,1.026858960054219
5.309127642619671,1.0269309099714672
5.319127642619673,1.0270029147230344
5.3291276426196745,1.027074974270782
5.339127642619676,1.027147088576362
5.349127642619678,1.0272192576012176
5.359127642619679,1.0272914813065825
5.369127642619681,1.0273637596534828
5.379127642619682,1.0274360926027357
5.389127642619684,1.0275084801149503
5.3991276426196855,1.0275809221505272
5.409127642619687,1.0276534186696604
5.419127642619689,1.0277259696323353
5.42912764261969,1.02779857499833
5.439127642619692,1.0278712347272163
5.449127642619693,1.0279439487783582
5.459127642619695,1.028016717110913
5.469127642619696,1.028089539683832
5.479127642619698,1.0281624164558603
5.4891276426196995,1.028235347385536
5.499127642619701,1.0283083324311924
5.509127642619703,1.0283813715509567
5.519127642619704,1.0284544647027505
5.529127642619706,1.0285276118442908
5.539127642619707,1.0286008129330888
5.549127642619709,1.0286740679264523
5.5591276426197105,1.0287473767814832
5.569127642619712,1.02882073945508
5.579127642619714,1.0288941559039368
5.589127642619715,1.0289676260845442
5.599127642619717,1.0290411499531893
5.609127642619718,1.0291147274659553
5.61912764261972,1.029188358578723
5.629127642619721,1.02926204324717
5.639127642619723,1.0293357814267714
5.6491276426197246,1.0294095730728001
5.659127642619726,1.0294834181403265
5.669127642619728,1.0295573165842198
5.679127642619729,1.0296312683591469
5.689127642619731,1.029705273419574
5.699127642619732,1.0297793317197654
5.709127642619734,1.0298534432137854
5.7191276426197355,1.0299276078554973
5.729127642619737,1.030001825598564
5.739127642619739,1.0300760963964481
5.74912764261974,1.0301504202024132
5.759127642619742,1.0302247969695226
5.769127642619743,1.0302992266506406
5.779127642619745,1.0303737091984324
5.789127642619746,1.0304482445653642
5.799127642619748,1.0305228327037044
5.80912764261975,1.0305974735655223
5.819127642619751,1.0306721671026897
5.829127642619753,1.0307469132668807
5.839127642619754,1.030821712009572
5.849127642619756,1.0308965632820426
5.859127642619757,1.0309714670353758
5.869127642619759,1.031046423220457
5.8791276426197605,1.0311214317879762
5.889127642619762,1.0311964926884267
5.899127642619764,1.0312716058721068
5.909127642619765,1.0313467712891184
5.919127642619767,1.031421988889369
5.929127642619768,1.0314972586225706
5.93912764261977,1.0315725804382412
5.9491276426197714,1.031647954285704
5.959127642619773,1.031723380114088
5.969127642619775,1.031798857872329
5.979127642619776,1.0318743875091687
5.989127642619778,1.0319499689731562
5.999127642619779,1.0320256022126475
6.009127642619781,1.032101287175806
6.019127642619782,1.0321770238106025
6.029127642619784,1.0322528120648164
6.0391276426197855,1.0323286518860353
6.049127642619787,1.0324045432216546
6.059127642619789,1.0324804860188799
6.06912764261979,1.032556480224725
6.079127642619792,1.0326325257860136
6.089127642619793,1.0327086226493793
6.099127642619795,1.0327847707612658
6.1091276426197965,1.0328609700679272
6.119127642619798,1.0329372205154281
6.1291276426198,1.0330135220496446
6.139127642619801,1.033089874616264
6.149127642619803,1.033166278160785
6.159127642619804,1.033242732628519
6.169127642619806,1.0333192379645892
6.179127642619807,1.0333957941139313
6.189127642619809,1.0334724010212946
6.1991276426198105,1.033549058631241
6.209127642619812,1.0336257668881466
6.219127642619814,1.0337025257362007
6.229127642619815,1.0337793351194076
6.239127642619817,1.0338561949815857
6.249127642619818,1.0339331052663687
6.25912764261982,1.034010065917205
6.2691276426198215,1.034087076877359
6.279127642619823,1.0341641380899107
6.289127642619825,1.0342412494977564
6.299127642619826,1.0343184110436094
6.309127642619828,1.034395622669999
6.319127642619829,1.0344728843192728
6.329127642619831,1.0345501959335948
6.339127642619832,1.0346275574549477
6.349127642619834,1.0347049688251322
6.3591276426198355,1.0347824299857675
6.369127642619837,1.034859940878292
6.379127642619839,1.034937501443963
6.38912764261984,1.0350151116238575
6.399127642619842,1.035092771358873
6.409127642619843,1.0351704805897257
6.419127642619845,1.0352482392569546
6.4291276426198465,1.035326047300918
6.439127642619848,1.0354039046617964
6.44912764261985,1.0354818112795918
6.459127642619851,1.0355597670941281
6.469127642619853,1.0356377720450516
6.479127642619854,1.0357158260718313
6.489127642619856,1.0357939291137594
6.499127642619857,1.0358720811099518
6.509127642619859,1.0359502819993478
6.5191276426198606,1.036028531720711
6.529127642619862,1.0361068302126297
6.539127642619864,1.0361851774135165
6.549127642619865,1.0362635732616103
6.559127642619867,1.0363420176949747
6.569127642619868,1.0364205106514994
6.57912764261987,1.0364990520689008
6.5891276426198715,1.0365776418847217
6.599127642619873,1.0366562800363324
6.609127642619875,1.0367349664609298
6.619127642619876,1.0368137010955396
6.629127642619878,1.0368924838770148
6.639127642619879,1.0369713147420379
6.649127642619881,1.037050193627119
6.659127642619882,1.0371291204685988
6.669127642619884,1.0372080952026472
6.679127642619886,1.0372871177652638
6.689127642619887,1.0373661880922789
6.699127642619889,1.0374453061193534
6.70912764261989,1.03752447178198
6.719127642619892,1.0376036850154822
6.729127642619893,1.0376829457550156
6.739127642619895,1.0377622539355684
6.7491276426198965,1.0378416094919614
6.759127642619898,1.0379210123588483
6.7691276426199,1.0380004624707162
6.779127642619901,1.0380799597618864
6.789127642619903,1.038159504166514
6.799127642619904,1.0382390956185894
6.809127642619906,1.0383187340519369
6.8191276426199074,1.0383984194002174
6.829127642619909,1.0384781515969266
6.839127642619911,1.038557930575397
6.849127642619912,1.0386377562687972
6.859127642619914,1.0387176286101334
6.869127642619915,1.0387975475322482
6.879127642619917,1.038877512967823
6.889127642619918,1.0389575248493765
6.89912764261992,1.0390375831092664
6.9091276426199215,1.0391176876796893
6.919127642619923,1.0391978384926805
6.929127642619925,1.0392780354801159
6.939127642619926,1.039358278573711
6.949127642619928,1.0394385677050222
6.959127642619929,1.0395189028054463
6.969127642619931,1.0395992838062218
6.9791276426199325,1.039679710638429
6.989127642619934,1.03976018323299
6.999127642619936,1.0398407015206697
7.009127642619937,1.0399212654320757
7.019127642619939,1.0400018748976594
7.02912764261994,1.0400825298477152
7.039127642619942,1.0401632302123824
7.049127642619943,1.0402439759216449
7.059127642619945,1.0403247669053306
7.0691276426199465,1.040405603093114
7.079127642619948,1.0404864844145143
7.08912764261995,1.040567410798898
7.099127642619951,1.0406483821754777
7.109127642619953,1.0407293984733126
7.119127642619954,1.0408104596213101
7.129127642619956,1.040891565548225
7.1391276426199575,1.0409727161826607
7.149127642619959,1.0410539114530688
7.159127642619961,1.041135151287751
7.169127642619962,1.041216435614857
7.179127642619964,1.041297764362388
7.189127642619965,1.0413791374581947
7.199127642619967,1.0414605548299787
7.209127642619968,1.041542016405293
7.21912764261997,1.0416235221115422
7.2291276426199715,1.0417050718759828
7.239127642619973,1.041786665625724
7.249127642619975,1.0418683032877276
7.259127642619976,1.041949984788809
7.269127642619978,1.042031710055637
7.279127642619979,1.0421134790147355
7.289127642619981,1.0421952915924817
7.2991276426199825,1.042277147715109
7.309127642619984,1.042359047308705
7.319127642619986,1.0424409902992147
7.329127642619987,1.042522976612438
7.339127642619989,1.0426050061740326
7.34912764261999,1.0426870789095128
7.359127642619992,1.0427691947442506
7.369127642619993,1.0428513536034762
7.379127642619995,1.0429335554122783
7.3891276426199965,1.043015800095604
7.399127642619998,1.0430980875782603
7.40912764262,1.043180417784914
7.419127642620001,1.0432627906400915
7.429127642620003,1.0433452060681805
7.439127642620004,1.0434276639934295
7.449127642620006,1.0435101643399483
7.4591276426200075,1.043592707031709
7.469127642620009,1.0436752919925463
7.479127642620011,1.0437579191461568
7.489127642620012,1.0438405884161013
7.499127642620014,1.0439232997258039
7.509127642620015,1.0440060529985529
7.519127642620017,1.0440888481575012
7.529127642620018,1.0441716851256666
7.53912764262002,1.0442545638259328
7.549127642620022,1.0443374841810487
7.559127642620023,1.0444204461136304
7.569127642620025,1.0445034495461598
7.579127642620026,1.044586494400987
7.589127642620028,1.0446695806003294
7.599127642620029,1.0447527080662722
7.609127642620031,1.0448358767207697
7.6191276426200325,1.0449190864856448
7.629127642620034,1.0450023372825903
7.639127642620036,1.0450856290331685
7.649127642620037,1.0451689616588125
7.659127642620039,1.0452523350808256
7.66912764262004,1.045335749220383
7.679127642620042,1.045419203998531
7.6891276426200434,1.045502699336189
7.699127642620045,1.0455862351541474
7.709127642620047,1.0456698113730714
7.719127642620048,1.0457534279134986
7.72912764262005,1.0458370846958411
7.739127642620051,1.045920781640385
7.749127642620053,1.0460045186672915
7.759127642620054,1.0460882956965971
7.769127642620056,1.046172112648214
7.7791276426200575,1.0462559694419307
7.789127642620059,1.0463398659974121
7.799127642620061,1.0464238022342007
7.809127642620062,1.0465077780717165
7.819127642620064,1.046591793429257
7.829127642620065,1.0466758482259986
7.839127642620067,1.0467599423809966
7.8491276426200685,1.0468440758131858
7.85912764262007,1.0469282484413807
7.869127642620072,1.047012460184276
7.879127642620073,1.0470967109604477
7.889127642620075,1.0471810006883524
7.899127642620076,1.0472653292863285
7.909127642620078,1.047349696672597
7.919127642620079,1.0474341027652612
7.929127642620081,1.047518547482307
7.9391276426200825,1.0476030307416047
7.949127642620084,1.047687552460908
7.959127642620086,1.0477721125578552
7.969127642620087,1.0478567109499697
7.979127642620089,1.0479413475546595
7.98912764262009,1.0480260222892195
7.999127642620092,1.04811073507083
8.009127642620093,1.0481954858165587
8.019127642620095,1.0482802744433597
8.029127642620097,1.0483651008680759
8.039127642620098,1.048449965007437
8.0491276426201,1.0485348667780625
8.059127642620101,1.0486198060964602
8.069127642620103,1.0487047828790277
8.079127642620104,1.0487897970420523
8.089127642620106,1.048874848501712
8.099127642620108,1.048959937174076
8.109127642620109,1.0490450629751042
8.11912764262011,1.049130225820649
8.129127642620112,1.049215425626454
8.139127642620114,1.0493006623081573
8.149127642620115,1.0493859357812885
8.159127642620117,1.0494712459612718
8.169127642620118,1.0495565927634256
8.17912764262012,1.0496419761029627
8.189127642620122,1.0497273958949909
8.199127642620123,1.0498128520545134
8.209127642620125,1.04989834449643
8.219127642620126,1.0499838731355364
8.229127642620128,1.0500694378865258
8.23912764262013,1.0501550386639886
8.249127642620131,1.0502406753824127
8.259127642620133,1.0503263479561846
8.269127642620134,1.05041205629959
8.279127642620136,1.0504978003268133
8.289127642620137,1.0505835799519392
8.299127642620139,1.050669395088952
8.30912764262014,1.0507552456517373
8.319127642620142,1.0508411315540815
8.329127642620143,1.0509270527096728
8.339127642620145,1.0510130090321013
8.349127642620147,1.0510990004348597
8.359127642620148,1.0511850268313438
8.36912764262015,1.051271088134853
8.379127642620151,1.0513571842585907
8.389127642620153,1.0514433151156644
8.399127642620154,1.0515294806190865
8.409127642620156,1.0516156806817754
8.419127642620158,1.0517019152165545
8.42912764262016,1.051788184136154
8.43912764262016,1.051874487353211
8.449127642620162,1.0519608247802696
8.459127642620164,1.0520471963297815
8.469127642620165,1.0521336019141068
8.479127642620167,1.052220041445514
8.489127642620169,1.0523065148361817
8.49912764262017,1.0523930219981963
8.509127642620172,1.0524795628435557
8.519127642620173,1.0525661372841681
8.529127642620175,1.0526527452318524
8.539127642620176,1.0527393865983388
8.549127642620178,1.0528260612952702
8.55912764262018,1.052912769234201
8.569127642620181,1.0529995103265992
8.579127642620183,1.0530862844838458
8.589127642620184,1.0531730916172355
8.599127642620186,1.0532599316379778
8.609127642620187,1.0533468044571963
8.619127642620189,1.0534337099859306
8.62912764262019,1.053520648135135
8.639127642620192,1.0536076188156807
8.649127642620194,1.0536946219383556
8.659127642620195,1.0537816574138643
8.669127642620197,1.0538687251528294
8.679127642620198,1.0539558250657908
8.6891276426202,1.0540429570632077
8.699127642620201,1.054130121055458
8.709127642620203,1.0542173169528388
8.719127642620204,1.0543045446655677
8.729127642620206,1.054391804103782
8.739127642620208,1.0544790951775407
8.74912764262021,1.054566417796823
8.75912764262021,1.054653771871531
8.769127642620212,1.0547411573114884
8.779127642620214,1.054828574026442
8.789127642620215,1.0549160219260614
8.799127642620217,1.05500350091994
8.809127642620219,1.0550910109175962
8.81912764262022,1.0551785518284715
8.829127642620222,1.0552661235619336
8.839127642620223,1.0553537260272754
8.849127642620225,1.0554413591337155
8.859127642620226,1.0555290227903997
8.869127642620228,1.0556167169064
8.87912764262023,1.0557044413907162
8.889127642620231,1.0557921961522763
8.899127642620233,1.0558799810999357
8.909127642620234,1.0559677961424796
8.919127642620236,1.056055641188622
8.929127642620237,1.0561435161470067
8.939127642620239,1.056231420926208
8.94912764262024,1.0563193554347303
8.959127642620242,1.0564073195810098
8.969127642620244,1.0564953132734138
8.979127642620245,1.0565833364202422
8.989127642620247,1.056671388929727
8.999127642620248,1.0567594707100334
9.00912764262025,1.05684758166926
9.019127642620251,1.0569357217154394
9.029127642620253,1.0570238907565388
9.039127642620254,1.05711208870046
9.049127642620256,1.0572003154550402
9.059127642620258,1.0572885709280526
9.06912764262026,1.0573768550272065
9.07912764262026,1.0574651676601476
9.089127642620262,1.0575535087344599
9.099127642620264,1.0576418781576638
9.109127642620265,1.0577302758372187
9.119127642620267,1.0578187016805218
9.129127642620269,1.05790715559491
9.13912764262027,1.0579956374876598
9.149127642620272,1.0580841472659872
9.159127642620273,1.058172684837049
9.169127642620275,1.0582612501079423
9.179127642620276,1.0583498429857066
9.189127642620278,1.058438463377322
9.19912764262028,1.058527111189712
9.209127642620281,1.0586157863297425
9.219127642620283,1.0587044887042223
9.229127642620284,1.0587932182199038
9.239127642620286,1.0588819747834841
9.249127642620287,1.0589707583016046
9.259127642620289,1.0590595686808517
9.26912764262029,1.0591484058277574
9.279127642620292,1.0592372696487993
9.289127642620294,1.059326160050402
9.299127642620295,1.0594150769389366
9.309127642620297,1.059504020220722
9.319127642620298,1.0595929898020242
9.3291276426203,1.059681985589058
9.339127642620301,1.0597710074879867
9.349127642620303,1.059860055404923
9.359127642620304,1.0599491292459284
9.369127642620306,1.060038228917016
9.379127642620308,1.060127354324148
9.38912764262031,1.0602165053732386
9.39912764262031,1.0603056819701526
9.409127642620312,1.0603948840207074
9.419127642620314,1.0604841114306724
9.429127642620315,1.0605733641057702
9.439127642620317,1.0606626419516758
9.449127642620319,1.0607519448740188
9.45912764262032,1.060841272778383
9.469127642620322,1.060930625570306
9.479127642620323,1.0610200031552812
9.489127642620325,1.0611094054387573
9.499127642620326,1.061198832326139
9.509127642620328,1.0612882837227875
9.51912764262033,1.0613777595340208
9.529127642620331,1.061467259665114
9.539127642620333,1.0615567840213007
9.549127642620334,1.0616463325077723
9.559127642620336,1.0617359050296782
9.569127642620337,1.0618255014921283
9.579127642620339,1.061915121800191
9.58912764262034,1.0620047658588954
9.599127642620342,1.0620944335732303
9.609127642620344,1.0621841248481465
9.619127642620345,1.0622738395885554
9.629127642620347,1.06236357769933
9.639127642620348,1.0624533390853066
9.64912764262035,1.0625431236512832
9.659127642620351,1.0626329313020213
9.669127642620353,1.0627227619422461
9.679127642620355,1.0628126154766468
9.689127642620356,1.0629024918098773
9.699127642620358,1.0629923908465557
9.70912764262036,1.0630823124912663
9.71912764262036,1.0631722566485589
9.729127642620362,1.0632622232229492
9.739127642620364,1.0633522121189203
9.749127642620365,1.0634422232409217
9.759127642620367,1.0635322564933711
9.769127642620369,1.063622311780654
9.77912764262037,1.063712389007124
9.789127642620372,1.0638024880771044
9.799127642620373,1.063892608894887
9.809127642620375,1.0639827513647337
9.819127642620376,1.0640729153908768
9.829127642620378,1.0641631008775192
9.83912764262038,1.0642533077288343
9.849127642620381,1.0643435358489681
9.859127642620383,1.0644337851420376
9.869127642620384,1.0645240555121325
9.879127642620386,1.0646143468633154
9.889127642620387,1.0647046590996223
9.899127642620389,1.0647949921250626
9.90912764262039,1.0648853458436198
9.919127642620392,1.0649757201592525
9.929127642620394,1.0650661149758935
9.939127642620395,1.0651565301974517
9.949127642620397,1.0652469657278112
9.959127642620398,1.0653374214708333
9.9691276426204,1.065427897330355
9.979127642620401,1.065518393210191
9.989127642620403,1.0656089090141339
9.999127642620405,1.0656994446459533
10.009127642620406,1.0657900000093983
10.019127642620408,1.065880575008196
10.02912764262041,1.0659711695460534
10.03912764262041,1.0660617835266568
10.049127642620412,1.0661524168536731
10.059127642620414,1.066243069430749
10.069127642620415,1.0663337411615128
10.079127642620417,1.0664244319495741
10.089127642620419,1.0665151416985243
10.09912764262042,1.066605870311937
10.109127642620422,1.0666966176933685
10.119127642620423,1.0667873837463582
10.129127642620425,1.066878168374429
10.139127642620426,1.0669689714810877
10.149127642620428,1.0670597929698256
10.15912764262043,1.0671506327441183
10.169127642620431,1.0672414907074275
10.179127642620433,1.0673323667631998
10.189127642620434,1.0674232608148677
10.199127642620436,1.067514172765851
10.209127642620437,1.0676051025195556
10.219127642620439,1.0676960499793748
10.22912764262044,1.06778701504869
10.239127642620442,1.0678779976308697
10.249127642620444,1.0679689976292723
10.259127642620445,1.0680600149472443
10.269127642620447,1.0681510494881217
10.279127642620448,1.0682421011552303
10.28912764262045,1.0683331698518859
10.299127642620451,1.068424255481395
10.309127642620453,1.0685153579470552
10.319127642620455,1.0686064771521555
10.329127642620456,1.0686976129999766
10.339127642620458,1.0687887653937913
10.34912764262046,1.0688799342368653
10.35912764262046,1.0689711194324572
10.369127642620462,1.069062320883819
10.379127642620464,1.0691535384941964
10.389127642620466,1.06924477216683
10.399127642620467,1.069336021804954
10.409127642620469,1.0694272873117985
10.41912764262047,1.069518568590589
10.429127642620472,1.0696098655445463
10.439127642620473,1.0697011780768881
10.449127642620475,1.0697925060908284
10.459127642620476,1.0698838494895784
10.469127642620478,1.0699752081763467
10.47912764262048,1.0700665820543398
10.489127642620481,1.0701579710267624
10.499127642620483,1.0702493749968178
10.509127642620484,1.0703407938677088
10.519127642620486,1.070432227542637
10.529127642620487,1.0705236759248042
10.539127642620489,1.0706151389174126
10.54912764262049,1.0707066164236647
10.559127642620492,1.0707981083467644
10.569127642620494,1.0708896145899165
10.579127642620495,1.0709811350563283
10.589127642620497,1.0710726696492086
10.599127642620498,1.0711642182717693
10.6091276426205,1.0712557808272254
10.619127642620501,1.0713473572187944
10.629127642620503,1.0714389473496986
10.639127642620505,1.071530551123164
10.649127642620506,1.0716221684424212
10.659127642620508,1.0717137992107055
10.66912764262051,1.0718054433312583
10.67912764262051,1.0718971007073255
10.689127642620512,1.0719887712421599
10.699127642620514,1.0720804548390206
10.709127642620516,1.072172151401174
10.719127642620517,1.0722638608318924
10.729127642620519,1.0723555830344575
10.73912764262052,1.0724473179121576
10.749127642620522,1.07253906536829
10.759127642620523,1.072630825306161
10.769127642620525,1.072722597629085
10.779127642620526,1.072814382240387
10.789127642620528,1.0729061790434016
10.79912764262053,1.0729979879414733
10.809127642620531,1.0730898088379577
10.819127642620533,1.0731816416362214
10.829127642620534,1.0732734862396418
10.839127642620536,1.0733653425516088
10.849127642620537,1.0734572104755242
10.859127642620539,1.0735490899148021
10.86912764262054,1.0736409807728697
10.879127642620542,1.0737328829531676
10.889127642620544,1.0738247963591498
10.899127642620545,1.073916720894284
10.909127642620547,1.074008656462053
10.919127642620548,1.0741006029659537
10.92912764262055,1.0741925603094986
10.939127642620551,1.074284528396215
10.949127642620553,1.0743765071296472
10.959127642620555,1.0744684964133542
10.969127642620556,1.0745604961509125
10.979127642620558,1.0746525062459156
10.98912764262056,1.074744526601974
10.99912764262056,1.0748365571227154
11.009127642620562,1.0749285977117866
11.019127642620564,1.075020648272852
11.029127642620566,1.0751127087095944
11.039127642620567,1.0752047789257169
11.049127642620569,1.075296858824941
11.05912764262057,1.0753889483110082
11.069127642620572,1.0754810472876806
11.079127642620573,1.0755731556587405
11.089127642620575,1.0756652733279906
11.099127642620576,1.075757400199256
11.109127642620578,1.0758495361763825
11.11912764262058,1.0759416811632376
11.129127642620581,1.0760338350637122
11.139127642620583,1.0761259977817188
11.149127642620584,1.0762181692211932
11.159127642620586,1.0763103492860946
11.169127642620587,1.0764025378804059
11.179127642620589,1.0764947349081342
11.18912764262059,1.0765869402733106
11.199127642620592,1.076679153879991
11.209127642620594,1.0767713756322566
11.219127642620595,1.076863605434214
11.229127642620597,1.076955843189995
11.239127642620598,1.0770480888037588
11.2491276426206,1.0771403421796895
11.259127642620602,1.0772326032219988
11.269127642620603,1.0773248718349255
11.279127642620605,1.077417147922736
11.289127642620606,1.0775094313897242
11.299127642620608,1.077601722140212
11.30912764262061,1.0776940200785503
11.31912764262061,1.0777863251091184
11.329127642620612,1.0778786371363251
11.339127642620614,1.0779709560646085
11.349127642620616,1.0780632817984364
11.359127642620617,1.0781556142423065
11.369127642620619,1.0782479533007485
11.37912764262062,1.0783402988783206
11.389127642620622,1.0784326508796143
11.399127642620623,1.078525009209251
11.409127642620625,1.0786173737718852
11.419127642620627,1.0787097444722025
11.429127642620628,1.0788021212149213
11.43912764262063,1.0788945039047932
11.449127642620631,1.0789868924466028
11.459127642620633,1.0790792867451677
11.469127642620634,1.0791716867053394
11.479127642620636,1.079264092232004
11.489127642620637,1.0793565032300816
11.499127642620639,1.0794489196045272
11.50912764262064,1.0795413412603307
11.519127642620642,1.0796337681025174
11.529127642620644,1.079726200036149
11.539127642620645,1.0798186369663219
11.549127642620647,1.07991107879817
11.559127642620648,1.0800035254368634
11.56912764262065,1.0800959767876095
11.579127642620652,1.0801884327556524
11.589127642620653,1.080280893246274
11.599127642620655,1.080373358164795
11.609127642620656,1.0804658274165728
11.619127642620658,1.080558300907005
11.62912764262066,1.0806507785415265
11.639127642620661,1.0807432602256126
11.649127642620662,1.0808357458647773
11.659127642620664,1.080928235364575
11.669127642620666,1.0810207286306
11.679127642620667,1.0811132255684868
11.689127642620669,1.0812057260839103
11.69912764262067,1.0812982300825875
11.709127642620672,1.0813907374702758
11.719127642620673,1.0814832481527747
11.729127642620675,1.0815757620359254
11.739127642620677,1.0816682790256114
11.749127642620678,1.0817607990277587
11.75912764262068,1.0818533219483366
11.769127642620681,1.0819458476933566
11.779127642620683,1.0820383761688743
11.789127642620684,1.0821309072809893
11.799127642620686,1.0822234409358444
11.809127642620687,1.0823159770396278
11.819127642620689,1.0824085154985712
11.82912764262069,1.082501056218952
11.839127642620692,1.0825935991070927
11.849127642620694,1.0826861440693611
11.859127642620695,1.0827786910121708
11.869127642620697,1.0828712398419822
11.879127642620698,1.0829637904653007
11.8891276426207,1.0830563427886797
11.899127642620702,1.0831488967187188
11.909127642620703,1.0832414521620652
11.919127642620705,1.083334009025414
11.929127642620706,1.0834265672155075
11.939127642620708,1.083519126639136
11.94912764262071,1.0836116872031387
11.959127642620711,1.0837042488144035
11.969127642620712,1.083796811379867
11.979127642620714,1.0838893748065153
11.989127642620716,1.0839819390013836
11.999127642620717,1.0840745038715576
12.009127642620719,1.0841670693241725
12.01912764262072,1.0842596352664142
12.029127642620722,1.0843522016055192
12.039127642620723,1.0844447682487746
12.049127642620725,1.0845373351035195
12.059127642620727,1.0846299020771437
12.069127642620728,1.0847224690770891
12.07912764262073,1.0848150360108497
12.089127642620731,1.0849076027859716
12.099127642620733,1.0850001693100537
12.109127642620734,1.0850927354907478
12.119127642620736,1.0851853012357582
12.129127642620738,1.0852778664528437
12.139127642620739,1.085370431049816
12.14912764262074,1.0854629949345407
12.159127642620742,1.0855555580149376
12.169127642620744,1.0856481201989818
12.179127642620745,1.085740681394702
12.189127642620747,1.0858332415101828
12.199127642620748,1.0859258004535632
12.20912764262075,1.086018358133039
12.219127642620752,1.08611091445686
12.229127642620753,1.0862034693333338
12.239127642620755,1.0862960226708234
12.249127642620756,1.0863885743777484
12.259127642620758,1.0864811243625854
12.26912764262076,1.0865736725338682
12.279127642620761,1.0866662188001879
12.289127642620763,1.086758763070193
12.299127642620764,1.0868513052525899
12.309127642620766,1.0869438452561435
12.319127642620767,1.0870363829896768
12.329127642620769,1.0871289183620714
12.33912764262077,1.0872214512822675
12.349127642620772,1.0873139816592652
12.359127642620773,1.0874065094021232
12.369127642620775,1.0874990344199602
12.379127642620777,1.0875915566219552
12.389127642620778,1.087684075917346
12.39912764262078,1.0877765922154325
12.409127642620781,1.087869105425574
12.419127642620783,1.0879616154571914
12.429127642620784,1.0880541222197657
12.439127642620786,1.0881466256228407
12.449127642620788,1.0882391255760204
12.459127642620789,1.0883316219889718
12.46912764262079,1.0884241147714233
12.479127642620792,1.088516603833166
12.489127642620794,1.0886090890840527
12.499127642620795,1.0887015704340006
12.509127642620797,1.0887940477929883
12.519127642620798,1.0888865210710592
12.5291276426208,1.0889789901783187
12.539127642620802,1.0890714550249374
12.549127642620803,1.0891639155211488
12.559127642620805,1.089256371577251
12.569127642620806,1.0893488231036068
12.579127642620808,1.0894412700106435
12.58912764262081,1.0895337122088535
12.599127642620811,1.089626149608794
12.609127642620813,1.0897185821210877
12.619127642620814,1.0898110096564233
12.629127642620816,1.089903432125555
12.639127642620817,1.089995849439303
12.649127642620819,1.0900882615085539
12.65912764262082,1.090180668244261
12.669127642620822,1.090273069557444
12.679127642620823,1.0903654653591903
12.689127642620825,1.0904578555606537
12.699127642620827,1.0905502400730558
12.709127642620828,1.0906426188076856
12.71912764262083,1.0907349916759006
12.729127642620831,1.0908273585891255
12.739127642620833,1.090919719458854
12.749127642620834,1.0910120741966478
12.759127642620836,1.0911044227141382
12.769127642620838,1.0911967649230243
12.779127642620839,1.0912891007350756
12.78912764262084,1.0913814300621298
12.799127642620842,1.0914737528160952
12.809127642620844,1.0915660689089492
12.819127642620845,1.0916583782527398
12.829127642620847,1.091750680759585
12.839127642620848,1.0918429763416728
12.84912764262085,1.0919352649112632
12.859127642620852,1.0920275463806857
12.869127642620853,1.0921198206623413
12.879127642620855,1.0922120876687027
12.889127642620856,1.0923043473123137
12.899127642620858,1.09239659950579
12.90912764262086,1.0924888441618195
12.919127642620861,1.092581081193161
12.929127642620863,1.0926733105126476
12.939127642620864,1.092765532033183
12.949127642620866,1.0928577456677449
12.959127642620867,1.0929499513293837
12.969127642620869,1.093042148931222
12.97912764262087,1.0931343383864576
12.989127642620872,1.09322651960836
12.999127642620874,1.0933186925102731
13.009127642620875,1.0934108570056156
13.019127642620877,1.0935030130078787
13.029127642620878,1.0935951604306293
13.03912764262088,1.0936872991875082
13.049127642620881,1.093779429192231
13.059127642620883,1.093871550358588
13.069127642620884,1.0939636626004454
13.079127642620886,1.0940557658317438
13.089127642620888,1.0941478599664998
13.09912764262089,1.0942399449188054
13.10912764262089,1.0943320206028284
13.119127642620892,1.0944240869328132
13.129127642620894,1.0945161438230802
13.139127642620895,1.0946081911880257
13.149127642620897,1.0947002289421233
13.159127642620899,1.094792256999923
13.1691276426209,1.0948842752760524
13.179127642620902,1.0949762836852155
13.189127642620903,1.095068282142194
13.199127642620905,1.0951602705618473
13.209127642620906,1.0952522488591123
13.219127642620908,1.095344216949004
13.22912764262091,1.0954361747466153
13.239127642620911,1.0955281221671176
13.249127642620913,1.09562005912576
13.259127642620914,1.0957119855378719
13.269127642620916,1.0958039013188594
13.279127642620917,1.095895806384209
13.289127642620919,1.0959877006494863
13.29912764262092,1.0960795840303355
13.309127642620922,1.0961714564424807
13.319127642620924,1.0962633178017258
13.329127642620925,1.0963551680239545
13.339127642620927,1.0964470070251304
13.349127642620928,1.0965388347212972
13.35912764262093,1.0966306510285795
13.369127642620931,1.0967224558631818
13.379127642620933,1.0968142491413897
13.389127642620934,1.0969060307795693
13.399127642620936,1.0969978006941683
13.409127642620938,1.0970895588017149
13.41912764262094,1.0971813050188195
13.42912764262094,1.0972730392621735
13.439127642620942,1.09736476144855
13.449127642620944,1.097456471494804
13.459127642620945,1.0975481693178728
13.469127642620947,1.0976398548347754
13.479127642620949,1.097731527962614
13.48912764262095,1.0978231886185723
13.499127642620952,1.0979148367199172
13.509127642620953,1.0980064721839984
13.519127642620955,1.0980980949282488
13.529127642620956,1.098189704870184
13.539127642620958,1.0982813019274031
13.54912764262096,1.0983728860175888
13.559127642620961,1.0984644570585071
13.569127642620963,1.0985560149680083
13.579127642620964,1.098647559664026
13.589127642620966,1.0987390910645782
13.599127642620967,1.0988306090877675
13.609127642620969,1.0989221136517802
13.61912764262097,1.0990136046748873
13.629127642620972,1.0991050820754449
13.639127642620974,1.0991965457718935
13.649127642620975,1.0992879956827588
13.659127642620977,1.0993794317266516
13.669127642620978,1.099470853822268
13.67912764262098,1.0995622618883891
13.689127642620981,1.0996536558438823
13.699127642620983,1.0997450356077008
13.709127642620984,1.0998364010988824
13.719127642620986,1.099927752236552
13.729127642620988,1.1000190889399206
13.73912764262099,1.1001104111282851
13.74912764262099,1.1002017187210291
13.759127642620992,1.1002930116376226
13.769127642620994,1.1003842897976224
13.779127642620995,1.1004755531206722
13.789127642620997,1.1005668015265027
13.799127642620999,1.1006580349349313
13.809127642621,1.1007492532658634
13.819127642621002,1.1008404564392915
13.829127642621003,1.1009316443752952
13.839127642621005,1.1010228169940426
13.849127642621006,1.1011139742157887
13.859127642621008,1.1012051159608771
13.86912764262101,1.1012962421497392
13.879127642621011,1.101387352702895
13.889127642621013,1.101478447540952
13.899127642621014,1.101569526584607
13.909127642621016,1.1016605897546452
13.919127642621017,1.10175163697194
13.929127642621019,1.1018426681574545
13.93912764262102,1.1019336832322402
13.949127642621022,1.1020246821174378
13.959127642621024,1.1021156647342771
13.969127642621025,1.102206631004078
13.979127642621027,1.102297580848249
13.989127642621028,1.1023885141882885
13.99912764262103,1.102479430945785
14.009127642621031,1.1025703310424166
14.019127642621033,1.1026612143999512
14.029127642621035,1.1027520809402471
14.039127642621036,1.1028429305852525
14.049127642621038,1.1029337632570064
14.05912764262104,1.1030245788776378
14.06912764262104,1.1031153773693667
14.079127642621042,1.1032061586545034
14.089127642621044,1.1032969226554497
14.099127642621045,1.1033876692946973
14.109127642621047,1.10347839849483
14.119127642621049,1.1035691101785219
14.12912764262105,1.1036598042685393
14.139127642621052,1.103750480687739
14.149127642621053,1.1038411393590697
14.159127642621055,1.1039317802055721
14.169127642621056,1.104022403150378
14.179127642621058,1.1041130081167114
14.18912764262106,1.1042035950278883
14.199127642621061,1.104294163807317
14.209127642621063,1.1043847143784968
14.219127642621064,1.104475246665021
14.229127642621066,1.1045657605905739
14.239127642621067,1.1046562560789333
14.249127642621069,1.1047467330539689
14.25912764262107,1.1048371914396435
14.269127642621072,1.104927631160013
14.279127642621074,1.1050180521392252
14.289127642621075,1.1051084543015222
14.299127642621077,1.1051988375712385
14.309127642621078,1.105289201872802
14.31912764262108,1.1053795471307337
14.329127642621081,1.1054698732696484
14.339127642621083,1.105560180214255
14.349127642621085,1.1056504678893546
14.359127642621086,1.1057407362198433
14.369127642621088,1.1058309851307102
14.37912764262109,1.1059212145470394
14.38912764262109,1.106011424394008
14.399127642621092,1.1061016145968878
14.409127642621094,1.1061917850810445
14.419127642621095,1.1062819357719387
14.429127642621097,1.1063720665951247
14.439127642621099,1.106462177476252
14.4491276426211,1.1065522683410642
14.459127642621102,1.1066423391154
14.469127642621103,1.106732389725193
14.479127642621105,1.1068224200964711
14.489127642621106,1.1069124301553577
14.499127642621108,1.107002419828071
14.50912764262111,1.1070923890409246
14.519127642621111,1.1071823377203274
14.529127642621113,1.1072722657927834
14.539127642621114,1.1073621731848924
14.549127642621116,1.107452059823349
14.559127642621117,1.1075419256349446
14.569127642621119,1.1076317705465655
14.57912764262112,1.1077215944851935
14.589127642621122,1.1078113973779071
14.599127642621124,1.1079011791518802
14.609127642621125,1.1079909397343832
14.619127642621127,1.1080806790527822
14.629127642621128,1.1081703970345393
14.63912764262113,1.108260093607214
14.649127642621131,1.1083497686984611
14.659127642621133,1.108439422236032
14.669127642621135,1.1085290541477755
14.679127642621136,1.1086186643616356
14.689127642621138,1.108708252805654
14.69912764262114,1.1087978194079693
14.70912764262114,1.1088873640968164
14.719127642621142,1.1089768868005274
14.729127642621144,1.1090663874475313
14.739127642621145,1.1091558659663543
14.749127642621147,1.1092453222856198
14.759127642621149,1.1093347563340483
14.76912764262115,1.1094241680404575
14.779127642621152,1.1095135573337631
14.789127642621153,1.109602924142978
14.799127642621155,1.1096922683972117
14.809127642621156,1.1097815900256727
14.819127642621158,1.1098708889576665
14.82912764262116,1.1099601651225965
14.839127642621161,1.1100494184499636
14.849127642621163,1.110138648869367
14.859127642621164,1.110227856310504
14.869127642621166,1.1103170407031693
14.879127642621167,1.1104062019772563
14.889127642621169,1.110495340062756
14.89912764262117,1.1105844548897585
14.909127642621172,1.1106735463884516
14.919127642621174,1.1107626144891212
14.929127642621175,1.1108516591221522
14.939127642621177,1.1109406802180282
14.949127642621178,1.1110296777073305
14.95912764262118,1.1111186515207394
14.969127642621181,1.1112076015890346
14.979127642621183,1.1112965278430935
14.989127642621185,1.111385430213893
14.999127642621186,1.1114743086325087
15.009127642621188,1.111563163030115
15.01912764262119,1.1116519933379856
15.02912764262119,1.111740799487493
15.039127642621192,1.1118295814101087
15.049127642621194,1.1119183390374043
15.059127642621196,1.1120070723010493
15.069127642621197,1.1120957811328134
15.079127642621199,1.1121844654645656
15.0891276426212,1.1122731252282738
15.099127642621202,1.112361760356006
15.109127642621203,1.1124503707799296
15.119127642621205,1.112538956432311
15.129127642621206,1.1126275172455171
15.139127642621208,1.1127160531520137
15.14912764262121,1.112804564084367
15.159127642621211,1.1128930499752427
15.169127642621213,1.1129815107574064
15.179127642621214,1.1130699463637235
15.189127642621216,1.1131583567271597
15.199127642621217,1.11324674178078
15.209127642621219,1.1133351014577506
15.21912764262122,1.1134234356913368
15.229127642621222,1.1135117444149043
15.239127642621224,1.1136000275619193
15.249127642621225,1.113688285065948
15.259127642621227,1.113776516860657
15.269127642621228,1.1138647228798135
15.27912764262123,1.1139529030572846
15.289127642621231,1.114041057327038
15.299127642621233,1.1141291856231426
15.309127642621235,1.1142172878797665
15.319127642621236,1.1143053640311797
15.329127642621238,1.114393414011752
15.33912764262124,1.1144814377559542
15.34912764262124,1.114569435198358
15.359127642621242,1.1146574062736354
15.369127642621244,1.1147453509165595
15.379127642621246,1.1148332690620042
15.389127642621247,1.1149211606449445
15.399127642621249,1.1150090256004557
15.40912764262125,1.1150968638637149
15.419127642621252,1.1151846753699997
15.429127642621253,1.1152724600546886
15.439127642621255,1.1153602178532616
15.449127642621256,1.1154479487013
15.459127642621258,1.1155356525344857
15.46912764262126,1.1156233292886022
15.479127642621261,1.1157109788995339
15.489127642621263,1.115798601303267
15.499127642621264,1.1158861964358884
15.509127642621266,1.115973764233587
15.519127642621267,1.1160613046326524
15.529127642621269,1.1161488175694763
15.53912764262127,1.1162363029805515
15.549127642621272,1.1163237608024723
15.559127642621274,1.1164111909719345
15.569127642621275,1.1164985934257357
15.579127642621277,1.1165859681007748
15.589127642621278,1.1166733149340526
15.59912764262128,1.1167606338626714
15.609127642621281,1.1168479248238352
15.619127642621283,1.1169351877548495
15.629127642621285,1.117022422593122
15.639127642621286,1.1171096292761622
15.649127642621288,1.1171968077415806
15.65912764262129,1.1172839579270906
15.66912764262129,1.1173710797705068
15.679127642621292,1.117458173209746
15.689127642621294,1.1175452381828266
15.699127642621296,1.1176322746278693
15.709127642621297,1.1177192824830966
15.719127642621299,1.1178062616868332
15.7291276426213,1.1178932121775054
15.739127642621302,1.117980133893642
15.749127642621303,1.1180670267738737
15.759127642621305,1.1181538907569333
15.769127642621307,1.1182407257816556
15.779127642621308,1.118327531786978
15.78912764262131,1.1184143087119398
15.799127642621311,1.118501056495682
15.809127642621313,1.118587775077449
15.819127642621314,1.1186744643965865
15.829127642621316,1.1187611243925424
15.839127642621317,1.1188477550048677
15.849127642621319,1.1189343561732146
15.85912764262132,1.1190209278373389
15.869127642621322,1.1191074699370978
15.879127642621324,1.119193982412451
15.889127642621325,1.119280465203461
15.899127642621327,1.1193669182502926
15.909127642621328,1.1194533414932124
15.91912764262133,1.1195397348725906
15.929127642621332,1.1196260983288986
15.939127642621333,1.1197124318027112
15.949127642621335,1.1197987352347054
15.959127642621336,1.1198850085656604
15.969127642621338,1.1199712517364584
15.97912764262134,1.1200574646880839
15.989127642621341,1.120143647361624
15.999127642621342,1.1202297996982686
16.009127642621344,1.1203159216393095
16.019127642621346,1.1204020131261418
16.029127642621347,1.1204880741002632
16.03912764262135,1.1205741045032735
16.04912764262135,1.1206601042768753
16.059127642621352,1.1207460733628745
16.069127642621353,1.1208320117031787
16.079127642621355,1.1209179192397989
16.089127642621357,1.1210037959148482
16.099127642621358,1.121089641670543
16.10912764262136,1.121175456449202
16.11912764262136,1.1212612401932467
16.129127642621363,1.1213469928452013
16.139127642621364,1.121432714347693
16.149127642621366,1.1215184046434512
16.159127642621367,1.1216040636753086
16.16912764262137,1.1216896913862007
16.17912764262137,1.121775287719165
16.189127642621372,1.1218608526173421
16.199127642621374,1.1219463860239762
16.209127642621375,1.1220318878824136
16.219127642621377,1.122117358136103
16.22912764262138,1.1222027967285966
16.23912764262138,1.122288203603549
16.24912764262138,1.122373578704718
16.259127642621383,1.1224589219759638
16.269127642621385,1.1225442333612494
16.279127642621386,1.1226295128046413
16.289127642621388,1.1227147602503078
16.29912764262139,1.1227999756425209
16.30912764262139,1.122885158925655
16.319127642621392,1.1229703100441872
16.329127642621394,1.123055428942698
16.339127642621396,1.1231405155658702
16.349127642621397,1.1232255698584894
16.3591276426214,1.123310591765445
16.3691276426214,1.1233955812317278
16.379127642621402,1.1234805382024322
16.389127642621403,1.123565462622756
16.399127642621405,1.1236503544379985
16.409127642621407,1.123735213593563
16.419127642621408,1.1238200400349552
16.42912764262141,1.1239048337077835
16.43912764262141,1.1239895945577592
16.449127642621413,1.1240743225306966
16.459127642621414,1.124159017572513
16.469127642621416,1.1242436796292279
16.479127642621417,1.124328308646964
16.48912764262142,1.124412904571947
16.49912764262142,1.124497467350505
16.509127642621422,1.1245819969290696
16.519127642621424,1.1246664932541741
16.529127642621425,1.1247509562724558
16.539127642621427,1.124835385930654
16.54912764262143,1.124919782175611
16.55912764262143,1.1250041449542718
16.56912764262143,1.1250884742136846
16.579127642621433,1.125172769901
16.589127642621435,1.1252570319634714
16.599127642621436,1.1253412603484547
16.609127642621438,1.1254254550034093
16.61912764262144,1.1255096158758966
16.62912764262144,1.1255937429135812
16.639127642621443,1.12567783606423
16.649127642621444,1.1257618952757134
16.659127642621446,1.1258459204960032
16.669127642621447,1.1259299116731754
16.67912764262145,1.1260138687554073
16.68912764262145,1.12609779169098
16.699127642621452,1.1261816804282767
16.709127642621453,1.1262655349157835
16.719127642621455,1.126349355102089
16.729127642621457,1.1264331409358839
16.739127642621458,1.1265168923659628
16.74912764262146,1.1266006093412217
16.75912764262146,1.12668429181066
16.769127642621463,1.1267679397233792
16.779127642621464,1.1268515530285836
16.789127642621466,1.12693513167558
16.799127642621468,1.1270186756137777
16.80912764262147,1.1271021847926888
16.81912764262147,1.1271856591619274
16.829127642621472,1.1272690986712106
16.839127642621474,1.1273525032703577
16.849127642621475,1.1274358729092906
16.859127642621477,1.1275192075380338
16.86912764262148,1.127602507106714
16.87912764262148,1.1276857715655602
16.88912764262148,1.1277690008649044
16.899127642621483,1.1278521949551803
16.909127642621485,1.1279353537869243
16.919127642621486,1.1280184773107755
16.929127642621488,1.1281015654774746
16.93912764262149,1.1281846182378654
16.94912764262149,1.1282676355428933
16.959127642621493,1.1283506173436064
16.969127642621494,1.1284335635911553
16.979127642621496,1.1285164742367924
16.989127642621497,1.1285993492318722
16.9991276426215,1.1286821885278522
17.0091276426215,1.128764992076291
17.019127642621502,1.1288477598288507
17.029127642621503,1.1289304917372944
17.039127642621505,1.1290131877534877
17.049127642621507,1.1290958478293986
17.059127642621508,1.1291784719170972
17.06912764262151,1.129261059968755
17.07912764262151,1.1293436119366462
17.089127642621513,1.1294261277731468
17.099127642621514,1.1295086074307348
17.109127642621516,1.1295910508619904
17.119127642621518,1.1296734580195955
17.12912764262152,1.1297558288563339
17.13912764262152,1.1298381633250916
17.149127642621522,1.1299204613788565
17.159127642621524,1.130002722970718
17.169127642621525,1.1300849480538675
17.179127642621527,1.1301671365815982
17.18912764262153,1.1302492885073054
17.19912764262153,1.1303314037844858
17.20912764262153,1.1304134823667384
17.219127642621533,1.1304955242077628
17.229127642621535,1.1305775292613616
17.239127642621536,1.1306594974814381
17.249127642621538,1.130741428821998
17.25912764262154,1.1308233232371478
17.26912764262154,1.1309051806810966
17.279127642621543,1.1309870011081542
17.289127642621544,1.1310687844727318
17.299127642621546,1.1311505307293435
17.309127642621547,1.1312322398326031
17.31912764262155,1.131313911737227
17.32912764262155,1.131395546398033
17.339127642621552,1.1314771437699398
17.349127642621553,1.1315587038079675
17.359127642621555,1.1316402264672378
17.369127642621557,1.131721711702974
17.379127642621558,1.1318031594705
17.38912764262156,1.1318845697252413
17.39912764262156,1.1319659424227249
17.409127642621563,1.1320472775185784
17.419127642621564,1.132128574968531
17.429127642621566,1.132209834728413
17.439127642621568,1.1322910567541558
17.44912764262157,1.1323722410017916
17.45912764262157,1.1324533874274538
17.469127642621572,1.132534495987377
17.479127642621574,1.1326155666378965
17.489127642621575,1.132696599335449
17.499127642621577,1.1327775940365714
17.50912764262158,1.1328585506979019
17.51912764262158,1.1329394692761798
17.52912764262158,1.133020349728245
17.539127642621583,1.1331011920110379
17.549127642621585,1.1331819960815999
17.559127642621586,1.1332627618970732
17.569127642621588,1.1333434894147005
17.57912764262159,1.1334241785918255
17.58912764262159,1.133504829385892
17.599127642621593,1.133585441754445
17.609127642621594,1.1336660156551295
17.619127642621596,1.1337465510456908
17.629127642621597,1.1338270478839758
17.6391276426216,1.133907506127931
17.6491276426216,1.1339879257356031
17.659127642621602,1.13406830666514
17.669127642621604,1.1341486488747892
17.679127642621605,1.1342289523228986
17.689127642621607,1.134309216967917
17.699127642621608,1.1343894427683927
17.70912764262161,1.1344696296829746
17.71912764262161,1.1345497776704114
17.729127642621613,1.1346298866895523
17.739127642621614,1.1347099566993466
17.749127642621616,1.1347899876588432
17.759127642621618,1.1348699795271915
17.76912764262162,1.1349499322636405
17.77912764262162,1.1350298458275394
17.789127642621622,1.1351097201783371
17.799127642621624,1.1351895552755824
17.809127642621625,1.1352693510789245
17.819127642621627,1.135349107548111
17.82912764262163,1.1354288246429904
17.83912764262163,1.1355085023235107
17.84912764262163,1.1355881405497197
17.859127642621633,1.135667739281764
17.869127642621635,1.1357472984798906
17.879127642621636,1.1358268181044457
17.889127642621638,1.1359062981158754
17.89912764262164,1.1359857384747247
17.90912764262164,1.136065139141638
17.919127642621643,1.13614450007736
17.929127642621644,1.1362238212427336
17.939127642621646,1.1363031025987014
17.949127642621647,1.136382344106306
17.95912764262165,1.1364615457266876
17.96912764262165,1.1365407074210871
17.979127642621652,1.1366198291508443
17.989127642621654,1.136698910877397
17.999127642621655,1.1367779525622832
18.009127642621657,1.1368569541671396
18.01912764262166,1.1369359156537016
18.02912764262166,1.1370148369838038
18.03912764262166,1.1370937181193792
18.049127642621663,1.1371725590224604
18.059127642621664,1.1372513596551783
18.069127642621666,1.1373301199797625
18.079127642621668,1.1374088399585416
18.08912764262167,1.1374875195539427
18.09912764262167,1.1375661587284913
18.109127642621672,1.1376447574448116
18.119127642621674,1.1377233156656268
18.129127642621675,1.137801833353758
18.139127642621677,1.137880310472125
18.14912764262168,1.1379587469837456
18.15912764262168,1.1380371428517364
18.16912764262168,1.1381154980393124
18.179127642621683,1.1381938125097866
18.189127642621685,1.1382720862265698
18.199127642621686,1.1383503191531719
18.209127642621688,1.1384285112532
18.21912764262169,1.13850666249036
18.22912764262169,1.138584772828455
18.239127642621693,1.1386628422313874
18.249127642621694,1.138740870663156
18.259127642621696,1.1388188580878587
18.269127642621697,1.1388968044696903
18.2791276426217,1.1389747097729441
18.2891276426217,1.1390525739620112
18.299127642621702,1.1391303970013793
18.309127642621704,1.1392081788556352
18.319127642621705,1.1392859194894622
18.329127642621707,1.139363618867642
18.33912764262171,1.139441276955053
18.34912764262171,1.1395188937166716
18.35912764262171,1.1395964691175717
18.369127642621713,1.139674003122924
18.379127642621715,1.1397514956979968
18.389127642621716,1.139828946808156
18.399127642621718,1.139906356418864
18.40912764262172,1.1399837244956814
18.41912764262172,1.1400610510042646
18.429127642621722,1.140138335910368
18.439127642621724,1.1402155791798432
18.449127642621725,1.1402927807786376
18.459127642621727,1.1403699406727967
18.46912764262173,1.1404470588284625
18.47912764262173,1.1405241352118733
18.48912764262173,1.1406011697893652
18.499127642621733,1.1406781625273699
18.509127642621735,1.1407551133924165
18.519127642621736,1.1408320223511308
18.529127642621738,1.1409088893702342
18.53912764262174,1.1409857144165456
18.54912764262174,1.14106249745698
18.559127642621743,1.1411392384585493
18.569127642621744,1.1412159373883606
18.579127642621746,1.1412925942136183
18.589127642621747,1.1413692089016227
18.59912764262175,1.1414457814197703
18.60912764262175,1.1415223117355542
18.619127642621752,1.1415987998165629
18.629127642621754,1.141675245630481
18.639127642621755,1.1417516491450899
18.649127642621757,1.141828010328266
18.65912764262176,1.141904329147982
18.66912764262176,1.1419806055723067
18.67912764262176,1.142056839569404
18.689127642621763,1.1421330311075342
18.699127642621765,1.1422091801550525
18.709127642621766,1.142285286680411
18.719127642621768,1.1423613506521557
18.72912764262177,1.1424373720389296
18.73912764262177,1.1425133508094705
18.749127642621772,1.1425892869326115
18.759127642621774,1.1426651803772812
18.769127642621775,1.1427410311125032
18.779127642621777,1.1428168391073972
18.78912764262178,1.1428926043311773
18.79912764262178,1.1429683267531527
18.80912764262178,1.1430440063427285
18.819127642621783,1.1431196430694035
18.829127642621785,1.143195236902773
18.839127642621786,1.143270787812526
18.849127642621788,1.1433462957684466
18.85912764262179,1.1434217607404145
18.86912764262179,1.1434971826984028
18.879127642621793,1.1435725616124808
18.889127642621794,1.1436478974528113
18.899127642621796,1.1437231901896519
18.909127642621797,1.143798439793355
18.9191276426218,1.1438736462343675
18.9291276426218,1.1439488094832302
18.939127642621802,1.1440239295105787
18.949127642621804,1.144099006287143
18.959127642621805,1.144174039783747
18.969127642621807,1.1442490299713088
18.97912764262181,1.1443239768208409
18.98912764262181,1.1443988803034495
18.99912764262181,1.1444737403903353
19.009127642621813,1.1445485570527925
19.019127642621815,1.1446233302622093
19.029127642621816,1.144698059990068
19.039127642621818,1.1447727462079444
19.04912764262182,1.144847388887508
19.05912764262182,1.1449219880005221
19.069127642621822,1.1449965435188436
19.079127642621824,1.1450710554144232
19.089127642621825,1.1451455236593044
19.099127642621827,1.145219948225625
19.10912764262183,1.145294329085615
19.11912764262183,1.1453686662115992
19.12912764262183,1.1454429595759945
19.139127642621833,1.1455172091513115
19.149127642621835,1.1455914149101538
19.159127642621836,1.1456655768252182
19.169127642621838,1.1457396948692946
19.17912764262184,1.1458137690152652
19.18912764262184,1.1458877992361058
19.199127642621843,1.1459617855048851
19.209127642621844,1.1460357277947641
19.219127642621846,1.1461096260789967
19.229127642621847,1.1461834803309296
19.23912764262185,1.146257290524002
19.24912764262185,1.1463310566317457
19.259127642621852,1.1464047786277847
19.269127642621854,1.146478456485836
19.279127642621855,1.1465520901797084
19.289127642621857,1.1466256796833032
19.29912764262186,1.146699224970614
19.30912764262186,1.1467727260157266
19.31912764262186,1.146846182792819
19.329127642621863,1.1469195952761606
19.339127642621865,1.146992963440114
19.349127642621866,1.1470662872591326
19.359127642621868,1.1471395667077622
19.36912764262187,1.1472128017606402
19.37912764262187,1.1472859923924963
19.389127642621872,1.1473591385781514
19.399127642621874,1.1474322402925177
19.409127642621876,1.1475052975105995
19.419127642621877,1.147578310207493
19.42912764262188,1.1476512783583845
19.43912764262188,1.1477242019385534
19.44912764262188,1.147797080923369
19.459127642621883,1.1478699152882923
19.469127642621885,1.147942705008876
19.479127642621886,1.148015450060763
19.489127642621888,1.1480881504196883
19.49912764262189,1.148160806061477
19.50912764262189,1.1482334169620458
19.519127642621893,1.1483059830974018
19.529127642621894,1.1483785044436434
19.539127642621896,1.1484509809769592
19.549127642621897,1.148523412673629
19.5591276426219,1.1485957995100227
19.5691276426219,1.1486681414626014
19.579127642621902,1.1487404385079163
19.589127642621904,1.1488126906226093
19.599127642621905,1.1488848977834123
19.609127642621907,1.1489570599671475
19.61912764262191,1.149029177150728
19.62912764262191,1.149101249311156
19.63912764262191,1.1491732764255254
19.649127642621913,1.1492452584710184
19.659127642621915,1.1493171954249084
19.669127642621916,1.1493890872645582
19.679127642621918,1.1494609339674207
19.68912764262192,1.1495327355110385
19.69912764262192,1.149604491873044
19.709127642621922,1.149676203031159
19.719127642621924,1.149747868963195
19.729127642621926,1.1498194896470537
19.739127642621927,1.1498910650607252
19.74912764262193,1.14996259518229
19.75912764262193,1.1500340799899171
19.769127642621932,1.1501055194618655
19.779127642621933,1.1501769135764828
19.789127642621935,1.1502482623122061
19.799127642621936,1.1503195656475618
19.809127642621938,1.1503908235611644
19.81912764262194,1.1504620360317188
19.82912764262194,1.1505332030380175
19.839127642621943,1.1506043245589423
19.849127642621944,1.150675400573464
19.859127642621946,1.150746431060642
19.869127642621947,1.1508174159996234
19.87912764262195,1.1508883553696456
19.88912764262195,1.150959249150033
19.899127642621952,1.151030097320199
19.909127642621954,1.1511008998596455
19.919127642621955,1.1511716567479624
19.929127642621957,1.151242367964828
19.93912764262196,1.1513130334900086
19.94912764262196,1.151383653303359
19.95912764262196,1.1514542273848214
19.969127642621963,1.1515247557144264
19.979127642621965,1.1515952382722925
19.989127642621966,1.1516656750386258
19.999127642621968,1.1517360659937204
20.00912764262197,1.1518064111179578
20.01912764262197,1.1518767103918075
20.029127642621972,1.1519469637958264
20.039127642621974,1.1520171713106584
20.049127642621976,1.1520873329170358
20.059127642621977,1.1521574485957773
20.06912764262198,1.1522275183277897
20.07912764262198,1.1522975420940667
20.089127642621982,1.1523675198756886
20.099127642621983,1.1524374516538236
20.109127642621985,1.152507337409727
20.119127642621986,1.15257717712474
20.129127642621988,1.1526469707802915
20.13912764262199,1.1527167183578972
20.14912764262199,1.1527864198391595
20.159127642621993,1.1528560752057673
20.169127642621994,1.1529256844394957
20.179127642621996,1.1529952475222076
20.189127642621997,1.1530647644358514
20.199127642622,1.1531342351624618
20.209127642622,1.1532036596841602
20.219127642622002,1.1532730379831546
20.229127642622004,1.1533423700417385
20.239127642622005,1.1534116558422918
20.249127642622007,1.1534808953672806
20.25912764262201,1.1535500885992571
20.26912764262201,1.153619235520859
20.27912764262201,1.15368833611481
20.289127642622013,1.1537573903639198
20.299127642622015,1.1538263982510837
20.309127642622016,1.1538953597592827
20.319127642622018,1.153964274871583
20.32912764262202,1.1540331435711368
20.33912764262202,1.1541019658411815
20.349127642622022,1.1541707416650402
20.359127642622024,1.1542394710261206
20.369127642622026,1.154308153907916
20.379127642622027,1.1543767902940054
20.38912764262203,1.1544453801680519
20.39912764262203,1.1545139235138042
20.409127642622032,1.1545824203150963
20.419127642622033,1.1546508705558463
20.429127642622035,1.1547192742200572
20.439127642622037,1.1547876312918173
20.449127642622038,1.1548559417552993
20.45912764262204,1.1549242055947604
20.46912764262204,1.1549924227945423
20.479127642622043,1.1550605933390712
20.489127642622044,1.155128717212858
20.499127642622046,1.1551967944004973
20.509127642622047,1.1552648248866684
20.51912764262205,1.155332808656135
20.52912764262205,1.155400745693744
20.539127642622052,1.1554686359844275
20.549127642622054,1.1555364795132006
20.559127642622055,1.1556042762651626
20.569127642622057,1.155672026225497
20.57912764262206,1.1557397293794704
20.58912764262206,1.1558073857124338
20.59912764262206,1.1558749952098208
20.609127642622063,1.1559425578571498
20.619127642622065,1.1560100736400218
20.629127642622066,1.1560775425441212
20.639127642622068,1.1561449645552162
20.64912764262207,1.1562123396591577
20.65912764262207,1.1562796678418805
20.669127642622072,1.1563469490894018
20.679127642622074,1.1564141833878219
20.689127642622076,1.1564813707233246
20.699127642622077,1.156548511082176
20.70912764262208,1.1566156044507256
20.71912764262208,1.1566826508154051
20.729127642622082,1.156749650162729
20.739127642622083,1.1568166024792947
20.749127642622085,1.156883507751782
20.759127642622087,1.1569503659669529
20.769127642622088,1.157017177111652
20.77912764262209,1.1570839411728062
20.78912764262209,1.157150658137425
20.799127642622093,1.157217327992599
20.809127642622094,1.157283950725502
20.819127642622096,1.1573505263233896
20.829127642622097,1.157417054773599
20.8391276426221,1.1574835360635494
20.8491276426221,1.157549970180742
20.859127642622102,1.1576163571127593
20.869127642622104,1.157682696847266
20.879127642622105,1.1577489893720083
20.889127642622107,1.1578152346748134
20.89912764262211,1.157881432743591
20.90912764262211,1.1579475835663302
20.91912764262211,1.158013687131104
20.929127642622113,1.1580797434260646
20.939127642622115,1.158145752439446
20.949127642622116,1.1582117141595636
20.959127642622118,1.1582776285748135
20.96912764262212,1.1583434956736725
20.97912764262212,1.1584093154446986
20.989127642622122,1.1584750878765306
20.999127642622124,1.1585408129578878
21.009127642622126,1.1586064906775704
21.019127642622127,1.1586721210244586
21.02912764262213,1.158737703987514
21.03912764262213,1.1588032395557777
21.049127642622132,1.1588687277183716
21.059127642622133,1.1589341684644978
21.069127642622135,1.1589995617834385
21.079127642622137,1.1590649076645565
21.089127642622138,1.159130206097294
21.09912764262214,1.159195457071173
21.10912764262214,1.1592606605757965
21.119127642622143,1.1593258166008462
21.129127642622144,1.159390925136084
21.139127642622146,1.1594559861713518
21.149127642622148,1.1595209996965703
21.15912764262215,1.1595859657017404
21.16912764262215,1.1596508841769424
21.179127642622152,1.1597157551123354
21.189127642622154,1.1597805784981583
21.199127642622155,1.1598453543247293
21.209127642622157,1.1599100825824455
21.21912764262216,1.1599747632617834
21.22912764262216,1.1600393963532976
21.23912764262216,1.1601039818476229
21.249127642622163,1.1601685197354719
21.259127642622165,1.1602330100076366
21.269127642622166,1.1602974526549874
21.279127642622168,1.1603618476684736
21.28912764262217,1.1604261950391228
21.29912764262217,1.160490494758041
21.309127642622173,1.160554746816413
21.319127642622174,1.1606189512055016
21.329127642622176,1.1606831079166477
21.339127642622177,1.1607472169412711
21.34912764262218,1.1608112782708686
21.35912764262218,1.160875291897016
21.369127642622182,1.1609392578113669
21.379127642622183,1.1610031760056518
21.389127642622185,1.1610670464716804
21.399127642622187,1.1611308692013393
21.409127642622188,1.1611946441865926
21.41912764262219,1.1612583714194828
21.42912764262219,1.1613220508921291
21.439127642622193,1.1613856825967284
21.449127642622194,1.161449266525555
21.459127642622196,1.16151280267096
21.469127642622198,1.1615762910253729
21.4791276426222,1.1616397315812987
21.4891276426222,1.1617031243313205
21.499127642622202,1.1617664692680985
21.509127642622204,1.1618297663843689
21.519127642622205,1.1618930156729452
21.529127642622207,1.161956217126718
21.53912764262221,1.1620193707386541
21.54912764262221,1.1620824765017965
21.55912764262221,1.1621455344092657
21.569127642622213,1.162208544454258
21.579127642622215,1.1622715066300462
21.589127642622216,1.1623344209299789
21.599127642622218,1.1623972873474817
21.60912764262222,1.162460105876056
21.61912764262222,1.162522876509279
21.629127642622223,1.162585599240804
21.639127642622224,1.1626482740643604
21.649127642622226,1.1627109009737535
21.659127642622227,1.1627734799628637
21.66912764262223,1.1628360110256475
21.67912764262223,1.1628984941561369
21.689127642622232,1.1629609293484395
21.699127642622233,1.1630233165967387
21.709127642622235,1.1630856558952924
21.719127642622237,1.1631479472384343
21.729127642622238,1.1632101906205732
21.73912764262224,1.1632723860361929
21.74912764262224,1.1633345334798524
21.759127642622243,1.1633966329461858
21.769127642622244,1.163458684429902
21.779127642622246,1.1635206879257844
21.789127642622248,1.1635826434286913
21.79912764262225,1.163644550933556
21.80912764262225,1.163706410435386
21.819127642622252,1.163768221929263
21.829127642622254,1.1638299854103442
21.839127642622255,1.1638917008738603
21.849127642622257,1.163953368315116
21.85912764262226,1.164014987729491
21.86912764262226,1.1640765591124387
21.87912764262226,1.1641380824594867
21.889127642622263,1.164199557766236
21.899127642622265,1.1642609850283625
21.909127642622266,1.1643223642416147
21.919127642622268,1.164383695401816
21.92912764262227,1.1644449785048625
21.93912764262227,1.1645062135467243
21.949127642622273,1.1645674005234452
21.959127642622274,1.164628539431142
21.969127642622276,1.1646896302660046
21.979127642622277,1.164750673024297
21.98912764262228,1.164811667702356
21.99912764262228,1.1648726142965908
22.009127642622282,1.164933512803485
22.019127642622284,1.1649943632195936
22.029127642622285,1.165055165541546
22.039127642622287,1.165115919766043
22.049127642622288,1.1651766258898588
22.05912764262229,1.1652372839098406
22.06912764262229,1.165297893822907
22.079127642622293,1.1653584556260506
22.089127642622294,1.1654189693163346
22.099127642622296,1.1654794348908961
22.109127642622298,1.165539852346944
22.1191276426223,1.1656002216817583
22.1291276426223,1.1656605428926925
22.139127642622302,1.1657208159771717
22.149127642622304,1.1657810409326923
22.159127642622305,1.1658412177568231
22.169127642622307,1.1659013464472048
22.17912764262231,1.1659614270015493
22.18912764262231,1.1660214594176401
22.19912764262231,1.1660814436933329
22.209127642622313,1.166141379826554
22.219127642622315,1.1662012678153018
22.229127642622316,1.1662611076576455
22.239127642622318,1.1663208993517253
22.24912764262232,1.1663806428957533
22.25912764262232,1.166440338288012
22.269127642622323,1.1664999855268552
22.279127642622324,1.1665595846107075
22.289127642622326,1.1666191355380642
22.299127642622327,1.1666786383074912
22.30912764262233,1.1667380929176256
22.31912764262233,1.1667974993671746
22.329127642622332,1.1668568576549159
22.339127642622334,1.1669161677796978
22.349127642622335,1.166975429740439
22.359127642622337,1.167034643536128
22.369127642622338,1.1670938091658243
22.37912764262234,1.1671529266286564
22.38912764262234,1.1672119959238239
22.399127642622343,1.167271017050595
22.409127642622344,1.1673299900083094
22.419127642622346,1.1673889147963756
22.429127642622348,1.1674477914142716
22.43912764262235,1.1675066198615456
22.44912764262235,1.167565400137815
22.459127642622352,1.1676241322427667
22.469127642622354,1.167682816176157
22.479127642622355,1.1677414519378118
22.489127642622357,1.1678000395276253
22.49912764262236,1.167858578945562
22.50912764262236,1.1679170701916544
22.51912764262236,1.167975513266005
22.529127642622363,1.168033908168784
22.539127642622365,1.1680922549002317
22.549127642622366,1.1681505534606562
22.559127642622368,1.1682088038504346
22.56912764262237,1.1682670060700122
22.57912764262237,1.1683251601199036
22.589127642622373,1.168383266000691
22.599127642622374,1.1684413237130251
22.609127642622376,1.1684993332576254
22.619127642622377,1.1685572946352787
22.62912764262238,1.1686152078468408
22.63912764262238,1.1686730728932344
22.649127642622382,1.1687308897754514
22.659127642622384,1.1687886584945506
22.669127642622385,1.1688463790516588
22.679127642622387,1.1689040514479707
22.68912764262239,1.1689616756847485
22.69912764262239,1.1690192517633216
22.70912764262239,1.1690767796850872
22.719127642622393,1.16913425945151
22.729127642622394,1.1691916910641216
22.739127642622396,1.1692490745245208
22.749127642622398,1.1693064098343737
22.7591276426224,1.1693636969954133
22.7691276426224,1.1694209360094399
22.779127642622402,1.1694781268783205
22.789127642622404,1.1695352696039882
22.799127642622405,1.169592364188444
22.809127642622407,1.1696494106337547
22.81912764262241,1.169706408942054
22.82912764262241,1.1697633591155416
22.83912764262241,1.1698202611564845
22.849127642622413,1.169877115067215
22.859127642622415,1.169933920850132
22.869127642622416,1.1699906785077012
22.879127642622418,1.1700473880424531
22.88912764262242,1.170104049456985
22.89912764262242,1.1701606627539602
22.909127642622423,1.1702172279361072
22.919127642622424,1.1702737450062206
22.929127642622426,1.170330213967161
22.939127642622427,1.1703866348218537
22.94912764262243,1.1704430075732903
22.95912764262243,1.1704993322245274
22.969127642622432,1.170555608778687
22.979127642622434,1.1706118372389565
22.989127642622435,1.170668017608588
22.999127642622437,1.1707241498908991
23.00912764262244,1.1707802340892726
23.01912764262244,1.1708362702071553
23.02912764262244,1.17089225824806
23.039127642622443,1.1709481982155636
23.049127642622445,1.1710040901133074
23.059127642622446,1.1710599339449979
23.069127642622448,1.171115729714406
23.07912764262245,1.1711714774253663
23.08912764262245,1.171227177081779
23.099127642622452,1.1712828286876076
23.109127642622454,1.1713384322468798
23.119127642622455,1.1713939877636879
23.129127642622457,1.1714494952421879
23.13912764262246,1.1715049546865997
23.14912764262246,1.1715603661012073
23.15912764262246,1.1716157294903582
23.169127642622463,1.1716710448584635
23.179127642622465,1.1717263122099983
23.189127642622466,1.171781531549501
23.199127642622468,1.1718367028815735
23.20912764262247,1.1718918262108808
23.21912764262247,1.1719469015421513
23.229127642622473,1.1720019288801766
23.239127642622474,1.172056908229812
23.249127642622476,1.1721118395959746
23.259127642622477,1.1721667229836457
23.26912764262248,1.1722215583978683
23.27912764262248,1.1722763458437488
23.289127642622482,1.1723310853264568
23.299127642622484,1.1723857768512236
23.309127642622485,1.1724404204233434
23.319127642622487,1.1724950160481726
23.32912764262249,1.1725495637311307
23.33912764262249,1.1726040634776984
23.34912764262249,1.1726585152934197
23.359127642622493,1.1727129191838999
23.369127642622495,1.1727672751548064
23.379127642622496,1.1728215832118691
23.389127642622498,1.1728758433608792
23.3991276426225,1.1729300556076903
23.4091276426225,1.1729842199582168
23.419127642622502,1.1730383364184354
23.429127642622504,1.1730924049943843
23.439127642622505,1.1731464256921629
23.449127642622507,1.173200398517932
23.45912764262251,1.173254323477914
23.46912764262251,1.1733082005783921
23.47912764262251,1.1733620298257106
23.489127642622513,1.1734158112262754
23.499127642622515,1.1734695447865524
23.509127642622516,1.1735232305130696
23.519127642622518,1.1735768684124148
23.52912764262252,1.1736304584912367
23.53912764262252,1.173684000756245
23.549127642622523,1.1737374952142094
23.559127642622524,1.1737909418719605
23.569127642622526,1.1738443407363892
23.579127642622527,1.1738976918144464
23.58912764262253,1.1739509951131435
23.59912764262253,1.1740042506395518
23.609127642622532,1.174057458400803
23.619127642622534,1.174110618404088
23.629127642622535,1.1741637306566584
23.639127642622537,1.1742167951658251
23.64912764262254,1.1742698119389594
23.65912764262254,1.1743227809834909
23.66912764262254,1.1743757023069097
23.679127642622543,1.1744285759167654
23.689127642622545,1.1744814018206668
23.699127642622546,1.1745341800262814
23.709127642622548,1.1745869105413371
23.71912764262255,1.1746395933736196
23.72912764262255,1.1746922285309744
23.739127642622552,1.174744816021306
23.749127642622554,1.1747973558525775
23.759127642622555,1.174849848032811
23.769127642622557,1.1749022925700867
23.77912764262256,1.1749546894725442
23.78912764262256,1.1750070387483813
23.79912764262256,1.1750593404058542
23.809127642622563,1.1751115944532775
23.819127642622565,1.175163800899024
23.829127642622566,1.175215959751525
23.839127642622568,1.1752680710192693
23.84912764262257,1.1753201347108047
23.85912764262257,1.1753721508347357
23.869127642622573,1.1754241193997257
23.879127642622574,1.1754760404144957
23.889127642622576,1.1755279138878238
23.899127642622577,1.175579739828546
23.90912764262258,1.1756315182455563
23.91912764262258,1.1756832491478058
23.929127642622582,1.1757349325443025
23.939127642622584,1.1757865684441122
23.949127642622585,1.175838156856358
23.959127642622587,1.1758896977902198
23.96912764262259,1.1759411912549345
23.97912764262259,1.175992637259796
23.98912764262259,1.176044035814155
23.999127642622593,1.1760953869274196
24.009127642622595,1.1761466906090532
24.019127642622596,1.1761979468685773
24.029127642622598,1.1762491557155688
24.0391276426226,1.1763003171596615
24.0491276426226,1.1763514312105459
24.059127642622602,1.1764024978779681
24.069127642622604,1.1764535171717305
24.079127642622606,1.176504489101692
24.089127642622607,1.1765554136777672
24.09912764262261,1.1766062909099264
24.10912764262261,1.1766571208081964
24.11912764262261,1.176707903382659
24.129127642622613,1.1767586386434523
24.139127642622615,1.1768093266007698
24.149127642622616,1.17685996726486
24.159127642622618,1.1769105606460277
24.16912764262262,1.1769611067546322
24.17912764262262,1.1770116056010886
24.189127642622623,1.177062057195867
24.199127642622624,1.1771124615494923
24.209127642622626,1.177162818672545
24.219127642622627,1.17721312857566
24.22912764262263,1.1772633912695272
24.23912764262263,1.177313606764891
24.249127642622632,1.1773637750725512
24.259127642622634,1.1774138962033611
24.269127642622635,1.1774639701682292
24.279127642622637,1.1775139969781185
24.28912764262264,1.1775639766440458
24.29912764262264,1.1776139091770825
24.30912764262264,1.177663794588354
24.319127642622643,1.1777136328890396
24.329127642622645,1.1777634240903732
24.339127642622646,1.1778131682036417
24.349127642622648,1.1778628652401866
24.35912764262265,1.1779125152114027
24.36912764262265,1.1779621181287385
24.379127642622652,1.178011674003696
24.389127642622654,1.1780611828478311
24.399127642622656,1.1781106446727525
24.409127642622657,1.1781600594901223
24.41912764262266,1.1782094273116561
24.42912764262266,1.1782587481491227
24.439127642622662,1.1783080220143436
24.449127642622663,1.1783572489191934
24.459127642622665,1.1784064288755993
24.469127642622666,1.178455561895542
24.479127642622668,1.178504647991054
24.48912764262267,1.1785536871742213
24.49912764262267,1.1786026794571818
24.509127642622673,1.1786516248521264
24.519127642622674,1.1787005233712975
24.529127642622676,1.1787493750269906
24.539127642622677,1.1787981798315532
24.54912764262268,1.1788469377973847
24.55912764262268,1.1788956489369369
24.569127642622682,1.1789443132627129
24.579127642622684,1.178992930787268
24.589127642622685,1.1790415015232099
24.599127642622687,1.1790900254831969
24.60912764262269,1.1791385026799395
24.61912764262269,1.1791869331261997
24.62912764262269,1.1792353168347909
24.639127642622693,1.1792836538185778
24.649127642622695,1.1793319440904761
24.659127642622696,1.179380187663453
24.669127642622698,1.1794283845505271
24.6791276426227,1.1794765347647673
24.6891276426227,1.1795246383192937
24.699127642622702,1.1795726952272771
24.709127642622704,1.1796207055019399
24.719127642622706,1.1796686691565539
24.729127642622707,1.1797165862044423
24.73912764262271,1.1797644566589787
24.74912764262271,1.1798122805335864
24.759127642622712,1.1798600578417402
24.769127642622713,1.1799077885969642
24.779127642622715,1.1799554728128334
24.789127642622717,1.1800031105029718
24.799127642622718,1.1800507016810544
24.80912764262272,1.180098246360806
24.81912764262272,1.1801457445560004
24.829127642622723,1.1801931962804622
24.839127642622724,1.1802406015480646
24.849127642622726,1.1802879603727312
24.859127642622727,1.1803352727684346
24.86912764262273,1.180382538749197
24.87912764262273,1.18042975832909
24.889127642622732,1.1804769315222339
24.899127642622734,1.1805240583427987
24.909127642622735,1.180571138805003
24.919127642622737,1.1806181729231147
24.92912764262274,1.1806651607114507
24.93912764262274,1.1807121021843758
24.94912764262274,1.1807589973563049
24.959127642622743,1.1808058462417002
24.969127642622745,1.180852648855073
24.979127642622746,1.1808994052109836
24.989127642622748,1.1809461153240393
24.99912764262275,1.1809927792088972
25.00912764262275,1.1810393968802615
25.019127642622752,1.181085968352885
25.029127642622754,1.181132493641568
25.039127642622756,1.1811789727611595
25.049127642622757,1.181225405726556
25.05912764262276,1.1812717925527016
25.06912764262276,1.1813181332545883
25.079127642622762,1.1813644278472555
25.089127642622763,1.1814106763457903
25.099127642622765,1.1814568787653272
25.109127642622767,1.181503035121048
25.119127642622768,1.1815491454281815
25.12912764262277,1.181595209702004
25.13912764262277,1.1816412279578388
25.149127642622773,1.1816872002110563
25.159127642622774,1.1817331264770736
25.169127642622776,1.1817790067713547
25.179127642622777,1.1818248411094103
25.18912764262278,1.1818706295067978
25.19912764262278,1.181916371979121
25.209127642622782,1.1819620685420307
25.219127642622784,1.1820077192112237
25.229127642622785,1.182053324002443
25.239127642622787,1.182098882931478
25.24912764262279,1.1821443960141644
25.25912764262279,1.1821898632663836
25.26912764262279,1.1822352847040631
25.279127642622793,1.1822806603431768
25.289127642622795,1.1823259901997434
25.299127642622796,1.1823712742898282
25.309127642622798,1.1824165126295414
25.3191276426228,1.1824617052350397
25.3291276426228,1.1825068521225242
25.339127642622802,1.182551953308242
25.349127642622804,1.1825970088084854
25.359127642622806,1.1826420186395918
25.369127642622807,1.182686982817944
25.37912764262281,1.1827319013599693
25.38912764262281,1.1827767742821402
25.399127642622812,1.1828216016009743
25.409127642622813,1.1828663833330337
25.419127642622815,1.1829111194949253
25.429127642622817,1.1829558101033004
25.439127642622818,1.1830004551748554
25.44912764262282,1.1830450547263303
25.45912764262282,1.18308960877451
25.469127642622823,1.1831341173362235
25.479127642622824,1.1831785804283441
25.489127642622826,1.183222998067789
25.499127642622827,1.1832673702715195
25.50912764262283,1.183311697056541
25.51912764262283,1.1833559784399024
25.529127642622832,1.1834002144386964
25.539127642622834,1.1834444050700597
25.549127642622835,1.1834885503511723
25.559127642622837,1.1835326502992578
25.56912764262284,1.1835767049315828
25.57912764262284,1.1836207142654582
25.58912764262284,1.183664678318237
25.599127642622843,1.1837085971073158
25.609127642622845,1.1837524706501348
25.619127642622846,1.1837962989641762
25.629127642622848,1.1838400820669661
25.63912764262285,1.1838838199760726
25.64912764262285,1.183927512709107
25.659127642622853,1.183971160283723
25.669127642622854,1.184014762717617
25.679127642622856,1.184058320028528
25.689127642622857,1.1841018322342365
25.69912764262286,1.1841452993525667
25.70912764262286,1.1841887214013842
25.719127642622862,1.1842320983985966
25.729127642622863,1.1842754303621539
25.739127642622865,1.1843187173100478
25.749127642622867,1.1843619592603123
25.759127642622868,1.1844051562310227
25.76912764262287,1.1844483082402961
25.77912764262287,1.1844914153062915
25.789127642622873,1.1845344774472093
25.799127642622874,1.184577494681291
25.809127642622876,1.1846204670268201
25.819127642622878,1.1846633945021208
25.82912764262288,1.1847062771255588
25.83912764262288,1.1847491149155407
25.849127642622882,1.1847919078905143
25.859127642622884,1.1848346560689684
25.869127642622885,1.1848773594694324
25.879127642622887,1.1849200181104764
25.88912764262289,1.1849626320107118
25.89912764262289,1.18500520118879
25.90912764262289,1.1850477256634029
25.919127642622893,1.1850902054532833
25.929127642622895,1.1851326405772038
25.939127642622896,1.1851750310539775
25.949127642622898,1.1852173769024577
25.9591276426229,1.1852596781415379
25.9691276426229,1.185301934790151
25.979127642622903,1.1853441468672707
25.989127642622904,1.18538631439191
25.999127642622906,1.1854284373831214
26.009127642622907,1.1854705158599979
26.01912764262291,1.185512549841671
26.02912764262291,1.1855545393473126
26.039127642622912,1.1855964843961337
26.049127642622913,1.1856383850073844
26.059127642622915,1.185680241200354
26.069127642622917,1.1857220529943715
26.079127642622918,1.1857638204088046
26.08912764262292,1.1858055434630597
26.09912764262292,1.1858472221765826
26.109127642622923,1.1858888565688575
26.119127642622924,1.1859304466594076
26.129127642622926,1.1859719924677947
26.139127642622928,1.186013494013619
26.14912764262293,1.1860549513165193
26.15912764262293,1.186096364396173
26.169127642622932,1.1861377332722953
26.179127642622934,1.1861790579646398
26.189127642622935,1.1862203384929983
26.199127642622937,1.186261574877201
26.20912764262294,1.1863027671371151
26.21912764262294,1.186343915292647
26.22912764262294,1.1863850193637395
26.239127642622943,1.186426079370374
26.249127642622945,1.1864670953325693
26.259127642622946,1.1865080672703818
26.269127642622948,1.1865489952039052
26.27912764262295,1.1865898791532707
26.28912764262295,1.1866307191386465
26.299127642622953,1.1866715151802385
26.309127642622954,1.1867122672982895
26.319127642622956,1.186752975513079
26.329127642622957,1.1867936398449237
26.33912764262296,1.1868342603141773
26.34912764262296,1.18687483694123
26.359127642622962,1.186915369746509
26.369127642622963,1.1869558587504778
26.379127642622965,1.1869963039736366
26.389127642622967,1.1870367054365218
26.399127642622968,1.1870770631597067
26.40912764262297,1.1871173771638004
26.41912764262297,1.187157647469448
26.429127642622973,1.1871978740973312
26.439127642622974,1.1872380570681675
26.449127642622976,1.1872781964027106
26.459127642622978,1.187318292121749
26.46912764262298,1.1873583442461084
26.47912764262298,1.1873983527966492
26.489127642622982,1.187438317794268
26.499127642622984,1.1874782392598964
26.509127642622985,1.1875181172145015
26.519127642622987,1.1875579516790862
26.52912764262299,1.1875977426746882
26.53912764262299,1.18763749022238
26.54912764262299,1.1876771943432705
26.559127642622993,1.1877168550585022
26.569127642622995,1.1877564723892533
26.579127642622996,1.1877960463567367
26.589127642622998,1.1878355769822
26.599127642623,1.1878750642869251
26.609127642623,1.187914508292229
26.619127642623003,1.1879539090194633
26.629127642623004,1.1879932664900132
26.639127642623006,1.1880325807252996
26.649127642623007,1.188071851746776
26.65912764262301,1.1881110795759313
26.66912764262301,1.1881502642342876
26.679127642623012,1.1881894057434021
26.689127642623014,1.1882285041248648
26.699127642623015,1.1882675594003
26.709127642623017,1.1883065715913659
26.719127642623018,1.188345540719754
26.72912764262302,1.18838446680719
26.73912764262302,1.1884233498754317
26.749127642623023,1.1884621899462722
26.759127642623024,1.1885009870415364
26.769127642623026,1.1885397411830831
26.779127642623028,1.1885784523928042
26.78912764262303,1.188617120692625
26.79912764262303,1.1886557461045029
26.809127642623032,1.188694328650429
26.819127642623034,1.1887328683524268
26.829127642623035,1.1887713652325524
26.839127642623037,1.1888098193128958
26.84912764262304,1.1888482306155774
26.85912764262304,1.188886599162752
26.86912764262304,1.188924924976606
26.879127642623043,1.1889632080793582
26.889127642623045,1.1890014484932594
26.899127642623046,1.1890396462405932
26.909127642623048,1.1890778013436747
26.91912764262305,1.1891159138248506
26.92912764262305,1.189153983706501
26.939127642623053,1.1891920110110363
26.949127642623054,1.1892299957608994
26.959127642623056,1.1892679379785644
26.969127642623057,1.1893058376865375
26.97912764262306,1.1893436949073561
26.98912764262306,1.189381509663589
26.999127642623062,1.1894192819778362
27.009127642623064,1.189457011872729
27.019127642623065,1.18949469937093
27.029127642623067,1.1895323444951331
27.03912764262307,1.1895699472680625
27.04912764262307,1.189607507712474
27.05912764262307,1.1896450258511533
27.069127642623073,1.1896825017069181
27.079127642623074,1.189719935302616
27.089127642623076,1.1897573266611252
27.099127642623078,1.1897946758053541
27.10912764262308,1.1898319827582424
27.11912764262308,1.189869247542759
27.129127642623082,1.1899064701819044
27.139127642623084,1.1899436506987078
27.149127642623085,1.1899807891162295
27.159127642623087,1.1900178854575594
27.16912764262309,1.1900549397458173
27.17912764262309,1.190091952004153
27.18912764262309,1.1901289222557458
27.199127642623093,1.190165850523805
27.209127642623095,1.190202736831569
27.219127642623096,1.1902395812023063
27.229127642623098,1.1902763836593142
27.2391276426231,1.1903131442259198
27.2491276426231,1.1903498629254792
27.259127642623103,1.1903865397813778
27.269127642623104,1.19042317481703
27.279127642623106,1.190459768055879
27.289127642623107,1.1904963195213976
27.29912764262311,1.1905328292370867
27.30912764262311,1.190569297226476
27.319127642623112,1.1906057235131249
27.329127642623114,1.1906421081206198
27.339127642623115,1.1906784510725767
27.349127642623117,1.1907147523926398
27.35912764262312,1.1907510121044815
27.36912764262312,1.1907872302318028
27.37912764262312,1.1908234067983323
27.389127642623123,1.1908595418278272
27.399127642623125,1.1908956353440725
27.409127642623126,1.1909316873708813
27.419127642623128,1.190967697932094
27.42912764262313,1.19100366705158
27.43912764262313,1.1910395947532348
27.449127642623132,1.1910754810609827
27.459127642623134,1.1911113259987753
27.469127642623135,1.191147129590591
27.479127642623137,1.1911828918604366
27.48912764262314,1.191218612832345
27.49912764262314,1.1912542925303775
27.50912764262314,1.1912899309786216
27.519127642623143,1.1913255282011923
27.529127642623145,1.1913610842222313
27.539127642623146,1.1913965990659074
27.549127642623148,1.1914320727564163
27.55912764262315,1.1914675053179797
27.56912764262315,1.1915028967748469
27.579127642623153,1.1915382471512932
27.589127642623154,1.1915735564716203
27.599127642623156,1.1916088247601566
27.609127642623157,1.1916440520412563
27.61912764262316,1.191679238339301
27.62912764262316,1.1917143836786965
27.639127642623162,1.1917494880838766
27.649127642623164,1.1917845515793
27.659127642623165,1.1918195741894515
27.669127642623167,1.1918545559388418
27.67912764262317,1.1918894968520073
27.68912764262317,1.1919243969535098
27.69912764262317,1.1919592562679378
27.709127642623173,1.1919940748199034
27.719127642623175,1.1920288526340457
27.729127642623176,1.1920635897350287
27.739127642623178,1.192098286147541
27.74912764262318,1.1921329418962976
27.75912764262318,1.1921675570060373
27.769127642623182,1.1922021315015248
27.779127642623184,1.1922366654075494
27.789127642623185,1.1922711587489252
27.799127642623187,1.1923056115504913
27.80912764262319,1.1923400238371114
27.81912764262319,1.1923743956336734
27.82912764262319,1.1924087269650907
27.839127642623193,1.1924430178563
27.849127642623195,1.1924772683322629
27.859127642623196,1.1925114784179658
27.869127642623198,1.1925456481384182
27.8791276426232,1.1925797775186546
27.8891276426232,1.1926138665837334
27.899127642623203,1.1926479153587368
27.909127642623204,1.1926819238687707
27.919127642623206,1.1927158921389653
27.929127642623207,1.1927498201944742
27.93912764262321,1.1927837080604746
27.94912764262321,1.1928175557621674
27.959127642623212,1.192851363324777
27.969127642623214,1.192885130773551
27.979127642623215,1.192918858133761
27.989127642623217,1.192952545430701
27.99912764262322,1.1929861926896885
28.00912764262322,1.1930197999360643
28.01912764262322,1.193053367195192
28.029127642623223,1.193086894492458
28.039127642623225,1.1931203818532716
28.049127642623226,1.1931538293030652
28.059127642623228,1.1931872368672938
28.06912764262323,1.1932206045714346
28.07912764262323,1.1932539324409879
28.089127642623232,1.1932872205014757
28.099127642623234,1.1933204687784436
28.109127642623235,1.1933536772974578
28.119127642623237,1.1933868460841086
28.12912764262324,1.1934199751640069
28.13912764262324,1.1934530645627865
28.14912764262324,1.1934861143061029
28.159127642623243,1.1935191244196335
28.169127642623245,1.1935520949290777
28.179127642623246,1.1935850258601564
28.189127642623248,1.1936179172386123
28.19912764262325,1.1936507690902094
28.20912764262325,1.193683581440734
28.219127642623253,1.1937163543159932
28.229127642623254,1.1937490877418153
28.239127642623256,1.1937817817440501
28.249127642623257,1.193814436348569
28.25912764262326,1.1938470515812636
28.26912764262326,1.1938796274680477
28.279127642623262,1.1939121640348551
28.289127642623264,1.1939446613076405
28.299127642623265,1.1939771193123805
28.309127642623267,1.1940095380750708
28.31912764262327,1.1940419176217292
28.32912764262327,1.1940742579783932
28.33912764262327,1.194106559171121
28.349127642623273,1.1941388212259916
28.359127642623275,1.1941710441691036
28.369127642623276,1.1942032280265764
28.379127642623278,1.1942353728245494
28.38912764262328,1.1942674785891823
28.39912764262328,1.1942995453466545
28.409127642623282,1.1943315731231654
28.419127642623284,1.1943635619449342
28.429127642623286,1.1943955118382008
28.439127642623287,1.1944274228292235
28.44912764262329,1.194459294944281
28.45912764262329,1.194491128209671
28.46912764262329,1.1945229226517116
28.479127642623293,1.1945546782967391
28.489127642623295,1.1945863951711106
28.499127642623296,1.1946180733012008
28.509127642623298,1.194649712713405
28.5191276426233,1.1946813134341365
28.5291276426233,1.1947128754898286
28.539127642623303,1.1947443989069326
28.549127642623304,1.1947758837119193
28.559127642623306,1.1948073299312783
28.569127642623307,1.1948387375915173
28.57912764262331,1.1948701067191634
28.58912764262331,1.1949014373407616
28.599127642623312,1.1949327294828758
28.609127642623314,1.1949639831720882
28.619127642623315,1.1949951984349994
28.629127642623317,1.195026375298228
28.63912764262332,1.1950575137884107
28.64912764262332,1.195088613932203
28.65912764262332,1.1951196757562776
28.669127642623323,1.1951506992873258
28.679127642623325,1.195181684552056
28.689127642623326,1.1952126315771952
28.699127642623328,1.1952435403894877
28.70912764262333,1.1952744110156954
28.71912764262333,1.195305243482598
28.729127642623332,1.1953360378169924
28.739127642623334,1.1953667940456931
28.749127642623336,1.195397512195532
28.759127642623337,1.195428192293358
28.76912764262334,1.1954588343660375
28.77912764262334,1.1954894384404537
28.789127642623342,1.195520004543507
28.799127642623343,1.195550532702115
28.809127642623345,1.1955810229432116
28.819127642623346,1.1956114752937477
28.829127642623348,1.1956418897806913
28.83912764262335,1.195672266431027
28.84912764262335,1.1957026052717554
28.859127642623353,1.1957329063298943
28.869127642623354,1.1957631696324773
28.879127642623356,1.1957933952065551
28.889127642623357,1.195823583079194
28.89912764262336,1.1958537332774766
28.90912764262336,1.195883845828502
28.919127642623362,1.195913920759385
28.929127642623364,1.1959439580972566
28.939127642623365,1.1959739578692639
28.949127642623367,1.196003920102569
28.95912764262337,1.1960338448243506
28.96912764262337,1.196063732061803
28.97912764262337,1.1960935818421357
28.989127642623373,1.1961233941925737
28.999127642623375,1.196153169140358
29.009127642623376,1.1961829067127443
29.019127642623378,1.1962126069370045
29.02912764262338,1.196242269840425
29.03912764262338,1.1962718954503073
29.049127642623382,1.1963014837939685
29.059127642623384,1.1963310348987402
29.069127642623386,1.1963605487919697
29.079127642623387,1.1963900255010183
29.08912764262339,1.1964194650532622
29.09912764262339,1.1964488674760934
29.109127642623392,1.1964782327969168
29.119127642623393,1.196507561043153
29.129127642623395,1.1965368522422373
29.139127642623396,1.1965661064216186
29.149127642623398,1.1965953236087608
29.1591276426234,1.1966245038311414
29.1691276426234,1.196653647116253
29.179127642623403,1.1966827534916014
29.189127642623404,1.196711822984707
29.199127642623406,1.1967408556231043
29.209127642623407,1.1967698514343412
29.21912764262341,1.19679881044598
29.22912764262341,1.196827732685596
29.239127642623412,1.1968566181807792
29.249127642623414,1.1968854669591322
29.259127642623415,1.196914279048272
29.269127642623417,1.1969430544758284
29.27912764262342,1.1969717932694453
29.28912764262342,1.1970004954567788
29.29912764262342,1.1970291610654993
29.309127642623423,1.1970577901232902
29.319127642623425,1.1970863826578477
29.329127642623426,1.1971149386968811
29.339127642623428,1.1971434582681129
29.34912764262343,1.197171941399278
29.35912764262343,1.1972003881181248
29.369127642623432,1.197228798452414
29.379127642623434,1.1972571724299188
29.389127642623436,1.1972855100784252
29.399127642623437,1.1973138114257325
29.40912764262344,1.197342076499651
29.41912764262344,1.197370305328004
29.429127642623442,1.1973984979386278
29.439127642623443,1.1974266543593703
29.449127642623445,1.1974547746180912
29.459127642623447,1.1974828587426631
29.469127642623448,1.1975109067609702
29.47912764262345,1.1975389187009085
29.48912764262345,1.1975668945903863
29.499127642623453,1.1975948344573235
29.509127642623454,1.1976227383296518
29.519127642623456,1.1976506062353145
29.529127642623457,1.1976784382022663
29.53912764262346,1.1977062342584737
29.54912764262346,1.1977339944319148
29.559127642623462,1.197761718750579
29.569127642623464,1.1977894072424662
29.579127642623465,1.197817059935589
29.589127642623467,1.19784467685797
29.59912764262347,1.1978722580376433
29.60912764262347,1.1978998035026542
29.61912764262347,1.1979273132810588
29.629127642623473,1.1979547874009242
29.639127642623475,1.1979822258903279
29.649127642623476,1.1980096287773585
29.659127642623478,1.1980369960901154
29.66912764262348,1.1980643278567085
29.67912764262348,1.198091624105258
29.689127642623482,1.1981188848638948
29.699127642623484,1.1981461101607602
29.709127642623486,1.1981733000240058
29.719127642623487,1.1982004544817932
29.72912764262349,1.198227573562295
29.73912764262349,1.1982546572936925
29.749127642623492,1.1982817057041786
29.759127642623493,1.1983087188219552
29.769127642623495,1.198335696675234
29.779127642623497,1.1983626392922377
29.789127642623498,1.1983895467011978
29.7991276426235,1.1984164189303552
29.8091276426235,1.1984432560079612
29.819127642623503,1.1984700579622765
29.829127642623504,1.198496824821571
29.839127642623506,1.1985235566141244
29.849127642623507,1.1985502533682255
29.85912764262351,1.1985769151121723
29.86912764262351,1.1986035418742724
29.879127642623512,1.1986301336828422
29.889127642623514,1.198656690566207
29.899127642623515,1.198683212552702
29.909127642623517,1.1987096996706703
29.91912764262352,1.1987361519484647
29.92912764262352,1.198762569414446
29.93912764262352,1.1987889520969843
29.949127642623523,1.1988153000244586
29.959127642623525,1.1988416132252557
29.969127642623526,1.1988678917277715
29.979127642623528,1.1988941355604106
29.98912764262353,1.198920344751585
29.99912764262353,1.1989465193297162
30.009127642623532,1.198972659323233
30.019127642623534,1.198998764760573
30.029127642623536,1.199024835670182
30.039127642623537,1.1990508720805133
30.04912764262354,1.1990768740200288
30.05912764262354,1.1991028415171976
30.069127642623542,1.1991287746004975
30.079127642623543,1.1991546732984133
30.089127642623545,1.199180537639438
30.099127642623547,1.1992063676520723
30.109127642623548,1.1992321633648242
30.11912764262355,1.1992579248062092
30.12912764262355,1.199283652004751
30.139127642623553,1.1993093449889791
30.149127642623554,1.1993350037874322
30.159127642623556,1.1993606284286549
30.169127642623558,1.1993862189411995
30.17912764262356,1.1994117753536253
30.18912764262356,1.199437297694499
30.199127642623562,1.1994627859923936
30.209127642623564,1.19948824027589
30.219127642623565,1.1995136605735746
30.229127642623567,1.1995390469140417
30.23912764262357,1.1995643993258922
30.24912764262357,1.1995897178377333
30.25912764262357,1.1996150024781789
30.269127642623573,1.1996402532758492
30.279127642623575,1.1996654702593714
30.289127642623576,1.1996906534573788
30.299127642623578,1.1997158028985107
30.30912764262358,1.1997409186114132
30.31912764262358,1.1997660006247384
30.329127642623583,1.1997910489671444
30.339127642623584,1.1998160636672957
30.349127642623586,1.1998410447538619
30.359127642623587,1.19986599225552
30.36912764262359,1.1998909062009513
30.37912764262359,1.1999157866188441
30.389127642623592,1.1999406335378922
30.399127642623593,1.199965446986794
30.409127642623595,1.1999902269942553
30.419127642623597,1.200014973588986
30.429127642623598,1.2000396867997023
30.4391276426236,1.200064366655125
30.4491276426236,1.2000890131839812
30.459127642623603,1.2001136264150025
30.469127642623604,1.2001382063769264
30.479127642623606,1.2001627530984948
30.489127642623608,1.2001872666084554
30.49912764262361,1.2002117469355604
30.50912764262361,1.2002361941085675
30.519127642623612,1.2002606081562384
30.529127642623614,1.2002849891073408
30.539127642623615,1.2003093369906461
30.549127642623617,1.2003336518349312
30.55912764262362,1.2003579336689771
30.56912764262362,1.2003821825215697
30.57912764262362,1.2004063984214994
30.589127642623623,1.2004305813975609
30.599127642623625,1.200454731478553
30.609127642623626,1.2004788486932796
30.619127642623628,1.2005029330705486
30.62912764262363,1.2005269846391713
30.63912764262363,1.200551003427964
30.649127642623633,1.2005749894657474
30.659127642623634,1.2005989427813448
30.669127642623636,1.2006228634035847
30.679127642623637,1.200646751361299
30.68912764262364,1.2006706066833235
30.69912764262364,1.2006944293984978
30.709127642623642,1.200718219535665
30.719127642623643,1.200741977123672
30.729127642623645,1.2007657021913694
30.739127642623647,1.200789394767611
30.749127642623648,1.2008130548812541
30.75912764262365,1.2008366825611594
30.76912764262365,1.2008602778361914
30.779127642623653,1.2008838407352174
30.789127642623654,1.2009073712871072
30.799127642623656,1.2009308695207355
30.809127642623658,1.2009543354649783
30.81912764262366,1.2009777691487158
30.82912764262366,1.2010011706008301
30.839127642623662,1.2010245398502077
30.849127642623664,1.2010478769257362
30.859127642623665,1.2010711818563073
30.869127642623667,1.2010944546708147
30.87912764262367,1.2011176953981548
30.88912764262367,1.2011409040672267
30.89912764262367,1.2011640807069324
30.909127642623673,1.2011872253461757
30.919127642623675,1.201210338013863
30.929127642623676,1.201233418738903
30.939127642623678,1.2012564675502073
30.94912764262368,1.2012794844766888
30.95912764262368,1.201302469547263
30.969127642623683,1.2013254227908474
30.979127642623684,1.201348344236362
30.989127642623686,1.2013712339127278
30.999127642623687,1.2013940918488686
31.00912764262369,1.2014169180737095
31.01912764262369,1.2014397126161778
31.029127642623692,1.2014624755052021
31.039127642623694,1.2014852067697135
31.049127642623695,1.2015079064386434
31.059127642623697,1.2015305745409257
31.069127642623698,1.2015532111054958
31.0791276426237,1.2015758161612902
31.0891276426237,1.2015983897372466
31.099127642623703,1.2016209318623046
31.109127642623704,1.2016434425654046
31.119127642623706,1.2016659218754884
31.129127642623708,1.2016883698214988
31.13912764262371,1.20171078643238
31.14912764262371,1.2017331717370765
31.159127642623712,1.2017555257645345
31.169127642623714,1.2017778485437007
31.179127642623715,1.201800140103523
31.189127642623717,1.2018224004729494
31.19912764262372,1.2018446296809295
31.20912764262372,1.201866827756413
31.21912764262372,1.2018889947283504
31.229127642623723,1.2019111306256924
31.239127642623725,1.2019332354773906
31.249127642623726,1.201955309312397
31.259127642623728,1.2019773521596635
31.26912764262373,1.2019993640481432
31.27912764262373,1.2020213450067887
31.289127642623733,1.202043295064553
31.299127642623734,1.2020652142503891
31.309127642623736,1.2020871025932507
31.319127642623737,1.202108960122091
31.32912764262374,1.2021307868658626
31.33912764262374,1.2021525828535196
31.349127642623742,1.2021743481140141
31.359127642623744,1.2021960826762998
31.369127642623745,1.2022177865693284
31.379127642623747,1.2022394598220527
31.389127642623748,1.2022611024634244
31.39912764262375,1.2022827145223947
31.40912764262375,1.2023042960279147
31.419127642623753,1.2023258470089346
31.429127642623754,1.2023473674944045
31.439127642623756,1.2023688575132732
31.449127642623758,1.2023903170944892
31.45912764262376,1.2024117462670003
31.46912764262376,1.2024331450597527
31.479127642623762,1.2024545135016929
31.489127642623764,1.2024758516217655
31.499127642623765,1.2024971594489144
31.509127642623767,1.202518437012083
31.51912764262377,1.2025396843402123
31.52912764262377,1.2025609014622434
31.53912764262377,1.2025820884071157
31.549127642623773,1.2026032452037672
31.559127642623775,1.2026243718811345
31.569127642623776,1.2026454684681533
31.579127642623778,1.2026665349937573
31.58912764262378,1.2026875714868788
31.59912764262378,1.2027085779764493
31.609127642623783,1.2027295544913972
31.619127642623784,1.2027505010606507
31.629127642623786,1.2027714177131352
31.639127642623787,1.2027923044777753
31.64912764262379,1.202813161383493
31.65912764262379,1.2028339884592083
31.669127642623792,1.2028547857338403
31.679127642623794,1.2028755532363051
31.689127642623795,1.202896290995517
31.699127642623797,1.2029169990403883
31.7091276426238,1.2029376773998293
31.7191276426238,1.2029583261027474
31.7291276426238,1.2029789451780488
31.739127642623803,1.2029995346546365
31.749127642623804,1.2030200945614113
31.759127642623806,1.2030406249272718
31.769127642623808,1.2030611257811141
31.77912764262381,1.2030815971518316
31.78912764262381,1.2031020390683154
31.799127642623812,1.203122451559453
31.809127642623814,1.2031428346541306
31.819127642623815,1.2031631883812306
31.829127642623817,1.203183512769633
31.83912764262382,1.203203807848215
31.84912764262382,1.2032240736458508
31.85912764262382,1.2032443101914116
31.869127642623823,1.2032645175137655
31.879127642623825,1.2032846956417775
31.889127642623826,1.2033048446043098
31.899127642623828,1.203324964430221
31.90912764262383,1.203345055148367
31.91912764262383,1.2033651167875998
31.929127642623833,1.2033851493767687
31.939127642623834,1.2034051529447187
31.949127642623836,1.2034251275202923
31.959127642623837,1.203445073132328
31.96912764262384,1.2034649898096608
31.97912764262384,1.2034848775811224
31.989127642623842,1.2035047364755407
31.999127642623844,1.2035245665217396
32.009127642623845,1.2035443677485393
32.01912764262384,1.2035641401847568
32.02912764262385,1.2035838838592046
32.03912764262385,1.2036035988006915
32.04912764262385,1.203623285038022
32.05912764262385,1.2036429425999975
32.069127642623855,1.2036625715154146
32.07912764262386,1.2036821718130657
32.08912764262386,1.2037017435217394
32.099127642623856,1.20372128667022
32.10912764262386,1.2037408012872874
32.119127642623866,1.2037602874017175
32.129127642623864,1.2037797450422811
32.13912764262386,1.2037991742377456
32.14912764262387,1.2038185750168733
32.15912764262387,1.203837947408422
32.16912764262387,1.2038572914411447
32.17912764262387,1.2038766071437905
32.18912764262387,1.2038958945451035
32.19912764262388,1.2039151536738226
32.209127642623876,1.2039343845586825
32.219127642623874,1.2039535872284128
32.22912764262388,1.2039727617117384
32.239127642623885,1.2039919080373793
32.24912764262388,1.2040110262340502
32.25912764262388,1.2040301163304612
32.269127642623886,1.2040491783553169
32.27912764262389,1.2040682123373172
32.28912764262389,1.2040872183051565
32.29912764262389,1.2041061962875241
32.30912764262389,1.2041251463131042
32.3191276426239,1.2041440684105753
32.329127642623895,1.2041629626086108
32.33912764262389,1.2041818289358786
32.3491276426239,1.2042006674210413
32.3591276426239,1.2042194780927558
32.3691276426239,1.2042382609796733
32.3791276426239,1.2042570161104398
32.389127642623905,1.2042757435136955
32.39912764262391,1.2042944432180742
32.40912764262391,1.204313115252205
32.419127642623906,1.2043317596447112
32.42912764262391,1.2043503764242087
32.439127642623916,1.2043689656193093
32.449127642623914,1.2043875272586182
32.45912764262391,1.204406061370734
32.46912764262392,1.2044245679842498
32.47912764262392,1.2044430471277532
32.48912764262392,1.2044614988298243
32.49912764262392,1.2044799231190382
32.50912764262392,1.2044983200239634
32.51912764262393,1.2045166895731618
32.529127642623926,1.204535031795189
32.539127642623924,1.2045533467185947
32.54912764262393,1.204571634371922
32.559127642623935,1.204589894783707
32.56912764262393,1.20460812798248
32.57912764262393,1.2046263339967642
32.589127642623936,1.2046445128550767
32.59912764262394,1.2046626645859273
32.60912764262394,1.2046807892178197
32.61912764262394,1.2046988867792505
32.62912764262394,1.2047169572987098
32.63912764262395,1.2047350008046802
32.649127642623945,1.204753017325638
32.65912764262394,1.2047710068900526
32.66912764262395,1.204788969526386
32.67912764262395,1.2048069052630934
32.68912764262395,1.204824814128623
32.69912764262395,1.2048426961514158
32.709127642623955,1.2048605513599056
32.71912764262396,1.2048783797825189
32.72912764262396,1.204896181447675
32.739127642623956,1.204913956383786
32.74912764262396,1.2049317046192567
32.759127642623966,1.2049494261824845
32.769127642623964,1.2049671211018587
32.77912764262396,1.204984789405762
32.78912764262397,1.2050024311225693
32.79912764262397,1.2050200462806475
32.80912764262397,1.2050376349083567
32.81912764262397,1.2050551970340484
32.82912764262397,1.2050727326860673
32.83912764262398,1.2050902418927496
32.849127642623976,1.2051077246824238
32.859127642623974,1.205125181083411
32.86912764262398,1.2051426111240242
32.879127642623985,1.2051600148325683
32.88912764262398,1.2051773922373403
32.89912764262398,1.2051947433666292
32.909127642623986,1.205212068248716
32.91912764262399,1.2052293669118737
32.92912764262399,1.2052466393843666
32.93912764262399,1.2052638856944518
32.94912764262399,1.205281105870377
32.959127642624,1.2052982999403823
32.969127642623995,1.2053154679326994
32.97912764262399,1.2053326098755515
32.989127642624,1.2053497257971535
32.999127642624,1.2053668157257116
33.009127642624,1.2053838796894243
33.019127642624,1.2054009177164802
33.029127642624005,1.2054179298350602
33.03912764262401,1.2054349160733366
33.04912764262401,1.2054518764594733
33.059127642624006,1.2054688110216243
33.06912764262401,1.2054857197879358
33.079127642624016,1.205502602786545
33.089127642624014,1.2055194600455803
33.09912764262401,1.2055362915931611
33.10912764262402,1.2055530974573982
33.11912764262402,1.2055698776663928
33.12912764262402,1.2055866322482376
33.13912764262402,1.2056033612310157
33.14912764262402,1.2056200646428024
33.15912764262403,1.205636742511662
33.16912764262403,1.2056533948656512
33.179127642624024,1.2056700217328165
33.18912764262403,1.2056866231411958
33.199127642624035,1.2057031991188172
33.20912764262403,1.2057197496936993
33.21912764262403,1.2057362748938527
33.229127642624036,1.2057527747472765
33.23912764262404,1.2057692492819618
33.24912764262404,1.20578569852589
33.25912764262404,1.205802122507032
33.26912764262404,1.2058185212533505
33.27912764262405,1.2058348947927977
33.289127642624045,1.2058512431533162
33.29912764262404,1.2058675663628389
33.30912764262405,1.2058838644492893
33.31912764262405,1.2059001374405809
33.32912764262405,1.2059163853646169
33.33912764262405,1.2059326082492916
33.349127642624055,1.2059488061224886
33.35912764262406,1.2059649790120814
33.36912764262406,1.2059811269459346
33.379127642624056,1.2059972499519014
33.38912764262406,1.2060133480578261
33.399127642624066,1.2060294212915421
33.409127642624064,1.206045469680873
33.41912764262406,1.2060614932536318
33.42912764262407,1.206077492037622
33.43912764262407,1.2060934660606364
33.44912764262407,1.2061094153504572
33.45912764262407,1.206125339934857
33.46912764262407,1.2061412398415972
33.47912764262408,1.2061571150984292
33.48912764262408,1.206172965733094
33.499127642624074,1.2061887917733218
33.50912764262408,1.2062045932468326
33.519127642624085,1.2062203701813359
33.52912764262408,1.2062361226045297
33.53912764262408,1.2062518505441022
33.549127642624086,1.206267554027731
33.55912764262409,1.2062832330830822
33.56912764262409,1.2062988877378118
33.57912764262409,1.2063145180195647
33.58912764262409,1.206330123955975
33.5991276426241,1.2063457055746658
33.609127642624095,1.2063612629032496
33.61912764262409,1.2063767959693275
33.6291276426241,1.20639230480049
33.6391276426241,1.2064077894243164
33.6491276426241,1.2064232498683747
33.6591276426241,1.206438686160222
33.669127642624105,1.2064540983274046
33.67912764262411,1.2064694863974568
33.68912764262411,1.2064848503979024
33.699127642624106,1.2065001903562536
33.70912764262411,1.2065155063000115
33.719127642624116,1.2065307982566655
33.729127642624114,1.206546066253694
33.73912764262411,1.206561310318564
33.74912764262412,1.2065765304787304
33.75912764262412,1.2065917267616375
33.76912764262412,1.2066068991947179
33.77912764262412,1.206622047805392
33.78912764262412,1.2066371726210694
33.79912764262413,1.2066522736691476
33.80912764262413,1.2066673509770125
33.819127642624125,1.2066824045720386
33.82912764262413,1.2066974344815882
33.839127642624135,1.206712440733012
33.84912764262413,1.2067274233536494
33.85912764262413,1.206742382370827
33.869127642624136,1.2067573178118605
33.87912764262414,1.2067722297040528
33.88912764262414,1.2067871180746954
33.89912764262414,1.206801982951068
33.90912764262414,1.2068168243604376
33.91912764262415,1.20683164233006
33.929127642624145,1.2068464368871776
33.93912764262414,1.2068612080590224
33.94912764262415,1.2068759558728128
33.95912764262415,1.2068906803557558
33.96912764262415,1.2069053815350457
33.97912764262415,1.206920059437865
33.989127642624155,1.2069347140913838
33.99912764262416,1.2069493455227593
34.00912764262416,1.2069639537591372
34.019127642624156,1.20697853882765
34.02912764262416,1.2069931007554184
34.039127642624166,1.2070076395695504
34.049127642624164,1.2070221552971412
34.05912764262416,1.207036647965274
34.06912764262417,1.207051117601019
34.07912764262417,1.2070655642314343
34.08912764262417,1.2070799878835645
34.09912764262417,1.2070943885844423
34.10912764262417,1.2071087663610875
34.11912764262418,1.2071231212405071
34.12912764262418,1.2071374532496955
34.139127642624175,1.2071517624156338
34.14912764262418,1.2071660487652909
34.159127642624185,1.2071803123256222
34.16912764262418,1.2071945531235708
34.17912764262418,1.2072087711860666
34.189127642624186,1.2072229665400265
34.19912764262419,1.2072371392123542
34.20912764262419,1.2072512892299412
34.21912764262419,1.2072654166196646
34.22912764262419,1.2072795214083893
34.2391276426242,1.2072936036229673
34.249127642624195,1.2073076632902369
34.25912764262419,1.2073217004370231
34.2691276426242,1.207335715090138
34.2791276426242,1.2073497072763806
34.2891276426242,1.2073636770225358
34.2991276426242,1.2073776243553764
34.309127642624205,1.207391549301661
34.31912764262421,1.207405451888135
34.32912764262421,1.20741933214153
34.339127642624206,1.207433190088565
34.34912764262421,1.207447025755945
34.359127642624216,1.2074608391703616
34.369127642624214,1.2074746303584927
34.37912764262421,1.2074883993470025
34.38912764262422,1.2075021461625421
34.39912764262422,1.2075158708317486
34.40912764262422,1.2075295733812457
34.41912764262422,1.2075432538376432
34.42912764262422,1.2075569122275371
34.43912764262423,1.2075705485775097
34.44912764262423,1.2075841629141295
34.459127642624225,1.2075977552639516
34.46912764262423,1.2076113256535166
34.479127642624235,1.2076248741093516
34.48912764262423,1.2076384006579697
34.49912764262423,1.2076519053258699
34.509127642624236,1.2076653881395376
34.51912764262424,1.207678849125444
34.52912764262424,1.207692288310046
34.53912764262424,1.207705705719787
34.54912764262424,1.2077191013810962
34.55912764262425,1.207732475320388
34.569127642624245,1.2077458275640633
34.57912764262424,1.2077591581385088
34.58912764262425,1.2077724670700969
34.599127642624254,1.2077857543851855
34.60912764262425,1.2077990201101187
34.61912764262425,1.207812264271226
34.629127642624255,1.2078254868948226
34.63912764262426,1.2078386880072096
34.64912764262426,1.2078518676346732
34.659127642624256,1.2078650258034858
34.66912764262426,1.2078781625399049
34.679127642624266,1.2078912778701738
34.689127642624264,1.2079043718205211
34.69912764262426,1.2079174444171612
34.70912764262427,1.2079304956862935
34.71912764262427,1.2079435256541031
34.72912764262427,1.2079565343467609
34.73912764262427,1.207969521790422
34.74912764262427,1.207982488011228
34.75912764262428,1.2079954330353053
34.76912764262428,1.2080083568887656
34.779127642624275,1.2080212595977058
34.78912764262428,1.2080341411882083
34.799127642624285,1.2080470016863405
34.80912764262428,1.2080598411181551
34.81912764262428,1.2080726595096896
34.829127642624286,1.2080854568869668
34.83912764262429,1.208098233275995
34.84912764262429,1.208110988702767
34.85912764262429,1.2081237231932607
34.86912764262429,1.2081364367734393
34.8791276426243,1.208149129469251
34.889127642624295,1.2081618013066286
34.89912764262429,1.20817445231149
34.9091276426243,1.208187082509738
34.919127642624304,1.2081996919272604
34.9291276426243,1.2082122805899296
34.9391276426243,1.208224848523603
34.949127642624305,1.2082373957541228
34.95912764262431,1.208249922307316
34.96912764262431,1.2082624282089942
34.979127642624306,1.2082749134849537
34.98912764262431,1.2082873781609758
34.999127642624316,1.208299822262826
35.009127642624314,1.2083122458162547
35.01912764262431,1.2083246488469972
35.02912764262432,1.2083370313807729
35.03912764262432,1.2083493934432856
35.04912764262432,1.2083617350602247
35.05912764262432,1.208374056257263
35.06912764262432,1.208386357060058
35.07912764262433,1.2083986374942521
35.08912764262433,1.208410897585472
35.099127642624325,1.2084231373593286
35.10912764262433,1.2084353568414172
35.119127642624335,1.2084475560573176
35.12912764262433,1.2084597350325939
35.13912764262433,1.2084718937927947
35.149127642624336,1.2084840323634525
35.15912764262434,1.208496150770084
35.16912764262434,1.2085082490381909
35.17912764262434,1.2085203271932583
35.18912764262434,1.2085323852607557
35.19912764262435,1.2085444232661373
35.209127642624345,1.2085564412348406
35.21912764262434,1.208568439192288
35.22912764262435,1.2085804171638852
35.239127642624354,1.208592375175023
35.24912764262435,1.2086043132510746
35.25912764262435,1.2086162314173994
35.269127642624355,1.208628129699339
35.27912764262436,1.2086400081222202
35.28912764262436,1.2086518667113524
35.299127642624356,1.2086637054920304
35.30912764262436,1.208675524489532
35.319127642624366,1.208687323729119
35.329127642624364,1.2086991032360372
35.33912764262436,1.2087108630355163
35.34912764262437,1.20872260315277
35.35912764262437,1.208734323612995
35.36912764262437,1.2087460244413728
35.37912764262437,1.2087577056630676
35.38912764262437,1.2087693673032283
35.39912764262438,1.2087810093869868
35.40912764262438,1.2087926319394589
35.419127642624375,1.2088042349857442
35.42912764262438,1.208815818550926
35.439127642624385,1.2088273826600706
35.44912764262438,1.2088389273382287
35.45912764262438,1.2088504526104342
35.469127642624386,1.2088619585017044
35.47912764262439,1.20887344503704
35.48912764262439,1.208884912241426
35.49912764262439,1.20889636013983
35.50912764262439,1.2089077887572033
35.5191276426244,1.208919198118481
35.529127642624395,1.2089305882485812
35.53912764262439,1.2089419591724055
35.5491276426244,1.2089533109148392
35.559127642624404,1.2089646435007504
35.5691276426244,1.2089759569549907
35.5791276426244,1.2089872513023954
35.589127642624405,1.2089985265677825
35.59912764262441,1.2090097827759538
35.60912764262441,1.2090210199516938
35.619127642624406,1.209032238119771
35.62912764262441,1.2090434373049361
35.639127642624416,1.209054617531924
35.649127642624414,1.209065778825452
35.65912764262441,1.2090769212102206
35.66912764262442,1.2090880447109142
35.67912764262442,1.2090991493521994
35.68912764262442,1.2091102351587262
35.69912764262442,1.209121302155128
35.70912764262442,1.2091323503660205
35.71912764262443,1.209143379816003
35.72912764262443,1.2091543905296578
35.739127642624425,1.2091653825315498
35.74912764262443,1.2091763558462274
35.759127642624435,1.2091873104982214
35.76912764262443,1.2091982465120459
35.77912764262443,1.2092091639121976
35.789127642624436,1.2092200627231564
35.79912764262444,1.2092309429693848
35.80912764262444,1.2092418046753286
35.81912764262444,1.2092526478654155
35.82912764262444,1.209263472564057
35.83912764262445,1.2092742787956468
35.849127642624445,1.2092850665845618
35.85912764262444,1.209295835955161
35.86912764262445,1.2093065869317867
35.879127642624454,1.209317319538764
35.88912764262445,1.2093280338004002
35.89912764262445,1.2093387297409857
35.909127642624455,1.2093494073847928
35.91912764262446,1.2093600667560778
35.92912764262446,1.209370707879078
35.939127642624456,1.209381330778015
35.94912764262446,1.2093919354770915
35.959127642624466,1.2094025220004936
35.969127642624464,1.2094130903723896
35.97912764262446,1.2094236406169305
35.98912764262447,1.2094341727582498
35.99912764262447,1.2094446868204636
36.00912764262447,1.20945518282767
36.01912764262447,1.2094656608039502
36.02912764262447,1.2094761207733675
36.03912764262448,1.2094865627599674
36.04912764262448,1.2094969867877783
36.059127642624475,1.2095073928808107
36.06912764262448,1.2095177810630575
36.079127642624485,1.209528151358494
36.08912764262448,1.2095385037910777
36.09912764262448,1.2095488383847486
36.109127642624486,1.209559155163429
36.11912764262449,1.2095694541510236
36.12912764262449,1.2095797353714186
36.13912764262449,1.2095899988484837
36.14912764262449,1.20960024460607
36.1591276426245,1.2096104726680106
36.169127642624495,1.2096206830581218
36.17912764262449,1.209630875800201
36.1891276426245,1.2096410509180284
36.199127642624504,1.2096512084353666
36.2091276426245,1.2096613483759593
36.2191276426245,1.2096714707635332
36.229127642624505,1.2096815756217971
36.23912764262451,1.2096916629744416
36.24912764262451,1.2097017328451392
36.259127642624506,1.2097117852575452
36.26912764262451,1.2097218202352957
36.279127642624516,1.20973183780201
36.289127642624514,1.2097418379812892
36.29912764262451,1.2097518207967157
36.30912764262452,1.2097617862718546
36.31912764262452,1.2097717344302528
36.32912764262452,1.2097816652954387
36.33912764262452,1.2097915788909233
36.349127642624524,1.209801475240199
36.35912764262453,1.2098113543667408
36.36912764262453,1.2098212162940045
36.379127642624525,1.2098310610454288
36.38912764262453,1.2098408886444334
36.399127642624535,1.209850699114421
36.40912764262453,1.2098604924787746
36.41912764262453,1.2098702687608602
36.429127642624536,1.2098800279840256
36.43912764262454,1.2098897701715994
36.44912764262454,1.2098994953468927
36.45912764262454,1.2099092035331984
36.46912764262454,1.209918894753791
36.47912764262455,1.2099285690319266
36.489127642624545,1.2099382263908434
36.49912764262454,1.2099478668537604
36.50912764262455,1.2099574904438797
36.519127642624554,1.2099670971843834
36.52912764262455,1.209976687098437
36.53912764262455,1.2099862602091862
36.549127642624555,1.2099958165397593
36.55912764262456,1.2100053561132653
36.56912764262456,1.210014878952796
36.579127642624556,1.2100243850814238
36.58912764262456,1.2100338745222028
36.599127642624566,1.210043347298169
36.609127642624564,1.2100528034323403
36.61912764262456,1.210062242947715
36.62912764262457,1.2100716658672737
36.63912764262457,1.2100810722139785
36.64912764262457,1.210090462010773
36.65912764262457,1.210099835280582
36.669127642624574,1.2101091920463118
36.67912764262458,1.210118532330851
36.68912764262458,1.2101278561570679
36.699127642624575,1.210137163547814
36.70912764262458,1.2101464545259215
36.719127642624585,1.2101557291142035
36.72912764262458,1.2101649873354556
36.73912764262458,1.2101742292124538
36.749127642624586,1.210183454767956
36.75912764262459,1.2101926640247014
36.76912764262459,1.2102018570054103
36.77912764262459,1.2102110337327847
36.78912764262459,1.2102201942295077
36.7991276426246,1.2102293385182434
36.809127642624595,1.210238466621638
36.81912764262459,1.2102475785623181
36.8291276426246,1.2102566743628924
36.839127642624604,1.2102657540459505
36.8491276426246,1.2102748176340627
36.8591276426246,1.2102838651497818
36.869127642624605,1.2102928966156405
36.87912764262461,1.2103019120541536
36.88912764262461,1.210310911487817
36.899127642624606,1.210319894939107
36.90912764262461,1.2103288624304822
36.919127642624616,1.2103378139843817
36.929127642624614,1.2103467496232263
36.93912764262461,1.210355669369417
36.94912764262462,1.2103645732453372
36.95912764262462,1.21037346127335
36.96912764262462,1.2103823334758013
36.97912764262462,1.2103911898750164
36.989127642624624,1.210400030493303
36.99912764262463,1.2104088553529488
37.00912764262463,1.210417664476224
37.019127642624625,1.2104264578853785
37.02912764262463,1.2104352356026438
37.039127642624635,1.2104439976502326
37.04912764262463,1.2104527440503383
37.05912764262463,1.2104614748251357
37.069127642624636,1.2104701899967805
37.07912764262464,1.2104788895874088
37.08912764262464,1.210487573619139
37.09912764262464,1.2104962421140688
37.10912764262464,1.2105048950942785
37.11912764262465,1.2105135325818284
37.129127642624645,1.2105221545987601
37.13912764262464,1.210530761167096
37.14912764262465,1.2105393523088392
37.159127642624654,1.2105479280459748
37.16912764262465,1.2105564884004671
37.17912764262465,1.210565033394263
37.189127642624655,1.2105735630492893
37.19912764262466,1.2105820773874538
37.20912764262466,1.2105905764306457
37.219127642624656,1.2105990602007344
37.22912764262466,1.2106075287195706
37.239127642624666,1.2106159820089855
37.249127642624664,1.2106244200907919
37.25912764262466,1.2106328429867823
37.26912764262467,1.210641250718731
37.27912764262467,1.2106496433083929
37.28912764262467,1.2106580207775033
37.29912764262467,1.2106663831477789
37.309127642624674,1.2106747304409167
37.31912764262468,1.2106830626785943
37.32912764262468,1.210691379882471
37.339127642624675,1.2106996820741862
37.34912764262468,1.2107079692753602
37.359127642624685,1.210716241507594
37.36912764262468,1.2107244987924692
37.37912764262468,1.2107327411515485
37.389127642624686,1.2107409686063753
37.39912764262469,1.2107491811784734
37.40912764262469,1.2107573788893475
37.41912764262469,1.2107655617604831
37.42912764262469,1.2107737298133463
37.4391276426247,1.2107818830693837
37.449127642624696,1.2107900215500234
37.45912764262469,1.2107981452766727
37.4691276426247,1.210806254270721
37.479127642624704,1.2108143485535374
37.4891276426247,1.2108224281464726
37.4991276426247,1.2108304930708569
37.509127642624705,1.210838543348002
37.51912764262471,1.2108465789992002
37.52912764262471,1.2108546000457237
37.539127642624706,1.210862606508826
37.54912764262471,1.2108705984097412
37.559127642624716,1.2108785757696836
37.569127642624714,1.2108865386098486
37.57912764262471,1.2108944869514118
37.58912764262472,1.2109024208155295
37.59912764262472,1.2109103402233388
37.60912764262472,1.2109182451959568
37.61912764262472,1.210926135754482
37.629127642624724,1.2109340119199927
37.63912764262473,1.2109418737135482
37.64912764262473,1.2109497211561882
37.659127642624725,1.210957554268933
37.66912764262473,1.2109653730727832
37.679127642624735,1.2109731775887203
37.68912764262473,1.2109809678377061
37.69912764262473,1.2109887438406828
37.709127642624736,1.2109965056185734
37.71912764262474,1.2110042531922816
37.72912764262474,1.2110119865826907
37.73912764262474,1.2110197058106655
37.74912764262474,1.2110274108970507
37.75912764262475,1.2110351018626717
37.769127642624746,1.2110427787283342
37.77912764262474,1.2110504415148249
37.78912764262475,1.21105809024291
37.799127642624754,1.2110657249333372
37.80912764262475,1.211073345606834
37.81912764262475,1.2110809522841084
37.829127642624755,1.2110885449858493
37.83912764262476,1.2110961237327256
37.84912764262476,1.2111036885453865
37.859127642624756,1.2111112394444625
37.86912764262476,1.2111187764505635
37.879127642624766,1.2111262995842802
37.889127642624764,1.211133808866184
37.89912764262476,1.2111413043168262
37.90912764262477,1.2111487859567391
37.91912764262477,1.2111562538064349
37.92912764262477,1.2111637078864066
37.93912764262477,1.2111711482171272
37.949127642624774,1.21117857481905
37.95912764262478,1.2111859877126097
37.96912764262478,1.2111933869182199
37.979127642624775,1.2112007724562757
37.98912764262478,1.211208144347152
37.999127642624785,1.2112155026112048
38.00912764262478,1.2112228472687692
38.01912764262478,1.2112301783401616
38.029127642624786,1.2112374958456789
38.03912764262479,1.2112447998055975
38.04912764262479,1.2112520902401753
38.05912764262479,1.2112593671696492
38.06912764262479,1.2112666306142374
38.0791276426248,1.2112738805941383
38.089127642624796,1.2112811171295306
38.099127642624794,1.2112883402405727
38.1091276426248,1.2112955499474045
38.119127642624804,1.2113027462701451
38.1291276426248,1.2113099292288951
38.1391276426248,1.2113170988437338
38.149127642624805,1.2113242551347225
38.15912764262481,1.2113313981219016
38.16912764262481,1.2113385278252926
38.179127642624806,1.2113456442648969
38.18912764262481,1.2113527474606962
38.199127642624816,1.2113598374326524
38.209127642624814,1.2113669142007082
38.21912764262481,1.211373977784786
38.22912764262482,1.2113810282047892
38.23912764262482,1.2113880654806004
38.24912764262482,1.2113950896320838
38.25912764262482,1.2114021006790825
38.269127642624824,1.2114090986414214
38.27912764262483,1.2114160835389043
38.28912764262483,1.211423055391316
38.299127642624825,1.2114300142184213
38.30912764262483,1.2114369600399657
38.319127642624835,1.2114438928756746
38.32912764262483,1.2114508127452535
38.33912764262483,1.2114577196683884
38.349127642624836,1.211464613664746
38.35912764262484,1.2114714947539724
38.36912764262484,1.2114783629556944
38.37912764262484,1.2114852182895193
38.38912764262484,1.211492060775034
38.39912764262485,1.2114988904318063
38.409127642624846,1.2115057072793842
38.419127642624844,1.2115125113372953
38.42912764262485,1.2115193026250481
38.439127642624854,1.2115260811621313
38.44912764262485,1.2115328469680136
38.45912764262485,1.2115396000621437
38.469127642624855,1.2115463404639513
38.47912764262486,1.2115530681928455
38.48912764262486,1.2115597832682166
38.499127642624856,1.2115664857094341
38.50912764262486,1.2115731755358485
38.519127642624866,1.21157985276679
38.529127642624864,1.2115865174215696
38.53912764262486,1.2115931695194782
38.54912764262487,1.2115998090797864
38.55912764262487,1.2116064361217465
38.56912764262487,1.2116130506645895
38.57912764262487,1.2116196527275274
38.589127642624874,1.2116262423297524
38.59912764262488,1.2116328194904367
38.60912764262488,1.2116393842287327
38.619127642624875,1.2116459365637735
38.62912764262488,1.2116524765146721
38.639127642624885,1.2116590041005213
38.64912764262488,1.2116655193403951
38.65912764262488,1.2116720222533468
38.669127642624886,1.21167851285841
38.67912764262489,1.2116849911745997
38.68912764262489,1.2116914572209097
38.69912764262489,1.2116979110163144
38.70912764262489,1.211704352579769
38.7191276426249,1.2117107819302084
38.729127642624896,1.2117171990865478
38.739127642624894,1.2117236040676826
38.7491276426249,1.2117299968924886
38.759127642624904,1.2117363775798218
38.7691276426249,1.2117427461485182
38.7791276426249,1.2117491026173943
38.789127642624905,1.2117554470052465
38.79912764262491,1.2117617793308517
38.80912764262491,1.2117680996129674
38.819127642624906,1.21177440787033
38.82912764262491,1.2117807041216577
38.839127642624916,1.211786988385648
38.849127642624914,1.2117932606809791
38.85912764262491,1.2117995210263086
38.86912764262492,1.2118057694402755
38.87912764262492,1.2118120059414983
38.88912764262492,1.2118182305485758
38.89912764262492,1.2118244432800869
38.909127642624924,1.2118306441545914
38.91912764262493,1.2118368331906286
38.92912764262493,1.2118430104067186
38.939127642624925,1.211849175821361
38.94912764262493,1.2118553294530363
38.959127642624935,1.2118614713202052
38.96912764262493,1.2118676014413081
38.97912764262493,1.2118737198347664
38.989127642624936,1.211879826518981
38.99912764262494,1.2118859215123339
39.00912764262494,1.2118920048331863
39.01912764262494,1.2118980764998804
39.02912764262494,1.2119041365307384
39.03912764262495,1.2119101849440628
39.049127642624946,1.2119162217581365
39.059127642624944,1.211922246991222
39.06912764262495,1.2119282606615633
39.079127642624954,1.2119342627873833
39.08912764262495,1.211940253386886
39.09912764262495,1.211946232478255
39.109127642624955,1.2119522000796554
39.11912764262496,1.211958156209231
39.12912764262496,1.211964100885107
39.139127642624956,1.2119700341253883
39.14912764262496,1.21197595594816
39.159127642624966,1.2119818663714885
39.169127642624964,1.2119877654134188
39.17912764262496,1.2119936530919777
39.18912764262497,1.2119995294251713
39.19912764262497,1.2120053944309865
39.20912764262497,1.2120112481273901
39.21912764262497,1.2120170905323298
39.229127642624974,1.2120229216637326
39.23912764262498,1.212028741539507
39.24912764262498,1.212034550177541
39.259127642624975,1.2120403475957024
39.26912764262498,1.2120461338118411
39.279127642624985,1.212051908843785
39.28912764262498,1.2120576727093444
39.29912764262498,1.2120634254263087
39.309127642624986,1.2120691670124477
39.31912764262499,1.2120748974855118
39.32912764262499,1.2120806168632314
39.33912764262499,1.212086325163318
39.34912764262499,1.2120920224034624
39.359127642625,1.2120977086013363
39.369127642624996,1.2121033837745916
39.379127642624994,1.2121090479408605
39.389127642625,1.2121147011177555
39.399127642625004,1.21212034332287
39.409127642625,1.2121259745737767
39.419127642625,1.2121315948880294
39.429127642625005,1.212137204283162
39.43912764262501,1.2121428027766887
39.44912764262501,1.2121483903861043
39.459127642625006,1.212153967128884
39.46912764262501,1.2121595330224828
39.479127642625016,1.2121650880843367
39.489127642625014,1.2121706323318615
39.49912764262501,1.2121761657824541
39.50912764262502,1.212181688453491
39.51912764262502,1.2121872003623297
39.52912764262502,1.2121927015263076
39.53912764262502,1.212198191962743
39.549127642625024,1.212203671688934
39.55912764262503,1.2122091407221591
39.56912764262503,1.2122145990796782
39.579127642625025,1.2122200467787307
39.58912764262503,1.2122254838365363
39.599127642625035,1.212230910270296
39.60912764262503,1.2122363260971898
39.61912764262503,1.2122417313343796
39.629127642625036,1.212247125999007
39.63912764262504,1.212252510108194
39.64912764262504,1.212257883679043
39.65912764262504,1.2122632467286374
39.66912764262504,1.2122685992740403
39.67912764262505,1.2122739413322956
39.689127642625046,1.2122792729204277
39.699127642625044,1.2122845940554412
39.70912764262505,1.2122899047543219
39.719127642625054,1.2122952050340348
39.72912764262505,1.2123004949115266
39.73912764262505,1.2123057744037236
39.749127642625055,1.2123110435275333
39.75912764262506,1.2123163022998429
39.76912764262506,1.2123215507375211
39.779127642625056,1.2123267888574158
39.78912764262506,1.2123320166763567
39.799127642625066,1.212337234211153
39.809127642625064,1.212342441478595
39.81912764262506,1.2123476384954532
39.82912764262507,1.212352825278479
39.83912764262507,1.212358001844404
39.84912764262507,1.2123631682099405
39.85912764262507,1.2123683243917809
39.869127642625074,1.2123734704065987
39.87912764262508,1.2123786062710478
39.88912764262508,1.2123837320017625
39.899127642625075,1.212388847615358
39.90912764262508,1.2123939531284291
39.919127642625085,1.2123990485575526
39.92912764262508,1.2124041339192848
39.93912764262508,1.2124092092301633
39.949127642625086,1.2124142745067052
39.95912764262509,1.2124193297654096
39.96912764262509,1.2124243750227552
39.97912764262509,1.2124294102952016
39.98912764262509,1.2124344355991892
39.9991276426251,1.2124394509511385
40.009127642625096,1.212444456367451
40.019127642625094,1.2124494518645088
40.0291276426251,1.212454437458675
40.039127642625104,1.2124594131662922
40.0491276426251,1.212464379003685
40.0591276426251,1.212469334987158
40.069127642625105,1.2124742811329958
40.07912764262511,1.2124792174574652
40.08912764262511,1.2124841439768121
40.099127642625106,1.2124890607072647
40.10912764262511,1.21249396766503
40.119127642625116,1.212498864866297
40.129127642625114,1.212503752327235
40.13912764262511,1.2125086300639945
40.14912764262512,1.2125134980927057
40.15912764262512,1.2125183564294801
40.16912764262512,1.2125232050904102
40.17912764262512,1.2125280440915687
40.189127642625124,1.2125328734490093
40.19912764262513,1.2125376931787664
40.20912764262513,1.212542503296855
40.219127642625125,1.212547303819271
40.22912764262513,1.2125520947619912
40.239127642625135,1.2125568761409729
40.24912764262513,1.2125616479721542
40.25912764262513,1.212566410271454
40.269127642625136,1.212571163054772
40.27912764262514,1.212575906337989
40.28912764262514,1.2125806401369663
40.29912764262514,1.212585364467546
40.30912764262514,1.2125900793455506
40.31912764262515,1.2125947847867846
40.329127642625146,1.212599480807032
40.339127642625144,1.2126041674220585
40.34912764262515,1.2126088446476102
40.359127642625154,1.2126135124994142
40.36912764262515,1.212618170993179
40.37912764262515,1.2126228201445928
40.389127642625155,1.2126274599693256
40.39912764262516,1.212632090483028
40.40912764262516,1.2126367117013312
40.419127642625156,1.212641323639848
40.42912764262516,1.2126459263141713
40.43912764262517,1.2126505197398756
40.449127642625164,1.2126551039325157
40.45912764262516,1.2126596789076278
40.46912764262517,1.2126642446807285
40.47912764262517,1.2126688012673161
40.48912764262517,1.2126733486828694
40.49912764262517,1.2126778869428478
40.509127642625174,1.2126824160626923
40.51912764262518,1.212686936057825
40.52912764262518,1.2126914469436478
40.539127642625175,1.2126959487355449
40.54912764262518,1.2127004414488807
40.559127642625185,1.2127049250990012
40.56912764262518,1.2127093997012328
40.57912764262518,1.212713865270883
40.589127642625186,1.2127183218232411
40.59912764262519,1.2127227693735765
40.60912764262519,1.2127272079371396
40.61912764262519,1.212731637529163
40.62912764262519,1.2127360581648592
40.6391276426252,1.212740469859422
40.649127642625196,1.2127448726280268
40.659127642625194,1.2127492664858295
40.6691276426252,1.212753651447967
40.679127642625204,1.2127580275295582
40.6891276426252,1.2127623947457022
40.6991276426252,1.2127667531114796
40.709127642625205,1.2127711026419519
40.71912764262521,1.2127754433521618
40.72912764262521,1.2127797752571334
40.739127642625206,1.212784098371872
40.74912764262521,1.2127884127113633
40.75912764262522,1.212792718290575
40.769127642625214,1.2127970151244556
40.77912764262521,1.2128013032279346
40.78912764262522,1.2128055826159234
40.79912764262522,1.2128098533033138
40.80912764262522,1.2128141153049792
40.81912764262522,1.212818368635774
40.829127642625224,1.2128226133105344
40.83912764262523,1.212826849344077
40.84912764262523,1.2128310767512005
40.859127642625225,1.212835295546684
40.86912764262523,1.2128395057452883
40.879127642625235,1.2128437073617557
40.88912764262523,1.2128479004108095
40.89912764262523,1.212852084907154
40.909127642625236,1.2128562608654754
40.91912764262524,1.2128604283004407
40.92912764262524,1.2128645872266988
40.93912764262524,1.2128687376588791
40.94912764262524,1.2128728796115933
40.95912764262525,1.2128770130994337
40.969127642625246,1.212881138136974
40.979127642625244,1.2128852547387696
40.98912764262525,1.2128893629193573
40.999127642625254,1.2128934626932548
41.00912764262525,1.2128975540749616
41.01912764262525,1.2129016370789587
41.029127642625255,1.212905711719708
41.03912764262526,1.2129097780116533
41.04912764262526,1.2129138359692195
41.059127642625256,1.2129178856068132
41.06912764262526,1.2129219269388225
41.07912764262527,1.2129259599796165
41.089127642625265,1.2129299847435462
41.09912764262526,1.2129340012449439
41.10912764262527,1.2129380094981232
41.11912764262527,1.2129420095173797
41.12912764262527,1.2129460013169902
41.13912764262527,1.2129499849112129
41.149127642625274,1.2129539603142878
41.15912764262528,1.2129579275404359
41.16912764262528,1.2129618866038605
41.179127642625275,1.212965837518746
41.18912764262528,1.2129697802992585
41.199127642625285,1.2129737149595454
41.20912764262528,1.2129776415137359
41.21912764262528,1.2129815599759413
41.229127642625286,1.2129854703602532
41.23912764262529,1.2129893726807464
41.24912764262529,1.212993266951476
41.25912764262529,1.2129971531864792
41.26912764262529,1.2130010313997752
41.2791276426253,1.2130049016053646
41.289127642625296,1.2130087638172296
41.299127642625294,1.2130126180493337
41.3091276426253,1.213016464315623
41.319127642625304,1.2130203026300244
41.3291276426253,1.213024133006447
41.3391276426253,1.2130279554587817
41.349127642625305,1.2130317700009006
41.35912764262531,1.213035576646658
41.36912764262531,1.2130393754098896
41.379127642625306,1.2130431663044137
41.38912764262531,1.2130469493440288
41.39912764262532,1.2130507245425166
41.409127642625315,1.2130544919136401
41.41912764262531,1.213058251471144
41.42912764262532,1.2130620032287551
41.43912764262532,1.2130657472001813
41.44912764262532,1.2130694833991134
41.45912764262532,1.2130732118392231
41.469127642625324,1.2130769325341644
41.47912764262533,1.213080645497573
41.48912764262533,1.213084350743067
41.499127642625325,1.2130880482842454
41.50912764262533,1.2130917381346902
41.519127642625335,1.213095420307964
41.52912764262533,1.2130990948176128
41.53912764262533,1.2131027616771635
41.549127642625336,1.213106420900125
41.55912764262534,1.2131100724999886
41.56912764262534,1.2131137164902273
41.57912764262534,1.213117352884296
41.58912764262534,1.2131209816956319
41.59912764262535,1.2131246029376537
41.609127642625346,1.2131282166237625
41.619127642625344,1.213131822767341
41.62912764262535,1.213135421381755
41.639127642625354,1.2131390124803507
41.64912764262535,1.2131425960764575
41.65912764262535,1.2131461721833867
41.669127642625355,1.2131497408144312
41.67912764262536,1.2131533019828664
41.68912764262536,1.2131568557019499
41.699127642625356,1.2131604019849207
41.70912764262536,1.213163940845001
41.71912764262537,1.2131674722953942
41.729127642625365,1.213170996349286
41.73912764262536,1.2131745130198448
41.74912764262537,1.2131780223202207
41.75912764262537,1.2131815242635455
41.76912764262537,1.2131850188629345
41.77912764262537,1.213188506131484
41.789127642625374,1.2131919860822729
41.79912764262538,1.2131954587283624
41.80912764262538,1.2131989240827958
41.819127642625375,1.2132023821585987
41.82912764262538,1.213205832968779
41.839127642625385,1.2132092765263267
41.84912764262538,1.2132127128442143
41.85912764262538,1.2132161419353964
41.869127642625386,1.21321956381281
41.87912764262539,1.2132229784893744
41.88912764262539,1.213226385977991
41.89912764262539,1.213229786291544
41.90912764262539,1.2132331794428994
41.9191276426254,1.2132365654449062
41.929127642625396,1.213239944310395
41.939127642625394,1.213243316052179
41.9491276426254,1.2132466806830544
41.959127642625404,1.2132500382157994
41.9691276426254,1.213253388663174
41.9791276426254,1.2132567320379215
41.989127642625405,1.2132600683527675
41.99912764262541,1.2132633976204197
42.00912764262541,1.2132667198535685
42.019127642625406,1.2132700350648866
42.02912764262541,1.2132733432670295
42.03912764262542,1.2132766444726346
42.049127642625415,1.2132799386943227
42.05912764262541,1.2132832259446962
42.06912764262542,1.213286506236341
42.07912764262542,1.213289779581824
42.08912764262542,1.2132930459936968
42.09912764262542,1.2132963054844916
42.109127642625424,1.2132995580667245
42.11912764262543,1.2133028037528935
42.12912764262543,1.2133060425554794
42.139127642625425,1.2133092744869454
42.14912764262543,1.213312499559738
42.159127642625435,1.2133157177862857
42.16912764262543,1.2133189291789996
42.17912764262543,1.213322133750274
42.18912764262544,1.2133253315124857
42.19912764262544,1.2133285224779937
42.20912764262544,1.2133317066591403
42.21912764262544,1.2133348840682503
42.22912764262544,1.2133380547176311
42.23912764262545,1.2133412186195733
42.249127642625446,1.2133443757863498
42.259127642625444,1.213347526230216
42.26912764262545,1.2133506699634107
42.279127642625454,1.2133538069981555
42.28912764262545,1.2133569373466544
42.29912764262545,1.2133600610210944
42.309127642625455,1.213363178033645
42.31912764262546,1.213366288396459
42.32912764262546,1.2133693921216722
42.339127642625456,1.2133724892214026
42.34912764262546,1.2133755797077517
42.35912764262547,1.2133786635928034
42.369127642625465,1.2133817408886247
42.37912764262546,1.2133848116072659
42.38912764262547,1.2133878757607592
42.39912764262547,1.213390933361121
42.40912764262547,1.21339398442035
42.41912764262547,1.213397028950428
42.429127642625474,1.2134000669633191
42.43912764262548,1.2134030984709716
42.44912764262548,1.2134061234853162
42.459127642625475,1.2134091420182662
42.46912764262548,1.2134121540817187
42.479127642625485,1.2134151596875533
42.48912764262548,1.2134181588476332
42.49912764262548,1.213421151573804
42.50912764262549,1.2134241378778945
42.51912764262549,1.2134271177717173
42.52912764262549,1.2134300912670675
42.53912764262549,1.2134330583757231
42.54912764262549,1.2134360191094458
42.5591276426255,1.21343897347998
42.569127642625496,1.2134419214990537
42.579127642625494,1.2134448631783779
42.5891276426255,1.2134477985296463
42.599127642625504,1.2134507275645365
42.6091276426255,1.213453650294709
42.6191276426255,1.2134565667318078
42.629127642625505,1.2134594768874594
42.63912764262551,1.213462380773274
42.64912764262551,1.2134652784008457
42.659127642625506,1.2134681697817509
42.66912764262551,1.2134710549275496
42.67912764262552,1.213473933849785
42.689127642625515,1.2134768065599841
42.69912764262551,1.2134796730696573
42.70912764262552,1.213482533390297
42.71912764262552,1.2134853875333806
42.72912764262552,1.2134882355103678
42.73912764262552,1.2134910773327023
42.749127642625524,1.213493913011811
42.75912764262553,1.213496742559104
42.76912764262553,1.2134995659859749
42.779127642625525,1.213502383303801
42.78912764262553,1.2135051945239428
42.799127642625535,1.2135079996577443
42.80912764262553,1.2135107987165328
42.81912764262553,1.2135135917116198
42.82912764262554,1.2135163786542993
42.83912764262554,1.2135191595558497
42.84912764262554,1.2135219344275319
42.85912764262554,1.2135247032805918
42.86912764262554,1.2135274661262576
42.87912764262555,1.2135302229757414
42.889127642625546,1.213532973840239
42.899127642625544,1.21353571873093
42.90912764262555,1.2135384576589772
42.919127642625554,1.2135411906355273
42.92912764262555,1.2135439176717104
42.93912764262555,1.2135466387786407
42.949127642625555,1.2135493539674154
42.95912764262556,1.2135520632491157
42.96912764262556,1.2135547666348068
42.979127642625556,1.2135574641355373
42.98912764262556,1.2135601557623392
42.99912764262557,1.213562841526229
43.009127642625565,1.2135655214382064
43.01912764262556,1.2135681955092545
43.02912764262557,1.2135708637503415
43.03912764262557,1.2135735261724179
43.04912764262557,1.2135761827864189
43.05912764262557,1.213578833603263
43.069127642625574,1.213581478633853
43.07912764262558,1.2135841178890752
43.08912764262558,1.2135867513797998
43.099127642625575,1.213589379116881
43.10912764262558,1.213592001111157
43.119127642625585,1.2135946173734493
43.12912764262558,1.2135972279145641
43.13912764262558,1.2135998327452908
43.14912764262559,1.2136024318764034
43.15912764262559,1.2136050253186594
43.16912764262559,1.2136076130828002
43.17912764262559,1.2136101951795515
43.18912764262559,1.213612771619623
43.1991276426256,1.213615342413708
43.209127642625596,1.2136179075724844
43.219127642625594,1.2136204671066135
43.2291276426256,1.2136230210267411
43.239127642625604,1.2136255693434972
43.2491276426256,1.213628112067495
43.2591276426256,1.2136306492093327
43.269127642625605,1.2136331807795924
43.27912764262561,1.2136357067888404
43.28912764262561,1.213638227247626
43.299127642625606,1.2136407421664845
43.30912764262561,1.2136432515559346
43.31912764262562,1.213645755426478
43.329127642625615,1.2136482537886024
43.33912764262561,1.2136507466527786
43.34912764262562,1.2136532340294623
43.35912764262562,1.2136557159290924
43.36912764262562,1.2136581923620933
43.37912764262562,1.2136606633388727
43.389127642625624,1.2136631288698227
43.39912764262563,1.2136655889653205
43.40912764262563,1.2136680436357268
43.419127642625625,1.2136704928913864
43.42912764262563,1.2136729367426293
43.439127642625635,1.2136753751997693
43.44912764262563,1.2136778082731046
43.45912764262563,1.2136802359729177
43.46912764262564,1.2136826583094757
43.47912764262564,1.21368507529303
43.48912764262564,1.2136874869338163
43.49912764262564,1.213689893242055
43.50912764262564,1.2136922942279504
43.51912764262565,1.2136946899016923
43.529127642625646,1.2136970802734537
43.539127642625644,1.213699465353393
43.54912764262565,1.2137018451516526
43.559127642625654,1.2137042196783594
43.56912764262565,1.2137065889436254
43.57912764262565,1.2137089529575467
43.589127642625655,1.2137113117302039
43.59912764262566,1.213713665271662
43.60912764262566,1.2137160135919716
43.61912764262566,1.2137183567011665
43.62912764262566,1.2137206946092658
43.63912764262567,1.2137230273262736
43.649127642625665,1.213725354862178
43.65912764262566,1.2137276772269519
43.66912764262567,1.213729994430553
43.67912764262567,1.213732306482924
43.68912764262567,1.2137346133939915
43.69912764262567,1.2137369151736672
43.709127642625674,1.213739211831848
43.71912764262568,1.213741503378415
43.72912764262568,1.2137437898232337
43.739127642625675,1.2137460711761554
43.74912764262568,1.2137483474470154
43.759127642625685,1.2137506186456342
43.76912764262568,1.2137528847818169
43.77912764262568,1.213755145865353
43.78912764262569,1.213757401906018
43.79912764262569,1.2137596529135712
43.80912764262569,1.2137618988977572
43.81912764262569,1.2137641398683054
43.82912764262569,1.2137663758349304
43.8391276426257,1.213768606807331
43.849127642625696,1.2137708327951915
43.859127642625694,1.213773053808181
43.8691276426257,1.2137752698559536
43.879127642625704,1.2137774809481485
43.8891276426257,1.2137796870943895
43.8991276426257,1.2137818883042857
43.909127642625705,1.2137840845874313
43.91912764262571,1.213786275953405
43.92912764262571,1.2137884624117714
43.93912764262571,1.2137906439720791
43.94912764262571,1.2137928206438628
43.95912764262572,1.213794992436642
43.969127642625715,1.2137971593599204
43.97912764262571,1.2137993214231884
43.98912764262572,1.21380147863592
43.99912764262572,1.2138036310075755
44.00912764262572,1.2138057785475995
44.01912764262572,1.2138079212654225
44.029127642625724,1.21381005917046
44.03912764262573,1.213812192272112
44.04912764262573,1.2138143205797647
44.059127642625725,1.2138164441027892
44.06912764262573,1.2138185628505416
44.079127642625735,1.2138206768323632
44.08912764262573,1.2138227860575812
44.09912764262573,1.2138248905355078
44.10912764262574,1.21382699027544
44.11912764262574,1.213829085286661
44.12912764262574,1.2138311755784383
44.13912764262574,1.2138332611600258
44.14912764262574,1.213835342040662
44.15912764262575,1.2138374182295713
44.169127642625746,1.2138394897359632
44.179127642625744,1.2138415565690326
44.18912764262575,1.21384361873796
44.199127642625754,1.2138456762519112
44.20912764262575,1.2138477291200376
44.21912764262575,1.2138497773514758
44.229127642625755,1.2138518209553482
44.23912764262576,1.2138538599407624
44.24912764262576,1.2138558943168118
44.25912764262576,1.2138579240925753
44.26912764262576,1.2138599492771167
44.27912764262577,1.2138619698794866
44.289127642625765,1.21386398590872
44.29912764262576,1.2138659973738382
44.30912764262577,1.2138680042838477
44.31912764262577,1.2138700066477408
44.32912764262577,1.2138720044744953
44.33912764262577,1.2138739977730753
44.349127642625774,1.2138759865524293
44.35912764262578,1.2138779708214924
44.36912764262578,1.2138799505891853
44.379127642625775,1.2138819258644145
44.38912764262578,1.2138838966560714
44.399127642625785,1.2138858629730342
44.40912764262578,1.2138878248241665
44.41912764262578,1.213889782218317
44.42912764262579,1.2138917351643213
44.43912764262579,1.2138936836709997
44.44912764262579,1.2138956277471593
44.45912764262579,1.2138975674015924
44.46912764262579,1.2138995026430772
44.4791276426258,1.213901433480378
44.489127642625796,1.2139033599222446
44.499127642625794,1.213905281977413
44.5091276426258,1.2139071996546054
44.519127642625804,1.2139091129625288
44.5291276426258,1.2139110219098774
44.5391276426258,1.2139129265053306
44.549127642625805,1.213914826757554
44.55912764262581,1.2139167226751988
44.56912764262581,1.213918614266903
44.57912764262581,1.2139205015412897
44.58912764262581,1.2139223845069687
44.59912764262582,1.2139242631725353
44.609127642625815,1.213926137546571
44.61912764262581,1.213928007637644
44.62912764262582,1.2139298734543078
44.63912764262582,1.213931735005102
44.64912764262582,1.2139335922985528
44.65912764262582,1.2139354453431719
44.669127642625824,1.213937294147458
44.67912764262583,1.213939138719895
44.68912764262583,1.2139409790689537
44.699127642625825,1.2139428152030907
44.70912764262583,1.2139446471307487
44.719127642625836,1.213946474860357
44.72912764262583,1.213948298400331
44.73912764262583,1.2139501177590721
44.74912764262584,1.2139519329449682
44.75912764262584,1.2139537439663932
44.76912764262584,1.2139555508317077
44.77912764262584,1.2139573535492583
44.78912764262584,1.2139591521273778
44.79912764262585,1.213960946574386
44.809127642625846,1.213962736898588
44.819127642625844,1.213964523108276
44.82912764262585,1.2139663052117287
44.839127642625854,1.2139680832172106
44.84912764262585,1.2139698571329727
44.85912764262585,1.2139716269672531
44.869127642625855,1.2139733927282754
44.87912764262586,1.2139751544242505
44.88912764262586,1.213976912063375
44.89912764262586,1.2139786656538325
44.90912764262586,1.213980415203793
44.91912764262587,1.2139821607214125
44.929127642625865,1.2139839022148344
44.93912764262586,1.2139856396921882
44.94912764262587,1.21398737316159
44.95912764262587,1.213989102631142
44.96912764262587,1.213990828108934
44.97912764262587,1.2139925496030413
44.989127642625874,1.2139942671215265
44.99912764262588,1.2139959806724385
45.00912764262588,1.2139976902638134
45.019127642625875,1.2139993959036732
45.02912764262588,1.2140010976000268
45.039127642625886,1.2140027953608705
45.04912764262588,1.2140044891941861
45.05912764262588,1.214006179107943
45.06912764262589,1.2140078651100972
45.07912764262589,1.2140095472085912
45.08912764262589,1.2140112254113542
45.09912764262589,1.2140128997263022
45.10912764262589,1.2140145701613387
45.1191276426259,1.2140162367243532
45.129127642625896,1.2140178994232225
45.139127642625894,1.2140195582658095
45.1491276426259,1.2140212132599646
45.159127642625904,1.2140228644135254
45.1691276426259,1.2140245117343154
45.1791276426259,1.2140261552301457
45.189127642625905,1.2140277949088143
45.19912764262591,1.2140294307781057
45.20912764262591,1.2140310628457918
45.21912764262591,1.2140326911196313
45.22912764262591,1.2140343156073694
45.23912764262592,1.2140359363167392
45.249127642625915,1.2140375532554601
45.25912764262591,1.2140391664312387
45.26912764262592,1.2140407758517688
45.27912764262592,1.214042381524731
45.28912764262592,1.2140439834577932
45.29912764262592,1.2140455816586102
45.309127642625924,1.214047176134824
45.31912764262593,1.2140487668940634
45.32912764262593,1.214050353943945
45.339127642625925,1.2140519372920715
45.34912764262593,1.2140535169460338
45.359127642625936,1.21405509291341
45.369127642625934,1.2140566652017637
45.37912764262593,1.214058233818648
45.38912764262594,1.2140597987716018
45.39912764262594,1.2140613600681511
45.40912764262594,1.2140629177158102
45.41912764262594,1.2140644717220797
45.42912764262594,1.214066022094448
45.43912764262595,1.2140675688403904
45.449127642625946,1.2140691119673699
45.459127642625944,1.2140706514828363
45.46912764262595,1.2140721873942275
45.479127642625954,1.214073719708968
45.48912764262595,1.2140752484344701
45.49912764262595,1.2140767735781333
45.509127642625955,1.2140782951473446
45.51912764262596,1.2140798131494779
45.52912764262596,1.2140813275918956
45.53912764262596,1.2140828384819462
45.54912764262596,1.214084345826967
45.55912764262597,1.2140858496342817
45.569127642625965,1.214087349911202
45.57912764262596,1.2140888466650268
45.58912764262597,1.2140903399030432
45.59912764262597,1.2140918296325247
45.60912764262597,1.2140933158607332
45.61912764262597,1.214094798594918
45.629127642625974,1.2140962778423157
45.63912764262598,1.214097753610151
45.64912764262598,1.2140992259056351
45.659127642625975,1.2141006947359685
45.66912764262598,1.214102160108338
45.679127642625986,1.2141036220299184
45.689127642625984,1.214105080507872
45.69912764262598,1.2141065355493494
45.70912764262599,1.2141079871614884
45.71912764262599,1.2141094353514141
45.72912764262599,1.2141108801262406
45.73912764262599,1.2141123214930682
45.74912764262599,1.214113759458986
45.759127642626,1.2141151940310706
45.769127642625996,1.2141166252163862
45.779127642625994,1.2141180530219846
45.789127642626,1.2141194774549064
45.799127642626004,1.2141208985221787
45.809127642626,1.2141223162308177
45.819127642626,1.214123730587826
45.829127642626005,1.2141251416001957
45.83912764262601,1.2141265492749056
45.84912764262601,1.214127953618923
45.85912764262601,1.2141293546392022
45.86912764262601,1.2141307523426867
45.87912764262602,1.2141321467363075
45.889127642626015,1.2141335378269833
45.89912764262601,1.2141349256216203
45.90912764262602,1.214136310127114
45.91912764262602,1.214137691350347
45.92912764262602,1.2141390692981897
45.93912764262602,1.2141404439775014
45.949127642626024,1.2141418153951284
45.95912764262603,1.2141431835579062
45.96912764262603,1.2141445484726576
45.979127642626025,1.2141459101461936
45.98912764262603,1.2141472685853132
45.999127642626036,1.2141486237968042
46.009127642626034,1.2141499757874414
46.01912764262603,1.2141513245639892
46.02912764262604,1.2141526701331986
46.03912764262604,1.2141540125018098
46.04912764262604,1.2141553516765509
46.05912764262604,1.2141566876641385
46.06912764262604,1.2141580204712767
46.07912764262605,1.2141593501046586
46.089127642626046,1.2141606765709652
46.099127642626044,1.2141619998768658
46.10912764262605,1.2141633200290176
46.119127642626054,1.214164637034067
46.12912764262605,1.2141659508986484
46.13912764262605,1.2141672616293835
46.149127642626055,1.2141685692328839
46.15912764262606,1.2141698737157485
46.16912764262606,1.2141711750845647
46.17912764262606,1.2141724733459087
46.18912764262606,1.2141737685063452
46.19912764262607,1.2141750605724264
46.209127642626065,1.2141763495506936
46.21912764262606,1.214177635447677
46.22912764262607,1.214178918269894
46.23912764262607,1.2141801980238518
46.24912764262607,1.214181474716045
46.25912764262607,1.2141827483529575
46.269127642626074,1.2141840189410613
46.27912764262608,1.214185286486817
46.28912764262608,1.2141865509966738
46.299127642626075,1.2141878124770693
46.30912764262608,1.21418907093443
46.319127642626086,1.2141903263751705
46.329127642626084,1.214191578805695
46.33912764262608,1.2141928282323946
46.34912764262609,1.2141940746616509
46.35912764262609,1.2141953180998328
46.36912764262609,1.214196558553299
46.37912764262609,1.2141977960283954
46.38912764262609,1.214199030531458
46.3991276426261,1.2142002620688108
46.409127642626096,1.2142014906467669
46.419127642626094,1.2142027162716276
46.4291276426261,1.214203938949683
46.439127642626104,1.214205158687213
46.4491276426261,1.2142063754904848
46.4591276426261,1.2142075893657553
46.469127642626106,1.2142088003192704
46.47912764262611,1.2142100083572638
46.48912764262611,1.2142112134859593
46.49912764262611,1.2142124157115683
46.50912764262611,1.214213615040292
46.51912764262612,1.2142148114783202
46.529127642626115,1.2142160050318318
46.53912764262611,1.2142171957069936
46.54912764262612,1.214218383509963
46.55912764262612,1.2142195684468848
46.56912764262612,1.2142207505238938
46.57912764262612,1.214221929747113
46.589127642626124,1.2142231061226552
46.59912764262613,1.2142242796566214
46.60912764262613,1.214225450355102
46.619127642626125,1.2142266182241768
46.62912764262613,1.2142277832699135
46.639127642626136,1.2142289454983701
46.649127642626134,1.2142301049155932
46.65912764262613,1.214231261527618
46.66912764262614,1.21423241534047
46.67912764262614,1.2142335663601622
46.68912764262614,1.2142347145926982
46.69912764262614,1.2142358600440697
46.70912764262614,1.2142370027202585
46.71912764262615,1.2142381426272344
46.729127642626146,1.2142392797709576
46.739127642626144,1.2142404141573766
46.74912764262615,1.2142415457924296
46.759127642626154,1.214242674682044
46.76912764262615,1.2142438008321361
46.77912764262615,1.2142449242486117
46.789127642626156,1.2142460449373664
46.79912764262616,1.2142471629042837
46.80912764262616,1.2142482781552377
46.81912764262616,1.2142493906960916
46.82912764262616,1.2142505005326971
46.83912764262617,1.2142516076708965
46.849127642626165,1.2142527121165203
46.85912764262616,1.2142538138753889
46.86912764262617,1.2142549129533124
46.87912764262617,1.2142560093560895
46.88912764262617,1.2142571030895093
46.89912764262617,1.2142581941593495
46.909127642626174,1.2142592825713776
46.91912764262618,1.2142603683313504
46.92912764262618,1.2142614514450145
46.939127642626175,1.2142625319181057
46.94912764262618,1.214263609756349
46.959127642626186,1.21426468496546
46.969127642626184,1.2142657575511424
46.97912764262618,1.2142668275190909
46.98912764262619,1.2142678948749883
46.99912764262619,1.214268959624508
47.00912764262619,1.214270021773313
47.01912764262619,1.214271081327055
47.02912764262619,1.2142721382913764
47.0391276426262,1.2142731926719084
47.049127642626196,1.214274244474272
47.059127642626194,1.2142752937040786
47.0691276426262,1.2142763403669283
47.079127642626204,1.2142773844684114
47.0891276426262,1.214278426014108
47.0991276426262,1.2142794650095872
47.109127642626206,1.2142805014604088
47.11912764262621,1.2142815353721217
47.12912764262621,1.2142825667502646
47.13912764262621,1.2142835956003664
47.14912764262621,1.214284621927945
47.15912764262622,1.2142856457385092
47.169127642626215,1.2142866670375567
47.17912764262621,1.2142876858305753
47.18912764262622,1.2142887021230426
47.19912764262622,1.2142897159204264
47.20912764262622,1.214290727228184
47.21912764262622,1.2142917360517624
47.229127642626224,1.2142927423965992
47.23912764262623,1.2142937462681214
47.24912764262623,1.2142947476717458
47.259127642626225,1.2142957466128794
47.26912764262623,1.2142967430969194
47.279127642626236,1.2142977371292525
47.289127642626234,1.2142987287152553
47.29912764262623,1.214299717860295
47.30912764262624,1.2143007045697285
47.31912764262624,1.2143016888489024
47.32912764262624,1.214302670703154
47.33912764262624,1.21430365013781
47.34912764262624,1.2143046271581874
47.35912764262625,1.2143056017695937
47.369127642626246,1.214306573977326
47.379127642626244,1.2143075437866715
47.38912764262625,1.2143085112029077
47.399127642626254,1.214309476231302
47.40912764262625,1.2143104388771127
47.41912764262625,1.2143113991455872
47.429127642626256,1.2143123570419636
47.43912764262626,1.2143133125714705
47.44912764262626,1.2143142657393262
47.45912764262626,1.2143152165507392
47.46912764262626,1.2143161650109089
47.47912764262627,1.2143171111250242
47.489127642626265,1.2143180548982642
47.49912764262626,1.2143189963357992
47.50912764262627,1.2143199354427892
47.51912764262627,1.2143208722243841
47.52912764262627,1.2143218066857249
47.53912764262627,1.2143227388319422
47.549127642626274,1.2143236686681576
47.55912764262628,1.2143245961994824
47.56912764262628,1.2143255214310191
47.579127642626275,1.2143264443678599
47.58912764262628,1.2143273650150874
47.599127642626286,1.214328283377775
47.609127642626284,1.2143291994609866
47.61912764262628,1.214330113269776
47.62912764262629,1.2143310248091876
47.63912764262629,1.2143319340842567
47.64912764262629,1.2143328411000087
47.65912764262629,1.2143337458614596
47.66912764262629,1.214334648373616
47.6791276426263,1.2143355486414746
47.689127642626296,1.2143364466700235
47.699127642626294,1.21433734246424
47.7091276426263,1.2143382360290937
47.719127642626304,1.2143391273695432
47.7291276426263,1.2143400164905385
47.7391276426263,1.2143409033970203
47.749127642626306,1.2143417880939191
47.75912764262631,1.214342670586157
47.76912764262631,1.2143435508786462
47.77912764262631,1.21434442897629
47.78912764262631,1.2143453048839816
47.79912764262632,1.2143461786066057
47.809127642626315,1.214347050149037
47.81912764262631,1.2143479195161417
47.82912764262632,1.214348786712776
47.83912764262632,1.2143496517437873
47.84912764262632,1.2143505146140132
47.85912764262632,1.2143513753282829
47.869127642626324,1.2143522338914159
47.87912764262633,1.2143530903082222
47.88912764262633,1.2143539445835032
47.899127642626325,1.2143547967220507
47.90912764262633,1.2143556467286478
47.919127642626336,1.2143564946080678
47.929127642626334,1.2143573403650751
47.93912764262633,1.2143581840044255
47.94912764262634,1.214359025530865
47.95912764262634,1.214359864949131
47.96912764262634,1.214360702263951
47.97912764262634,1.2143615374800447
47.98912764262634,1.2143623706021216
47.99912764262635,1.2143632016348826
48.009127642626346,1.21436403058302
48.019127642626344,1.2143648574512163
48.02912764262635,1.2143656822441455
48.039127642626354,1.2143665049664722
48.04912764262635,1.2143673256228524
48.05912764262635,1.2143681442179335
48.069127642626356,1.2143689607563526
48.07912764262636,1.2143697752427394
48.08912764262636,1.2143705876817137
48.09912764262636,1.214371398077887
48.10912764262636,1.214372206435861
48.11912764262637,1.2143730127602297
48.129127642626365,1.2143738170555771
48.13912764262636,1.2143746193264795
48.14912764262637,1.2143754195775034
48.15912764262637,1.2143762178132067
48.16912764262637,1.2143770140381387
48.17912764262637,1.21437780825684
48.189127642626374,1.2143786004738417
48.19912764262638,1.2143793906936668
48.20912764262638,1.2143801789208295
48.219127642626376,1.214380965159835
48.22912764262638,1.2143817494151798
48.239127642626386,1.214382531691352
48.249127642626384,1.21438331199283
48.25912764262638,1.214384090324085
48.26912764262639,1.2143848666895785
48.27912764262639,1.214385641093763
48.28912764262639,1.2143864135410838
48.29912764262639,1.2143871840359757
48.30912764262639,1.2143879525828665
48.3191276426264,1.2143887191861744
48.329127642626396,1.2143894838503093
48.339127642626394,1.2143902465796725
48.3491276426264,1.2143910073786566
48.359127642626405,1.214391766251646
48.3691276426264,1.2143925232030157
48.3791276426264,1.2143932782371334
48.389127642626406,1.2143940313583572
48.39912764262641,1.2143947825710373
48.40912764262641,1.2143955318795148
48.41912764262641,1.214396279288123
48.42912764262641,1.2143970248011864
48.43912764262642,1.2143977684230207
48.449127642626415,1.214398510157934
48.45912764262641,1.2143992500102252
48.46912764262642,1.2143999879841847
48.47912764262642,1.2144007240840953
48.48912764262642,1.2144014583142306
48.49912764262642,1.2144021906788562
48.509127642626424,1.2144029211822294
48.51912764262643,1.2144036498285986
48.52912764262643,1.2144043766222046
48.539127642626426,1.214405101567279
48.54912764262643,1.214405824668046
48.559127642626436,1.2144065459287212
48.569127642626434,1.2144072653535112
48.57912764262643,1.2144079829466152
48.58912764262644,1.2144086987122238
48.59912764262644,1.2144094126545193
48.60912764262644,1.2144101247776757
48.61912764262644,1.2144108350858591
48.62912764262644,1.2144115435832268
48.63912764262645,1.2144122502739285
48.649127642626446,1.2144129551621052
48.659127642626444,1.2144136582518898
48.66912764262645,1.2144143595474077
48.679127642626455,1.2144150590527754
48.68912764262645,1.2144157567721012
48.69912764262645,1.2144164527094856
48.709127642626456,1.2144171468690212
48.71912764262646,1.214417839254792
48.72912764262646,1.214418529870874
48.73912764262646,1.2144192187213356
48.74912764262646,1.2144199058102363
48.75912764262647,1.2144205911416284
48.769127642626465,1.2144212747195555
48.77912764262646,1.2144219565480534
48.78912764262647,1.2144226366311501
48.79912764262647,1.2144233149728654
48.80912764262647,1.2144239915772108
48.81912764262647,1.2144246664481906
48.829127642626474,1.2144253395898001
48.83912764262648,1.2144260110060274
48.84912764262648,1.2144266807008528
48.859127642626476,1.2144273486782478
48.86912764262648,1.2144280149421767
48.879127642626486,1.214428679496596
48.889127642626484,1.2144293423454533
48.89912764262648,1.2144300034926898
48.90912764262649,1.2144306629422374
48.91912764262649,1.2144313206980213
48.92912764262649,1.2144319767639578
48.93912764262649,1.2144326311439564
48.94912764262649,1.214433283841918
48.9591276426265,1.2144339348617361
48.969127642626496,1.214434584207296
48.979127642626494,1.2144352318824763
48.9891276426265,1.2144358778911462
48.999127642626505,1.2144365222371682
49.0091276426265,1.214437164924397
49.0191276426265,1.2144378059566792
49.029127642626506,1.214438445337854
49.03912764262651,1.2144390830717526
49.04912764262651,1.2144397191621992
49.05912764262651,1.2144403536130088
49.06912764262651,1.2144409864279906
49.07912764262652,1.214441617610945
49.089127642626515,1.2144422471656648
49.09912764262651,1.2144428750959357
49.10912764262652,1.214443501405535
49.11912764262652,1.2144441260982333
49.12912764262652,1.2144447491777925
49.13912764262652,1.2144453706479683
49.149127642626524,1.2144459905125078
49.15912764262653,1.2144466087751504
49.16912764262653,1.214447225439629
49.179127642626526,1.214447840509668
49.18912764262653,1.2144484539889846
49.199127642626536,1.2144490658812883
49.209127642626534,1.2144496761902817
49.21912764262653,1.2144502849196588
49.22912764262654,1.2144508920731076
49.23912764262654,1.2144514976543075
49.24912764262654,1.2144521016669307
49.25912764262654,1.2144527041146422
49.26912764262654,1.2144533050010995
49.27912764262655,1.2144539043299523
49.289127642626546,1.2144545021048434
49.299127642626544,1.2144550983294078
49.30912764262655,1.2144556930072736
49.319127642626555,1.2144562861420614
49.32912764262655,1.2144568777373836
49.33912764262655,1.2144574677968465
49.349127642626556,1.2144580563240486
49.35912764262656,1.2144586433225806
49.36912764262656,1.2144592287960263
49.37912764262656,1.2144598127479624
49.38912764262656,1.2144603951819581
49.39912764262657,1.2144609761015754
49.409127642626565,1.2144615555103686
49.41912764262656,1.2144621334118855
49.42912764262657,1.2144627098096659
49.43912764262657,1.214463284707243
49.44912764262657,1.2144638581081424
49.45912764262657,1.214464430015883
49.469127642626574,1.2144650004339754
49.47912764262658,1.2144655693659243
49.48912764262658,1.2144661368152265
49.499127642626576,1.214466702785372
49.50912764262658,1.2144672672798433
49.519127642626586,1.214467830302116
49.529127642626584,1.2144683918556585
49.53912764262658,1.2144689519439322
49.54912764262659,1.2144695105703913
49.55912764262659,1.2144700677384828
49.56912764262659,1.214470623451647
49.57912764262659,1.2144711777133168
49.58912764262659,1.214471730526918
49.5991276426266,1.2144722818958695
49.609127642626596,1.2144728318235836
49.619127642626594,1.2144733803134646
49.6291276426266,1.214473927368911
49.639127642626605,1.214474472993313
49.6491276426266,1.2144750171900547
49.6591276426266,1.2144755599625132
49.669127642626606,1.2144761013140584
49.67912764262661,1.2144766412480532
49.68912764262661,1.2144771797678537
49.69912764262661,1.2144777168768093
49.70912764262661,1.2144782525782618
49.71912764262662,1.2144787868755467
49.729127642626615,1.2144793197719927
49.73912764262661,1.214479851270921
49.74912764262662,1.2144803813756466
49.75912764262662,1.2144809100894771
49.76912764262662,1.2144814374157138
49.77912764262662,1.2144819633576505
49.789127642626624,1.214482487918575
49.79912764262663,1.2144830111017675
49.80912764262663,1.2144835329105017
49.819127642626626,1.2144840533480448
49.82912764262663,1.214484572417657
49.839127642626636,1.2144850901225914
49.849127642626634,1.214485606466095
49.85912764262663,1.2144861214514076
49.86912764262664,1.2144866350817622
49.87912764262664,1.2144871473603858
49.88912764262664,1.2144876582904975
49.89912764262664,1.214488167875311
49.90912764262664,1.2144886761180325
49.91912764262665,1.2144891830218614
49.929127642626646,1.214489688589991
49.939127642626644,1.2144901928256078
49.94912764262665,1.2144906957318913
49.959127642626655,1.214491197312015
49.96912764262665,1.214491697569145
49.97912764262665,1.2144921965064417
49.989127642626656,1.214492694127058
49.99912764262666,1.2144931904341407
50.00912764262666,1.2144936854308301
50.01912764262666,1.2144941791202597
50.02912764262666,1.2144946715055567
50.03912764262667,1.2144951625898415
50.049127642626665,1.2144956523762278
50.05912764262666,1.2144961408678236
50.06912764262667,1.2144966280677296
50.07912764262667,1.2144971139790401
50.08912764262667,1.2144975986048436
50.09912764262667,1.214498081948221
50.109127642626675,1.2144985640122477
50.11912764262668,1.2144990447999922
50.12912764262668,1.2144995243145165
50.139127642626676,1.2145000025588766
50.14912764262668,1.2145004795361216
50.159127642626686,1.2145009552492947
50.169127642626684,1.214501429701432
50.17912764262668,1.214501902895564
50.18912764262669,1.2145023748347141
50.19912764262669,1.2145028455218998
50.20912764262669,1.2145033149601323
50.21912764262669,1.2145037831524161
50.22912764262669,1.2145042501017498
50.2391276426267,1.214504715811125
50.249127642626696,1.214505180283528
50.259127642626694,1.214505643521938
50.2691276426267,1.2145061055293276
50.279127642626705,1.2145065663086645
50.2891276426267,1.214507025862909
50.2991276426267,1.2145074841950152
50.309127642626706,1.2145079413079316
50.31912764262671,1.2145083972045998
50.32912764262671,1.2145088518879557
50.33912764262671,1.2145093053609282
50.34912764262671,1.2145097576264412
50.35912764262672,1.2145102086874113
50.369127642626715,1.2145106585467498
50.37912764262671,1.2145111072073609
50.38912764262672,1.2145115546721434
50.39912764262672,1.2145120009439898
50.40912764262672,1.2145124460257861
50.41912764262672,1.2145128899204127
50.429127642626725,1.2145133326307436
50.43912764262673,1.2145137741596463
50.44912764262673,1.214514214509983
50.459127642626726,1.2145146536846094
50.46912764262673,1.214515091686375
50.479127642626736,1.2145155285181235
50.489127642626734,1.2145159641826926
50.49912764262673,1.2145163986829135
50.50912764262674,1.214516832021612
50.51912764262674,1.2145172642016073
50.52912764262674,1.2145176952257128
50.53912764262674,1.2145181250967365
50.54912764262674,1.214518553817479
50.55912764262675,1.2145189813907364
50.569127642626746,1.214519407819298
50.579127642626744,1.2145198331059475
50.58912764262675,1.2145202572534624
50.599127642626755,1.214520680264614
50.60912764262675,1.2145211021421687
50.61912764262675,1.214521522888886
50.629127642626756,1.21452194250752
50.63912764262676,1.2145223610008182
50.64912764262676,1.2145227783715233
50.65912764262676,1.2145231946223716
50.66912764262676,1.2145236097560932
50.67912764262677,1.2145240237754127
50.689127642626765,1.214524436683049
50.69912764262676,1.2145248484817146
50.70912764262677,1.214525259174117
50.71912764262677,1.214525668762957
50.72912764262677,1.2145260772509308
50.73912764262677,1.214526484640727
50.749127642626775,1.2145268909350304
50.75912764262678,1.2145272961365183
50.76912764262678,1.2145277002478638
50.779127642626776,1.214528103271733
50.78912764262678,1.2145285052107868
50.799127642626786,1.2145289060676803
50.809127642626784,1.214529305845063
50.81912764262678,1.2145297045455785
50.82912764262679,1.214530102171865
50.83912764262679,1.2145304987265546
50.84912764262679,1.214530894212274
50.85912764262679,1.2145312886316437
50.86912764262679,1.2145316819872796
50.8791276426268,1.214532074281791
50.889127642626796,1.2145324655177823
50.899127642626794,1.2145328556978512
50.9091276426268,1.214533244824591
50.919127642626805,1.2145336329005885
50.9291276426268,1.2145340199284254
50.9391276426268,1.2145344059106777
50.949127642626806,1.2145347908499156
50.95912764262681,1.214535174748704
50.96912764262681,1.2145355576096022
50.97912764262681,1.2145359394351636
50.98912764262681,1.214536320227937
50.99912764262682,1.214536699990464
51.009127642626815,1.2145370787252827
51.01912764262681,1.2145374564349243
51.02912764262682,1.2145378331219148
51.03912764262682,1.2145382087887748
51.04912764262682,1.2145385834380198
51.05912764262682,1.214538957072159
51.069127642626825,1.2145393296936966
51.07912764262683,1.2145397013051316
51.08912764262683,1.2145400719089574
51.099127642626826,1.2145404415076615
51.10912764262683,1.2145408101037265
51.119127642626836,1.2145411776996295
51.129127642626834,1.2145415442978422
51.13912764262683,1.2145419099008308
51.14912764262684,1.2145422745110561
51.15912764262684,1.2145426381309736
51.16912764262684,1.2145430007630333
51.17912764262684,1.2145433624096804
51.18912764262684,1.2145437230733538
51.19912764262685,1.214544082756488
51.20912764262685,1.2145444414615116
51.219127642626844,1.2145447991908482
51.22912764262685,1.2145451559469158
51.239127642626855,1.2145455117321273
51.24912764262685,1.2145458665488904
51.25912764262685,1.2145462203996074
51.269127642626856,1.2145465732866751
51.27912764262686,1.2145469252124856
51.28912764262686,1.2145472761794252
51.29912764262686,1.2145476261898753
51.30912764262686,1.214547975246212
51.31912764262687,1.214548323350806
51.329127642626865,1.2145486705060233
51.33912764262686,1.214549016714224
51.34912764262687,1.2145493619777634
51.35912764262687,1.2145497062989916
51.36912764262687,1.2145500496802537
51.37912764262687,1.2145503921238894
51.389127642626875,1.214550733632233
51.39912764262688,1.2145510742076142
51.40912764262688,1.2145514138523574
51.419127642626876,1.2145517525687815
51.42912764262688,1.2145520903592009
51.439127642626886,1.2145524272259243
51.449127642626884,1.2145527631712558
51.45912764262688,1.2145530981974941
51.46912764262689,1.2145534323069331
51.47912764262689,1.2145537655018612
51.48912764262689,1.2145540977845621
51.49912764262689,1.2145544291573145
51.50912764262689,1.2145547596223916
51.5191276426269,1.214555089182062
51.5291276426269,1.2145554178385896
51.539127642626894,1.214555745594232
51.5491276426269,1.2145560724512434
51.559127642626905,1.214556398411872
51.5691276426269,1.214556723478361
51.5791276426269,1.2145570476529493
51.589127642626906,1.2145573709378703
51.59912764262691,1.2145576933353526
51.60912764262691,1.2145580148476196
51.61912764262691,1.2145583354768905
51.62912764262691,1.2145586552253786
51.63912764262692,1.214558974095293
51.649127642626915,1.2145592920888373
51.65912764262691,1.214559609208211
51.66912764262692,1.214559925455608
51.67912764262692,1.2145602408332175
51.68912764262692,1.2145605553432242
51.69912764262692,1.2145608689878071
51.709127642626925,1.2145611817691415
51.71912764262693,1.2145614936893967
51.72912764262693,1.214561804750738
51.739127642626926,1.2145621149553256
51.74912764262693,1.2145624243053146
51.759127642626936,1.2145627328028556
51.769127642626934,1.2145630404500944
51.77912764262693,1.214563347249172
51.78912764262694,1.2145636532022241
51.79912764262694,1.2145639583113828
51.80912764262694,1.2145642625787743
51.81912764262694,1.2145645660065203
51.82912764262694,1.2145648685967383
51.83912764262695,1.2145651703515405
51.84912764262695,1.2145654712730345
51.859127642626945,1.2145657713633233
51.86912764262695,1.2145660706245052
51.879127642626955,1.2145663690586734
51.88912764262695,1.2145666666679171
51.89912764262695,1.2145669634543201
51.909127642626956,1.2145672594199621
51.91912764262696,1.2145675545669177
51.92912764262696,1.214567848897257
51.93912764262696,1.2145681424130457
51.94912764262696,1.2145684351163446
51.95912764262697,1.2145687270092096
51.969127642626965,1.2145690180936928
51.97912764262696,1.2145693083718405
51.98912764262697,1.2145695978456956
51.99912764262697,1.2145698865172958
52.00912764262697,1.214570174388674
52.01912764262697,1.214570461461859
52.029127642626975,1.2145707477388747
52.03912764262698,1.2145710332217408
52.04912764262698,1.214571317912472
52.059127642626976,1.2145716018130785
52.06912764262698,1.2145718849255667
52.079127642626986,1.2145721672519372
52.089127642626984,1.2145724487941871
52.09912764262698,1.2145727295543087
52.10912764262699,1.21457300953429
52.11912764262699,1.2145732887361136
52.12912764262699,1.2145735671617586
52.13912764262699,1.2145738448131995
52.14912764262699,1.2145741216924062
52.159127642627,1.2145743978013437
52.169127642627,1.214574673141973
52.179127642626995,1.214574947716251
52.189127642627,1.2145752215261292
52.199127642627005,1.2145754945735556
52.209127642627,1.2145757668604733
52.219127642627,1.2145760383888209
52.229127642627006,1.214576309160533
52.23912764262701,1.2145765791775398
52.24912764262701,1.2145768484417665
52.25912764262701,1.2145771169551347
52.26912764262701,1.214577384719561
52.27912764262702,1.214577651736958
52.289127642627015,1.214577918009234
52.29912764262701,1.2145781835382927
52.30912764262702,1.2145784483260338
52.31912764262702,1.2145787123743523
52.32912764262702,1.214578975685139
52.33912764262702,1.2145792382602807
52.349127642627025,1.2145795001016593
52.35912764262703,1.214579761211153
52.36912764262703,1.2145800215906355
52.379127642627026,1.2145802812419761
52.38912764262703,1.21458054016704
52.399127642627036,1.214580798367688
52.409127642627034,1.2145810558457768
52.41912764262703,1.2145813126031586
52.42912764262704,1.2145815686416817
52.43912764262704,1.21458182396319
52.44912764262704,1.2145820785695234
52.45912764262704,1.214582332462517
52.46912764262704,1.2145825856440022
52.47912764262705,1.2145828381158066
52.48912764262705,1.2145830898797523
52.499127642627045,1.2145833409376587
52.50912764262705,1.21458359129134
52.519127642627055,1.2145838409426069
52.52912764262705,1.2145840898932654
52.53912764262705,1.2145843381451176
52.549127642627056,1.2145845856999617
52.55912764262706,1.2145848325595914
52.56912764262706,1.2145850787257966
52.57912764262706,1.2145853242003626
52.58912764262706,1.214585568985071
52.59912764262707,1.2145858130816998
52.609127642627065,1.2145860564920214
52.61912764262706,1.2145862992178056
52.62912764262707,1.2145865412608172
52.639127642627074,1.2145867826228178
52.64912764262707,1.2145870233055645
52.65912764262707,1.2145872633108097
52.669127642627075,1.2145875026403026
52.67912764262708,1.2145877412957884
52.68912764262708,1.214587979279008
52.699127642627076,1.214588216591698
52.70912764262708,1.2145884532355913
52.719127642627086,1.214588689212417
52.729127642627084,1.2145889245238997
52.73912764262708,1.2145891591717606
52.74912764262709,1.2145893931577165
52.75912764262709,1.2145896264834803
52.76912764262709,1.2145898591507613
52.77912764262709,1.2145900911612642
52.78912764262709,1.21459032251669
52.7991276426271,1.2145905532187362
52.8091276426271,1.2145907832690959
52.819127642627095,1.2145910126694583
52.8291276426271,1.214591241421509
52.839127642627105,1.214591469526929
52.8491276426271,1.2145916969873967
52.8591276426271,1.214591923804585
52.869127642627106,1.214592149980164
52.87912764262711,1.2145923755157997
52.88912764262711,1.2145926004131542
52.89912764262711,1.2145928246738853
52.90912764262711,1.2145930482996479
52.91912764262712,1.2145932712920922
52.929127642627115,1.2145934936528648
52.93912764262711,1.2145937153836086
52.94912764262712,1.2145939364859626
52.959127642627124,1.214594156961562
52.96912764262712,1.2145943768120382
52.97912764262712,1.2145945960390188
52.989127642627125,1.2145948146441274
52.99912764262713,1.2145950326289843
53.00912764262713,1.2145952499952055
53.019127642627126,1.2145954667444034
53.02912764262713,1.214595682878187
53.039127642627136,1.2145958983981608
53.049127642627134,1.2145961133059264
53.05912764262713,1.214596327603081
53.06912764262714,1.2145965412912183
53.07912764262714,1.2145967543719285
53.08912764262714,1.2145969668467975
53.09912764262714,1.2145971787174084
53.10912764262714,1.2145973899853395
53.11912764262715,1.2145976006521664
53.12912764262715,1.2145978107194602
53.139127642627145,1.214598020188789
53.14912764262715,1.2145982290617165
53.159127642627155,1.2145984373398035
53.16912764262715,1.214598645024607
53.17912764262715,1.2145988521176796
53.189127642627156,1.214599058620571
53.19912764262716,1.2145992645348274
53.20912764262716,1.2145994698619904
53.21912764262716,1.214599674603599
53.22912764262716,1.2145998787611882
53.23912764262717,1.2146000823362892
53.249127642627165,1.21460028533043
53.25912764262716,1.2146004877451348
53.26912764262717,1.214600689581924
53.279127642627174,1.2146008908423145
53.28912764262717,1.21460109152782
53.29912764262717,1.2146012916399505
53.309127642627175,1.214601491180212
53.31912764262718,1.2146016901501078
53.32912764262718,1.2146018885511365
53.339127642627176,1.2146020863847942
53.34912764262718,1.2146022836525727
53.359127642627186,1.2146024803559612
53.369127642627184,1.2146026764964444
53.37912764262718,1.2146028720755042
53.38912764262719,1.2146030670946186
53.39912764262719,1.2146032615552622
53.40912764262719,1.2146034554589062
53.41912764262719,1.2146036488070182
53.42912764262719,1.2146038416010627
53.4391276426272,1.2146040338425002
53.4491276426272,1.2146042255327878
53.459127642627195,1.2146044166733796
53.4691276426272,1.2146046072657257
53.479127642627205,1.2146047973112735
53.4891276426272,1.2146049868114663
53.4991276426272,1.214605175767744
53.509127642627206,1.2146053641815435
53.51912764262721,1.214605552054298
53.52912764262721,1.2146057393874374
53.53912764262721,1.2146059261823883
53.54912764262721,1.2146061124405734
53.55912764262722,1.2146062981634127
53.569127642627215,1.2146064833523227
53.57912764262721,1.214606668008716
53.58912764262722,1.2146068521340023
53.599127642627224,1.2146070357295877
53.60912764262722,1.2146072187968757
53.61912764262722,1.2146074013372652
53.629127642627225,1.2146075833521528
53.63912764262723,1.2146077648429312
53.64912764262723,1.2146079458109902
53.659127642627226,1.214608126257716
53.66912764262723,1.2146083061844914
53.679127642627236,1.2146084855926962
53.689127642627234,1.2146086644837069
53.69912764262723,1.2146088428588964
53.70912764262724,1.2146090207196345
53.71912764262724,1.214609198067288
53.72912764262724,1.2146093749032199
53.73912764262724,1.2146095512287902
53.74912764262724,1.2146097270453557
53.75912764262725,1.2146099023542702
53.76912764262725,1.214610077156884
53.779127642627245,1.2146102514545436
53.78912764262725,1.2146104252485932
53.799127642627255,1.2146105985403737
53.80912764262725,1.2146107713312218
53.81912764262725,1.2146109436224721
53.829127642627256,1.2146111154154557
53.83912764262726,1.2146112867115002
53.84912764262726,1.2146114575119302
53.85912764262726,1.2146116278180674
53.86912764262726,1.2146117976312298
53.87912764262727,1.2146119669527327
53.889127642627265,1.2146121357838877
53.89912764262726,1.2146123041260037
53.90912764262727,1.2146124719803868
53.919127642627274,1.214612639348339
53.92912764262727,1.2146128062311599
53.93912764262727,1.2146129726301456
53.949127642627275,1.2146131385465893
53.95912764262728,1.214613303981781
53.96912764262728,1.2146134689370078
53.979127642627276,1.2146136334135533
53.98912764262728,1.214613797412698
53.999127642627286,1.21461396093572
54.009127642627284,1.2146141239838937
54.01912764262728,1.2146142865584904
54.02912764262729,1.2146144486607784
54.03912764262729,1.2146146102920234
54.04912764262729,1.2146147714534876
54.05912764262729,1.2146149321464301
54.06912764262729,1.214615092372107
54.0791276426273,1.2146152521317717
54.0891276426273,1.2146154114266743
54.099127642627295,1.2146155702580619
54.1091276426273,1.2146157286271784
54.119127642627305,1.214615886535265
54.1291276426273,1.2146160439835598
54.1391276426273,1.2146162009732977
54.149127642627306,1.2146163575057112
54.15912764262731,1.2146165135820288
54.16912764262731,1.2146166692034772
54.17912764262731,1.2146168243712792
54.18912764262731,1.214616979086655
54.19912764262732,1.214617133350822
54.209127642627315,1.214617287164994
54.21912764262731,1.2146174405303831
54.22912764262732,1.2146175934481969
54.239127642627324,1.2146177459196412
54.24912764262732,1.2146178979459186
54.25912764262732,1.2146180495282286
54.269127642627325,1.2146182006677675
54.27912764262733,1.2146183513657296
54.28912764262733,1.2146185016233055
54.299127642627326,1.214618651441683
54.30912764262733,1.2146188008220475
54.319127642627336,1.2146189497655808
54.329127642627334,1.2146190982734626
54.33912764262733,1.2146192463468688
54.34912764262734,1.2146193939869736
54.35912764262734,1.214619541194947
54.36912764262734,1.2146196879719573
54.37912764262734,1.2146198343191692
54.389127642627344,1.214619980237745
54.39912764262735,1.214620125728844
54.40912764262735,1.2146202707936227
54.419127642627345,1.2146204154332345
54.42912764262735,1.2146205596488304
54.439127642627355,1.2146207034415586
54.44912764262735,1.2146208468125639
54.45912764262735,1.214620989762989
54.469127642627356,1.214621132293973
54.47912764262736,1.2146212744066534
54.48912764262736,1.2146214161021638
54.49912764262736,1.2146215573816355
54.50912764262736,1.214621698246197
54.51912764262737,1.214621838696974
54.529127642627365,1.2146219787350896
54.53912764262736,1.2146221183616637
54.54912764262737,1.2146222575778138
54.559127642627374,1.2146223963846547
54.56912764262737,1.2146225347832986
54.57912764262737,1.2146226727748544
54.589127642627375,1.2146228103604284
54.59912764262738,1.214622947541125
54.60912764262738,1.2146230843180446
54.619127642627376,1.214623220692286
54.62912764262738,1.214623356664945
54.639127642627386,1.214623492237114
54.649127642627384,1.2146236274098836
54.65912764262738,1.2146237621843414
54.66912764262739,1.2146238965615723
54.67912764262739,1.2146240305426586
54.68912764262739,1.2146241641286797
54.69912764262739,1.2146242973207126
54.709127642627394,1.2146244301198315
54.7191276426274,1.214624562527108
54.7291276426274,1.2146246945436112
54.739127642627395,1.2146248261704071
54.7491276426274,1.2146249574085597
54.759127642627405,1.2146250882591298
54.7691276426274,1.214625218723176
54.7791276426274,1.2146253488017542
54.789127642627406,1.2146254784959174
54.79912764262741,1.2146256078067164
54.80912764262741,1.214625736735199
54.81912764262741,1.2146258652824105
54.82912764262741,1.2146259934493941
54.83912764262742,1.2146261212371896
54.849127642627415,1.214626248646835
54.85912764262741,1.2146263756793654
54.86912764262742,1.2146265023358132
54.879127642627424,1.214626628617208
54.88912764262742,1.214626754524578
54.89912764262742,1.2146268800589473
54.909127642627425,1.2146270052213386
54.91912764262743,1.2146271300127716
54.92912764262743,1.2146272544342633
54.939127642627426,1.214627378486829
54.94912764262743,1.2146275021714803
54.959127642627436,1.214627625489227
54.969127642627434,1.2146277484410766
54.97912764262743,1.2146278710280334
54.98912764262744,1.2146279932510997
54.99912764262744,1.214628115111275
55.00912764262744,1.2146282366095567
55.01912764262744,1.2146283577469394
55.029127642627444,1.2146284785244152
55.03912764262745,1.214628598942974
55.04912764262745,1.214628719003603
55.059127642627445,1.214628838707287
55.06912764262745,1.2146289580550085
55.079127642627455,1.214629077047747
55.08912764262745,1.2146291956864803
55.09912764262745,1.2146293139721833
55.109127642627456,1.2146294319058288
55.11912764262746,1.2146295494883865
55.12912764262746,1.2146296667208245
55.13912764262746,1.214629783604108
55.14912764262746,1.2146299001391998
55.15912764262747,1.2146300163270605
55.169127642627465,1.214630132168648
55.17912764262746,1.214630247664918
55.18912764262747,1.2146303628168242
55.199127642627474,1.2146304776253167
55.20912764262747,1.214630592091345
55.21912764262747,1.2146307062158543
55.229127642627475,1.214630819999789
55.23912764262748,1.2146309334440901
55.24912764262748,1.214631046549697
55.259127642627476,1.214631159317546
55.26912764262748,1.2146312717485719
55.279127642627486,1.2146313838437062
55.289127642627484,1.2146314956038786
55.29912764262748,1.2146316070300167
55.30912764262749,1.2146317181230453
55.31912764262749,1.214631828883887
55.32912764262749,1.2146319393134621
55.33912764262749,1.214632049412689
55.349127642627494,1.2146321591824827
55.3591276426275,1.2146322686237572
55.3691276426275,1.2146323777374233
55.379127642627495,1.21463248652439
55.3891276426275,1.2146325949855634
55.399127642627505,1.2146327031218482
55.4091276426275,1.2146328109341464
55.4191276426275,1.2146329184233573
55.429127642627506,1.2146330255903783
55.43912764262751,1.2146331324361046
55.44912764262751,1.2146332389614294
55.45912764262751,1.2146333451672429
55.46912764262751,1.2146334510544334
55.47912764262752,1.2146335566238877
55.489127642627516,1.214633661876489
55.49912764262751,1.2146337668131193
55.50912764262752,1.2146338714346578
55.519127642627524,1.214633975741982
55.52912764262752,1.2146340797359665
55.53912764262752,1.2146341834174845
55.549127642627525,1.2146342867874063
55.55912764262753,1.2146343898466
55.56912764262753,1.2146344925959323
55.579127642627526,1.2146345950362667
55.58912764262753,1.2146346971684652
55.599127642627536,1.2146347989933872
55.609127642627534,1.2146349005118904
55.61912764262753,1.2146350017248297
55.62912764262754,1.2146351026330584
55.63912764262754,1.214635203237427
55.64912764262754,1.2146353035387847
55.65912764262754,1.2146354035379776
55.669127642627544,1.2146355032358507
55.67912764262755,1.2146356026332457
55.68912764262755,1.214635701731003
55.699127642627545,1.2146358005299605
55.70912764262755,1.214635899030954
55.719127642627555,1.2146359972348175
55.72912764262755,1.2146360951423822
55.73912764262755,1.214636192754478
55.749127642627556,1.214636290071932
55.75912764262756,1.2146363870955696
55.76912764262756,1.2146364838262138
55.77912764262756,1.214636580264686
55.78912764262756,1.2146366764118046
55.79912764262757,1.214636772268387
55.809127642627566,1.214636867835248
55.81912764262756,1.2146369631132
55.82912764262757,1.2146370581030534
55.839127642627574,1.2146371528056175
55.84912764262757,1.2146372472216982
55.85912764262757,1.2146373413521
55.869127642627575,1.214637435197626
55.87912764262758,1.2146375287590756
55.88912764262758,1.2146376220372475
55.899127642627576,1.2146377150329377
55.90912764262758,1.2146378077469409
55.919127642627586,1.2146379001800487
55.929127642627584,1.2146379923330515
55.93912764262758,1.2146380842067375
55.94912764262759,1.2146381758018925
55.95912764262759,1.2146382671193008
55.96912764262759,1.2146383581597446
55.97912764262759,1.2146384489240036
55.989127642627594,1.214638539412856
55.9991276426276,1.214638629627078
56.0091276426276,1.2146387195674433
56.019127642627595,1.2146388092347244
56.0291276426276,1.2146388986296914
56.039127642627605,1.214638987753112
56.0491276426276,1.2146390766057524
56.0591276426276,1.2146391651883772
56.069127642627606,1.2146392535017483
56.07912764262761,1.214639341546626
56.08912764262761,1.2146394293237683
56.09912764262761,1.2146395168339321
56.10912764262761,1.2146396040778713
56.11912764262762,1.2146396910563384
56.129127642627616,1.2146397777700844
56.139127642627614,1.214639864219857
56.14912764262762,1.2146399504064036
56.159127642627624,1.2146400363304684
56.16912764262762,1.2146401219927945
56.17912764262762,1.2146402073941227
56.189127642627625,1.2146402925351918
56.19912764262763,1.2146403774167391
56.20912764262763,1.2146404620394995
56.219127642627626,1.2146405464042065
56.22912764262763,1.214640630511591
56.239127642627636,1.2146407143623832
56.249127642627634,1.2146407979573097
56.25912764262763,1.2146408812970972
56.26912764262764,1.2146409643824687
56.27912764262764,1.2146410472141467
56.28912764262764,1.2146411297928508
56.29912764262764,1.2146412121192995
56.309127642627644,1.214641294194209
56.31912764262765,1.2146413760182941
56.32912764262765,1.214641457592267
56.339127642627645,1.2146415389168386
56.34912764262765,1.214641619992718
56.359127642627655,1.214641700820612
56.36912764262765,1.2146417814012265
56.37912764262765,1.2146418617352641
56.389127642627656,1.2146419418234269
56.39912764262766,1.2146420216664144
56.40912764262766,1.2146421012649251
56.41912764262766,1.2146421806196546
56.42912764262766,1.2146422597312974
56.43912764262767,1.2146423386005458
56.449127642627666,1.2146424172280912
56.459127642627664,1.2146424956146218
56.46912764262767,1.2146425737608253
56.479127642627674,1.2146426516673865
56.48912764262767,1.2146427293349895
56.49912764262767,1.2146428067643158
56.509127642627675,1.2146428839560452
56.51912764262768,1.2146429609108564
56.52912764262768,1.2146430376294257
56.539127642627676,1.2146431141124276
56.54912764262768,1.2146431903605353
56.559127642627686,1.2146432663744196
56.569127642627684,1.2146433421547504
56.57912764262768,1.214643417702195
56.58912764262769,1.2146434930174195
56.59912764262769,1.214643568101088
56.60912764262769,1.2146436429538632
56.61912764262769,1.2146437175764058
56.629127642627694,1.2146437919693744
56.6391276426277,1.2146438661334265
56.6491276426277,1.2146439400692177
56.659127642627695,1.214644013777402
56.6691276426277,1.214644087258631
56.679127642627705,1.2146441605135556
56.6891276426277,1.2146442335428245
56.6991276426277,1.2146443063470842
56.709127642627706,1.2146443789269807
56.71912764262771,1.2146444512831571
56.72912764262771,1.2146445234162555
56.73912764262771,1.2146445953269163
56.74912764262771,1.2146446670157778
56.75912764262772,1.2146447384834769
56.769127642627716,1.214644809730649
56.779127642627714,1.2146448807579278
56.78912764262772,1.2146449515659448
56.799127642627724,1.2146450221553304
56.80912764262772,1.214645092526713
56.81912764262772,1.2146451626807198
56.829127642627725,1.2146452326179757
56.83912764262773,1.2146453023391046
56.84912764262773,1.2146453718447283
56.859127642627726,1.2146454411354675
56.86912764262773,1.2146455102119402
56.879127642627736,1.2146455790747641
56.889127642627734,1.2146456477245544
56.89912764262773,1.214645716161925
56.90912764262774,1.214645784387488
56.91912764262774,1.214645852401854
56.92912764262774,1.214645920205632
56.93912764262774,1.2146459877994293
56.949127642627744,1.2146460551838516
56.95912764262775,1.2146461223595033
56.96912764262775,1.2146461893269869
56.979127642627745,1.2146462560869034
56.98912764262775,1.2146463226398518
56.999127642627755,1.2146463889864303
57.00912764262775,1.2146464551272351
57.01912764262775,1.2146465210628608
57.029127642627756,1.2146465867939003
57.03912764262776,1.2146466523209452
57.04912764262776,1.2146467176445852
57.05912764262776,1.2146467827654093
57.06912764262776,1.2146468476840038
57.07912764262777,1.214646912400954
57.089127642627766,1.2146469769168435
57.099127642627764,1.2146470412322548
57.10912764262777,1.2146471053477683
57.119127642627774,1.214647169263963
57.12912764262777,1.2146472329814166
57.13912764262777,1.2146472965007051
57.149127642627775,1.2146473598224028
57.15912764262778,1.2146474229470825
57.16912764262778,1.214647485875316
57.179127642627776,1.2146475486076729
57.18912764262778,1.2146476111447218
57.199127642627786,1.2146476734870295
57.209127642627784,1.2146477356351613
57.21912764262778,1.214647797589681
57.22912764262779,1.214647859351151
57.23912764262779,1.2146479209201324
57.24912764262779,1.2146479822971843
57.25912764262779,1.2146480434828644
57.269127642627794,1.2146481044777295
57.2791276426278,1.2146481652823344
57.2891276426278,1.2146482258972324
57.299127642627795,1.2146482863229755
57.3091276426278,1.2146483465601141
57.319127642627805,1.2146484066091974
57.3291276426278,1.2146484664707726
57.3391276426278,1.2146485261453863
57.349127642627806,1.2146485856335827
57.35912764262781,1.214648644935905
57.36912764262781,1.214648704052895
57.37912764262781,1.2146487629850928
57.38912764262781,1.2146488217330376
57.39912764262782,1.2146488802972664
57.409127642627816,1.2146489386783155
57.419127642627814,1.214648996876719
57.42912764262782,1.21464905489301
57.439127642627824,1.2146491127277204
57.44912764262782,1.2146491703813804
57.45912764262782,1.2146492278545187
57.469127642627825,1.2146492851476625
57.47912764262783,1.2146493422613382
57.48912764262783,1.21464939919607
57.499127642627826,1.2146494559523813
57.50912764262783,1.2146495125307935
57.519127642627836,1.2146495689318273
57.529127642627834,1.2146496251560013
57.53912764262783,1.2146496812038334
57.54912764262784,1.2146497370758396
57.55912764262784,1.2146497927725348
57.56912764262784,1.2146498482944321
57.57912764262784,1.214649903642044
57.589127642627844,1.2146499588158806
57.59912764262785,1.2146500138164513
57.60912764262785,1.214650068644264
57.619127642627845,1.2146501232998257
57.62912764262785,1.214650177783641
57.639127642627855,1.2146502320962136
57.64912764262785,1.2146502862380464
57.65912764262785,1.2146503402096402
57.669127642627856,1.2146503940114948
57.67912764262786,1.2146504476441087
57.68912764262786,1.2146505011079787
57.69912764262786,1.2146505544036006
57.70912764262786,1.214650607531469
57.71912764262787,1.2146506604920766
57.729127642627866,1.2146507132859152
57.739127642627864,1.2146507659134753
57.74912764262787,1.2146508183752458
57.759127642627874,1.2146508706717145
57.76912764262787,1.2146509228033677
57.77912764262787,1.2146509747706906
57.789127642627875,1.2146510265741668
57.79912764262788,1.214651078214279
57.80912764262788,1.2146511296915081
57.819127642627876,1.2146511810063343
57.82912764262788,1.2146512321592358
57.839127642627886,1.2146512831506902
57.849127642627884,1.214651333981173
57.85912764262788,1.2146513846511595
57.86912764262789,1.2146514351611226
57.87912764262789,1.2146514855115345
57.88912764262789,1.2146515357028662
57.89912764262789,1.214651585735587
57.909127642627894,1.2146516356101655
57.9191276426279,1.2146516853270686
57.9291276426279,1.2146517348867618
57.939127642627895,1.2146517842897095
57.9491276426279,1.2146518335363754
57.959127642627905,1.2146518826272212
57.9691276426279,1.2146519315627076
57.9791276426279,1.2146519803432938
57.989127642627906,1.2146520289694382
57.99912764262791,1.2146520774415979
58.00912764262791,1.2146521257602285
58.01912764262791,1.214652173925784
58.02912764262791,1.2146522219387184
58.03912764262792,1.2146522697994833
58.049127642627916,1.214652317508529
58.059127642627914,1.214652365066306
58.06912764262792,1.2146524124732618
58.079127642627924,1.2146524597298436
58.08912764262792,1.2146525068364977
58.09912764262792,1.2146525537936683
58.109127642627925,1.214652600601799
58.11912764262793,1.214652647261332
58.12912764262793,1.2146526937727082
58.139127642627926,1.2146527401363674
58.14912764262793,1.2146527863527485
58.159127642627936,1.2146528324222885
58.169127642627934,1.214652878345424
58.17912764262793,1.2146529241225896
58.18912764262794,1.2146529697542197
58.19912764262794,1.2146530152407462
58.20912764262794,1.214653060582601
58.21912764262794,1.2146531057802143
58.229127642627944,1.2146531508340153
58.23912764262795,1.2146531957444315
58.24912764262795,1.2146532405118902
58.259127642627945,1.2146532851368166
58.26912764262795,1.2146533296196353
58.279127642627955,1.2146533739607694
58.28912764262795,1.214653418160641
58.29912764262795,1.2146534622196712
58.309127642627956,1.2146535061382795
58.31912764262796,1.2146535499168847
58.32912764262796,1.2146535935559042
58.33912764262796,1.2146536370557541
58.34912764262796,1.2146536804168502
58.35912764262797,1.2146537236396058
58.369127642627966,1.2146537667244344
58.379127642627964,1.2146538096717472
58.38912764262797,1.2146538524819552
58.399127642627974,1.2146538951554677
58.40912764262797,1.2146539376926935
58.41912764262797,1.2146539800940395
58.429127642627975,1.2146540223599116
58.43912764262798,1.2146540644907151
58.44912764262798,1.214654106486854
58.459127642627976,1.2146541483487305
58.46912764262798,1.2146541900767471
58.47912764262799,1.2146542316713036
58.489127642627984,1.2146542731328
58.49912764262798,1.2146543144616344
58.50912764262799,1.2146543556582041
58.51912764262799,1.214654396722905
58.52912764262799,1.2146544376561326
58.53912764262799,1.2146544784582807
58.549127642627994,1.214654519129742
58.559127642628,1.2146545596709086
58.569127642628,1.214654600082171
58.579127642627995,1.2146546403639187
58.589127642628,1.2146546805165406
58.599127642628005,1.2146547205404237
58.609127642628,1.214654760435955
58.619127642628,1.2146548002035193
58.629127642628006,1.2146548398435013
58.63912764262801,1.214654879356284
58.64912764262801,1.2146549187422493
58.65912764262801,1.2146549580017787
58.66912764262801,1.214654997135252
58.67912764262802,1.2146550361430484
58.689127642628016,1.2146550750255454
58.699127642628014,1.2146551137831203
58.70912764262802,1.2146551524161486
58.719127642628024,1.2146551909250052
58.72912764262802,1.2146552293100639
58.73912764262802,1.2146552675716973
58.749127642628025,1.2146553057102771
58.75912764262803,1.214655343726174
58.76912764262803,1.2146553816197576
58.779127642628026,1.2146554193913963
58.78912764262803,1.2146554570414578
58.79912764262804,1.2146554945703087
58.809127642628034,1.2146555319783143
58.81912764262803,1.2146555692658394
58.82912764262804,1.2146556064332472
58.83912764262804,1.2146556434809004
58.84912764262804,1.2146556804091602
58.85912764262804,1.214655717218387
58.869127642628044,1.2146557539089404
58.87912764262805,1.214655790481179
58.88912764262805,1.21465582693546
58.899127642628045,1.21465586327214
58.90912764262805,1.2146558994915742
58.919127642628055,1.2146559355941173
58.92912764262805,1.2146559715801226
58.93912764262805,1.2146560074499426
58.949127642628056,1.214656043203929
58.95912764262806,1.214656078842432
58.96912764262806,1.2146561143658015
58.97912764262806,1.2146561497743857
58.98912764262806,1.2146561850685322
58.99912764262807,1.214656220248588
59.009127642628066,1.2146562553148983
59.019127642628064,1.214656290267808
59.02912764262807,1.2146563251076608
59.039127642628074,1.2146563598347992
59.04912764262807,1.2146563944495652
59.05912764262807,1.2146564289522996
59.069127642628075,1.2146564633433425
59.07912764262808,1.2146564976230323
59.08912764262808,1.2146565317917073
59.099127642628076,1.2146565658497046
59.10912764262808,1.21465659979736
59.11912764262809,1.2146566336350086
59.129127642628085,1.214656667362985
59.13912764262808,1.214656700981622
59.14912764262809,1.2146567344912522
59.15912764262809,1.214656767892207
59.16912764262809,1.2146568011848164
59.17912764262809,1.2146568343694106
59.189127642628094,1.2146568674463176
59.1991276426281,1.2146569004158656
59.2091276426281,1.2146569332783808
59.219127642628095,1.2146569660341893
59.2291276426281,1.2146569986836162
59.239127642628105,1.214657031226985
59.2491276426281,1.2146570636646192
59.2591276426281,1.214657095996841
59.269127642628106,1.2146571282239713
59.27912764262811,1.2146571603463308
59.28912764262811,1.2146571923642389
59.29912764262811,1.2146572242780138
59.30912764262811,1.2146572560879738
59.31912764262812,1.214657287794435
59.329127642628116,1.2146573193977137
59.339127642628114,1.2146573508981247
59.34912764262812,1.214657382295982
59.359127642628124,1.214657413591599
59.36912764262812,1.214657444785288
59.37912764262812,1.2146574758773603
59.389127642628125,1.2146575068681265
59.39912764262813,1.2146575377578963
59.40912764262813,1.2146575685469785
59.419127642628126,1.214657599235681
59.42912764262813,1.2146576298243108
59.43912764262814,1.214657660313174
59.449127642628135,1.2146576907025763
59.45912764262813,1.2146577209928218
59.46912764262814,1.214657751184214
59.47912764262814,1.2146577812770558
59.48912764262814,1.2146578112716493
59.49912764262814,1.2146578411682951
59.509127642628144,1.2146578709672937
59.51912764262815,1.214657900668944
59.52912764262815,1.2146579302735447
59.539127642628145,1.2146579597813938
59.54912764262815,1.2146579891927873
59.559127642628155,1.2146580185080216
59.56912764262815,1.2146580477273916
59.57912764262815,1.2146580768511916
59.589127642628156,1.2146581058797152
59.59912764262816,1.2146581348132548
59.60912764262816,1.214658163652102
59.61912764262816,1.2146581923965478
59.62912764262816,1.2146582210468826
59.63912764262817,1.214658249603395
59.649127642628166,1.2146582780663742
59.659127642628164,1.2146583064361072
59.66912764262817,1.2146583347128812
59.679127642628174,1.2146583628969818
59.68912764262817,1.2146583909886945
59.69912764262817,1.2146584189883036
59.709127642628175,1.2146584468960924
59.71912764262818,1.214658474712344
59.72912764262818,1.2146585024373397
59.739127642628176,1.2146585300713613
59.74912764262818,1.2146585576146889
59.75912764262819,1.2146585850676017
59.769127642628185,1.2146586124303789
59.77912764262818,1.2146586397032981
59.78912764262819,1.2146586668866366
59.79912764262819,1.2146586939806705
59.80912764262819,1.2146587209856756
59.81912764262819,1.2146587479019266
59.829127642628194,1.2146587747296973
59.8391276426282,1.2146588014692612
59.8491276426282,1.2146588281208903
59.859127642628195,1.2146588546848567
59.8691276426282,1.2146588811614307
59.879127642628205,1.2146589075508827
59.8891276426282,1.2146589338534821
59.8991276426282,1.2146589600694973
59.909127642628206,1.2146589861991959
59.91912764262821,1.2146590122428451
59.92912764262821,1.2146590382007112
59.93912764262821,1.2146590640730592
59.94912764262821,1.2146590898601544
59.95912764262822,1.2146591155622604
59.969127642628216,1.2146591411796401
59.979127642628214,1.2146591667125566
59.98912764262822,1.214659192161271
59.999127642628224,1.2146592175260447
60.00912764262822,1.2146592428071377
60.01912764262822,1.214659268004809
60.029127642628225,1.2146592931193176
60.03912764262823,1.2146593181509218
60.04912764262823,1.214659343099878
60.059127642628226,1.2146593679664432
60.06912764262823,1.2146593927508733
60.07912764262824,1.2146594174534227
60.089127642628235,1.2146594420743457
60.09912764262823,1.2146594666138963
60.10912764262824,1.214659491072327
60.11912764262824,1.2146595154498898
60.12912764262824,1.214659539746836
60.13912764262824,1.2146595639634161
60.149127642628244,1.2146595880998805
60.15912764262825,1.2146596121564777
60.16912764262825,1.2146596361334565
60.179127642628245,1.2146596600310646
60.18912764262825,1.2146596838495487
60.199127642628255,1.2146597075891556
60.20912764262825,1.2146597312501304
60.21912764262825,1.2146597548327183
60.22912764262826,1.2146597783371633
60.23912764262826,1.214659801763709
60.24912764262826,1.2146598251125977
60.25912764262826,1.214659848384072
60.26912764262826,1.214659871578373
60.27912764262827,1.2146598946957412
60.289127642628266,1.214659917736417
60.299127642628264,1.2146599407006393
60.30912764262827,1.2146599635886468
60.319127642628274,1.214659986400677
60.32912764262827,1.2146600091369677
60.33912764262827,1.214660031797755
60.349127642628275,1.2146600543832748
60.35912764262828,1.2146600768937623
60.36912764262828,1.2146600993294516
60.379127642628276,1.214660121690577
60.38912764262828,1.2146601439773714
60.39912764262829,1.214660166190067
60.409127642628285,1.2146601883288957
60.41912764262828,1.2146602103940884
60.42912764262829,1.2146602323858757
60.43912764262829,1.214660254304487
60.44912764262829,1.214660276150152
60.45912764262829,1.2146602979230985
60.469127642628294,1.2146603196235544
60.4791276426283,1.2146603412517467
60.4891276426283,1.2146603628079018
60.499127642628295,1.2146603842922454
60.5091276426283,1.2146604057050028
60.519127642628305,1.214660427046398
60.5291276426283,1.2146604483166556
60.5391276426283,1.214660469515998
60.54912764262831,1.2146604906446477
60.55912764262831,1.2146605117028266
60.56912764262831,1.214660532690756
60.57912764262831,1.2146605536086565
60.58912764262831,1.2146605744567478
60.59912764262832,1.2146605952352492
60.609127642628316,1.2146606159443791
60.619127642628314,1.214660636584356
60.62912764262832,1.2146606571553966
60.639127642628324,1.2146606776577182
60.64912764262832,1.2146606980915364
60.65912764262832,1.2146607184570666
60.669127642628325,1.214660738754524
60.67912764262833,1.2146607589841225
60.68912764262833,1.2146607791460757
60.699127642628326,1.2146607992405967
60.70912764262833,1.2146608192678974
60.71912764262834,1.2146608392281897
60.729127642628335,1.2146608591216845
60.73912764262833,1.2146608789485926
60.74912764262834,1.2146608987091236
60.75912764262834,1.2146609184034867
60.76912764262834,1.2146609380318905
60.77912764262834,1.2146609575945428
60.789127642628344,1.2146609770916514
60.79912764262835,1.2146609965234225
60.80912764262835,1.2146610158900628
60.819127642628345,1.2146610351917777
60.82912764262835,1.214661054428772
60.839127642628355,1.21466107360125
60.84912764262835,1.2146610927094157
60.85912764262835,1.214661111753472
60.86912764262836,1.2146611307336215
60.87912764262836,1.2146611496500663
60.88912764262836,1.2146611685030078
60.89912764262836,1.2146611872926465
60.90912764262836,1.2146612060191826
60.91912764262837,1.214661224682816
60.929127642628366,1.2146612432837456
60.939127642628364,1.2146612618221695
60.94912764262837,1.2146612802982857
60.959127642628374,1.2146612987122918
60.96912764262837,1.2146613170643838
60.97912764262837,1.2146613353547584
60.989127642628375,1.2146613535836108
60.99912764262838,1.214661371751136
61.00912764262838,1.2146613898575285
61.019127642628376,1.2146614079029818
61.02912764262838,1.2146614258876893
61.03912764262839,1.2146614438118437
61.049127642628385,1.2146614616756368
61.05912764262838,1.2146614794792603
61.06912764262839,1.2146614972229053
61.07912764262839,1.2146615149067619
61.08912764262839,1.21466153253102
61.09912764262839,1.2146615500958688
61.109127642628394,1.2146615676014971
61.1191276426284,1.214661585048093
61.1291276426284,1.2146616024358443
61.139127642628395,1.2146616197649376
61.1491276426284,1.2146616370355594
61.159127642628405,1.214661654247896
61.1691276426284,1.2146616714021325
61.1791276426284,1.214661688498454
61.18912764262841,1.2146617055370443
61.19912764262841,1.2146617225180876
61.20912764262841,1.2146617394417667
61.21912764262841,1.2146617563082645
61.22912764262841,1.214661773117763
61.23912764262842,1.2146617898704435
61.249127642628416,1.2146618065664874
61.259127642628414,1.2146618232060753
61.26912764262842,1.2146618397893865
61.279127642628424,1.2146618563166012
61.28912764262842,1.2146618727878975
61.29912764262842,1.2146618892034544
61.309127642628425,1.214661905563449
61.31912764262843,1.2146619218680597
61.32912764262843,1.2146619381174621
61.339127642628426,1.214661954311833
61.34912764262843,1.2146619704513482
61.35912764262844,1.2146619865361825
61.369127642628435,1.2146620025665111
61.37912764262843,1.2146620185425077
61.38912764262844,1.2146620344643457
61.39912764262844,1.214662050332199
61.40912764262844,1.2146620661462397
61.41912764262844,1.2146620819066398
61.429127642628444,1.2146620976135711
61.43912764262845,1.2146621132672046
61.44912764262845,1.2146621288677106
61.459127642628445,1.2146621444152597
61.46912764262845,1.2146621599100207
61.479127642628455,1.2146621753521631
61.48912764262845,1.2146621907418556
61.49912764262845,1.2146622060792658
61.50912764262846,1.214662221364561
61.51912764262846,1.214662236597909
61.52912764262846,1.2146622517794756
61.53912764262846,1.2146622669094274
61.54912764262846,1.2146622819879294
61.55912764262847,1.2146622970151468
61.569127642628466,1.2146623119912443
61.579127642628464,1.2146623269163856
61.58912764262847,1.2146623417907347
61.599127642628474,1.2146623566144543
61.60912764262847,1.2146623713877072
61.61912764262847,1.2146623861106551
61.629127642628475,1.21466240078346
61.63912764262848,1.214662415406283
61.64912764262848,1.2146624299792848
61.65912764262848,1.214662444502625
61.66912764262848,1.2146624589764639
61.67912764262849,1.2146624734009603
61.689127642628485,1.2146624877762728
61.69912764262848,1.21466250210256
61.70912764262849,1.2146625163799798
61.71912764262849,1.2146625306086891
61.72912764262849,1.2146625447888448
61.73912764262849,1.2146625589206033
61.749127642628494,1.2146625730041205
61.7591276426285,1.2146625870395518
61.7691276426285,1.214662601027052
61.779127642628495,1.2146626149667759
61.7891276426285,1.214662628858877
61.799127642628505,1.2146626427035092
61.8091276426285,1.2146626565008256
61.8191276426285,1.2146626702509786
61.82912764262851,1.2146626839541206
61.83912764262851,1.2146626976104034
61.84912764262851,1.2146627112199777
61.85912764262851,1.2146627247829949
61.86912764262851,1.2146627382996051
61.87912764262852,1.214662751769958
61.889127642628516,1.2146627651942032
61.899127642628514,1.21466277857249
61.90912764262852,1.2146627919049662
61.919127642628524,1.2146628051917805
61.92912764262852,1.2146628184330805
61.93912764262852,1.214662831629013
61.949127642628525,1.214662844779725
61.95912764262853,1.2146628578853629
61.96912764262853,1.2146628709460725
61.97912764262853,1.2146628839619988
61.98912764262853,1.2146628969332876
61.99912764262854,1.214662909860083
62.009127642628535,1.2146629227425287
62.01912764262853,1.214662935580769
62.02912764262854,1.214662948374947
62.03912764262854,1.214662961125205
62.04912764262854,1.2146629738316863
62.05912764262854,1.214662986494532
62.069127642628544,1.2146629991138842
62.07912764262855,1.2146630116898836
62.08912764262855,1.2146630242226708
62.099127642628545,1.2146630367123863
62.10912764262855,1.2146630491591697
62.119127642628555,1.2146630615631606
62.12912764262855,1.214663073924498
62.13912764262855,1.2146630862433199
62.14912764262856,1.2146630985197648
62.15912764262856,1.2146631107539705
62.16912764262856,1.214663122946074
62.17912764262856,1.2146631350962125
62.18912764262856,1.2146631472045222
62.19912764262857,1.2146631592711392
62.209127642628566,1.2146631712961988
62.219127642628564,1.214663183279837
62.22912764262857,1.2146631952221876
62.239127642628574,1.2146632071233856
62.24912764262857,1.2146632189835649
62.25912764262857,1.214663230802859
62.269127642628575,1.214663242581401
62.27912764262858,1.2146632543193239
62.28912764262858,1.2146632660167598
62.29912764262858,1.2146632776738406
62.30912764262858,1.2146632892906981
62.31912764262859,1.2146633008674632
62.329127642628585,1.2146633124042667
62.33912764262858,1.214663323901239
62.34912764262859,1.2146633353585101
62.35912764262859,1.2146633467762096
62.36912764262859,1.2146633581544664
62.37912764262859,1.2146633694934095
62.389127642628594,1.214663380793167
62.3991276426286,1.2146633920538672
62.4091276426286,1.2146634032756376
62.419127642628595,1.2146634144586053
62.4291276426286,1.2146634256028972
62.439127642628605,1.2146634367086395
62.4491276426286,1.2146634477759584
62.4591276426286,1.2146634588049796
62.46912764262861,1.2146634697958283
62.47912764262861,1.2146634807486296
62.48912764262861,1.2146634916635075
62.49912764262861,1.2146635025405867
62.50912764262861,1.2146635133799903
62.51912764262862,1.2146635241818424
62.529127642628616,1.2146635349462653
62.539127642628614,1.214663545673382
62.54912764262862,1.2146635563633148
62.559127642628624,1.2146635670161852
62.56912764262862,1.2146635776321149
62.57912764262862,1.2146635882112249
62.589127642628625,1.214663598753636
62.59912764262863,1.2146636092594687
62.60912764262863,1.2146636197288427
62.61912764262863,1.214663630161878
62.62912764262863,1.2146636405586935
62.63912764262864,1.2146636509194084
62.649127642628635,1.214663661244141
62.65912764262863,1.2146636715330095
62.66912764262864,1.2146636817861318
62.67912764262864,1.2146636920036253
62.68912764262864,1.214663702185607
62.69912764262864,1.2146637123321937
62.709127642628644,1.214663722443502
62.71912764262865,1.2146637325196474
62.72912764262865,1.2146637425607458
62.739127642628645,1.2146637525669126
62.74912764262865,1.2146637625382626
62.759127642628656,1.2146637724749105
62.76912764262865,1.2146637823769701
62.77912764262865,1.214663792244556
62.78912764262866,1.2146638020777811
62.79912764262866,1.214663811876759
62.80912764262866,1.2146638216416021
62.81912764262866,1.2146638313724232
62.82912764262866,1.2146638410693344
62.83912764262867,1.2146638507324474
62.849127642628666,1.2146638603618736
62.859127642628664,1.2146638699577241
62.86912764262867,1.21466387952011
62.879127642628674,1.2146638890491412
62.88912764262867,1.214663898544928
62.89912764262867,1.21466390800758
62.909127642628675,1.214663917437207
62.91912764262868,1.2146639268339174
62.92912764262868,1.2146639361978204
62.93912764262868,1.2146639455290245
62.94912764262868,1.2146639548276372
62.95912764262869,1.2146639640937666
62.969127642628685,1.2146639733275202
62.97912764262868,1.2146639825290044
62.98912764262869,1.2146639916983266
62.99912764262869,1.214664000835593
63.00912764262869,1.2146640099409094
63.01912764262869,1.2146640190143816
63.029127642628694,1.2146640280561152
63.0391276426287,1.214664037066215
63.0491276426287,1.2146640460447862
63.059127642628695,1.2146640549919325
63.0691276426287,1.2146640639077586
63.079127642628706,1.214664072792368
63.0891276426287,1.2146640816458645
63.0991276426287,1.2146640904683506
63.10912764262871,1.2146640992599296
63.11912764262871,1.214664108020704
63.12912764262871,1.2146641167507752
63.13912764262871,1.2146641254502462
63.14912764262871,1.214664134119218
63.15912764262872,1.2146641427577913
63.169127642628716,1.214664151366068
63.179127642628714,1.2146641599441481
63.18912764262872,1.2146641684921318
63.199127642628724,1.2146641770101194
63.20912764262872,1.2146641854982103
63.21912764262872,1.214664193956504
63.229127642628725,1.2146642023850993
63.23912764262873,1.2146642107840953
63.24912764262873,1.21466421915359
63.25912764262873,1.2146642274936819
63.26912764262873,1.2146642358044686
63.27912764262874,1.2146642440860473
63.289127642628735,1.2146642523385158
63.29912764262873,1.2146642605619709
63.30912764262874,1.2146642687565088
63.31912764262874,1.214664276922226
63.32912764262874,1.2146642850592184
63.33912764262874,1.2146642931675817
63.349127642628744,1.2146643012474114
63.35912764262875,1.2146643092988028
63.36912764262875,1.21466431732185
63.379127642628745,1.2146643253166483
63.38912764262875,1.2146643332832916
63.399127642628756,1.2146643412218734
63.409127642628754,1.2146643491324878
63.41912764262875,1.214664357015228
63.42912764262876,1.214664364870187
63.43912764262876,1.2146643726974575
63.44912764262876,1.214664380497132
63.45912764262876,1.2146643882693027
63.46912764262876,1.2146643960140615
63.47912764262877,1.2146644037314998
63.489127642628766,1.214664411421709
63.499127642628764,1.21466441908478
63.50912764262877,1.2146644267208035
63.519127642628774,1.2146644343298705
63.52912764262877,1.2146644419120705
63.53912764262877,1.2146644494674934
63.549127642628775,1.2146644569962293
63.55912764262878,1.2146644644983668
63.56912764262878,1.2146644719739956
63.57912764262878,1.214664479423204
63.58912764262878,1.2146644868460807
63.59912764262879,1.2146644942427138
63.609127642628785,1.2146645016131914
63.61912764262878,1.2146645089576007
63.62912764262879,1.2146645162760294
63.63912764262879,1.2146645235685647
63.64912764262879,1.214664530835293
63.65912764262879,1.2146645380763013
63.669127642628794,1.2146645452916753
63.6791276426288,1.2146645524815016
63.6891276426288,1.2146645596458656
63.699127642628795,1.214664566784853
63.7091276426288,1.2146645738985486
63.719127642628806,1.2146645809870376
63.729127642628804,1.2146645880504043
63.7391276426288,1.2146645950887338
63.74912764262881,1.2146646021021095
63.75912764262881,1.2146646090906157
63.76912764262881,1.2146646160543355
63.77912764262881,1.2146646229933529
63.78912764262881,1.2146646299077504
63.79912764262882,1.2146646367976108
63.809127642628816,1.214664643663017
63.819127642628814,1.2146646505040513
63.82912764262882,1.2146646573207953
63.839127642628824,1.214664664113331
63.84912764262882,1.21466467088174
63.85912764262882,1.2146646776261032
63.869127642628825,1.214664684346502
63.87912764262883,1.214664691043017
63.88912764262883,1.2146646977157285
63.89912764262883,1.2146647043647167
63.90912764262883,1.214664710990062
63.91912764262884,1.2146647175918435
63.929127642628835,1.214664724170141
63.93912764262883,1.2146647307250338
63.94912764262884,1.2146647372566004
63.95912764262884,1.21466474376492
63.96912764262884,1.2146647502500711
63.97912764262884,1.2146647567121316
63.989127642628844,1.2146647631511793
63.99912764262885,1.2146647695672923
64.00912764262884,1.214664775960548
64.01912764262885,1.2146647823310235
64.02912764262885,1.2146647886787958
64.03912764262886,1.2146647950039418
64.04912764262886,1.2146648013065375
64.05912764262885,1.2146648075866597
64.06912764262886,1.2146648138443843
64.07912764262886,1.2146648200797867
64.08912764262885,1.214664826292943
64.09912764262886,1.2146648324839278
64.10912764262886,1.2146648386528165
64.11912764262887,1.214664844799684
64.12912764262887,1.2146648509246047
64.13912764262886,1.214664857027653
64.14912764262887,1.214664863108903
64.15912764262887,1.2146648691684285
64.16912764262887,1.214664875206303
64.17912764262887,1.2146648812226002
64.18912764262888,1.2146648872173929
64.19912764262888,1.2146648931907542
64.20912764262889,1.214664899142757
64.21912764262888,1.2146649050734735
64.22912764262888,1.2146649109829757
64.23912764262889,1.214664916871336
64.24912764262888,1.2146649227386257
64.25912764262888,1.214664928584917
64.26912764262889,1.2146649344102807
64.2791276426289,1.214664940214788
64.2891276426289,1.2146649459985097
64.29912764262889,1.2146649517615165
64.3091276426289,1.2146649575038788
64.3191276426289,1.2146649632256667
64.32912764262889,1.2146649689269504
64.3391276426289,1.2146649746077993
64.3491276426289,1.214664980268283
64.3591276426289,1.2146649859084708
64.36912764262891,1.2146649915284318
64.3791276426289,1.2146649971282348
64.3891276426289,1.2146650027079486
64.39912764262891,1.2146650082676411
64.4091276426289,1.2146650138073811
64.41912764262891,1.214665019327236
64.42912764262891,1.214665024827274
64.43912764262892,1.2146650303075623
64.44912764262892,1.2146650357681683
64.45912764262891,1.2146650412091593
64.46912764262892,1.214665046630602
64.47912764262892,1.2146650520325628
64.48912764262892,1.2146650574151086
64.49912764262892,1.2146650627783053
64.50912764262893,1.2146650681222193
64.51912764262893,1.2146650734469162
64.52912764262894,1.2146650787524615
64.53912764262893,1.2146650840389206
64.54912764262893,1.2146650893063589
64.55912764262894,1.2146650945548412
64.56912764262893,1.2146650997844322
64.57912764262893,1.2146651049951966
64.58912764262894,1.2146651101871986
64.59912764262894,1.2146651153605026
64.60912764262895,1.2146651205151722
64.61912764262894,1.2146651256512715
64.62912764262894,1.2146651307688636
64.63912764262895,1.214665135868012
64.64912764262894,1.21466514094878
64.65912764262895,1.2146651460112303
64.66912764262895,1.2146651510554256
64.67912764262896,1.2146651560814286
64.68912764262896,1.2146651610893013
64.69912764262895,1.2146651660791061
64.70912764262896,1.2146651710509047
64.71912764262896,1.2146651760047589
64.72912764262895,1.21466518094073
64.73912764262896,1.2146651858588797
64.74912764262896,1.214665190759269
64.75912764262897,1.2146651956419585
64.76912764262897,1.214665200507009
64.77912764262896,1.2146652053544815
64.78912764262897,1.2146652101844357
64.79912764262897,1.2146652149969321
64.80912764262897,1.2146652197920305
64.81912764262897,1.2146652245697904
64.82912764262898,1.214665229330272
64.83912764262898,1.214665234073534
64.84912764262899,1.214665238799636
64.85912764262898,1.2146652435086367
64.86912764262898,1.214665248200595
64.87912764262899,1.2146652528755695
64.88912764262898,1.2146652575336185
64.89912764262898,1.2146652621748002
64.90912764262899,1.2146652667991729
64.919127642629,1.214665271406794
64.929127642629,1.2146652759977214
64.93912764262899,1.2146652805720126
64.949127642629,1.2146652851297248
64.959127642629,1.2146652896709151
64.96912764262899,1.2146652941956404
64.979127642629,1.2146652987039575
64.989127642629,1.2146653031959227
64.999127642629,1.2146653076715928
65.00912764262901,1.2146653121310234
65.019127642629,1.214665316574271
65.029127642629,1.2146653210013907
65.03912764262901,1.2146653254124389
65.049127642629,1.2146653298074708
65.05912764262901,1.2146653341865412
65.06912764262901,1.214665338549706
65.07912764262902,1.2146653428970193
65.08912764262902,1.2146653472285365
65.09912764262901,1.2146653515443118
65.10912764262902,1.2146653558443994
65.11912764262902,1.214665360128854
65.12912764262902,1.214665364397729
65.13912764262902,1.2146653686510787
65.14912764262903,1.2146653728889567
65.15912764262903,1.2146653771114164
65.16912764262904,1.214665381318511
65.17912764262903,1.2146653855102938
65.18912764262903,1.2146653896868176
65.19912764262904,1.2146653938481355
65.20912764262903,1.2146653979943
65.21912764262903,1.2146654021253633
65.22912764262904,1.2146654062413782
65.23912764262904,1.2146654103423962
65.24912764262905,1.2146654144284696
65.25912764262904,1.2146654184996502
65.26912764262904,1.2146654225559894
65.27912764262905,1.214665426597539
65.28912764262904,1.2146654306243496
65.29912764262905,1.214665434636473
65.30912764262905,1.2146654386339597
65.31912764262906,1.2146654426168606
65.32912764262906,1.2146654465852262
65.33912764262905,1.2146654505391072
65.34912764262906,1.2146654544785536
65.35912764262906,1.2146654584036156
65.36912764262905,1.2146654623143431
65.37912764262906,1.214665466210786
65.38912764262906,1.2146654700929937
65.39912764262907,1.2146654739610159
65.40912764262907,1.2146654778149018
65.41912764262906,1.2146654816547002
65.42912764262907,1.2146654854804606
65.43912764262907,1.2146654892922315
65.44912764262907,1.2146654930900616
65.45912764262907,1.2146654968739994
65.46912764262908,1.2146655006440932
65.47912764262908,1.2146655044003911
65.48912764262909,1.2146655081429412
65.49912764262908,1.2146655118717913
65.50912764262908,1.2146655155869892
65.51912764262909,1.2146655192885825
65.52912764262908,1.2146655229766183
65.53912764262908,1.2146655266511441
65.54912764262909,1.2146655303122067
65.5591276426291,1.2146655339598533
65.5691276426291,1.2146655375941304
65.57912764262909,1.2146655412150849
65.5891276426291,1.214665544822763
65.5991276426291,1.2146655484172113
65.60912764262909,1.2146655519984755
65.6191276426291,1.214665555566602
65.6291276426291,1.2146655591216364
65.6391276426291,1.2146655626636245
65.64912764262911,1.214665566192612
65.6591276426291,1.214665569708644
65.6691276426291,1.2146655732117657
65.67912764262911,1.2146655767020227
65.6891276426291,1.2146655801794595
65.69912764262911,1.214665583644121
65.70912764262911,1.2146655870960519
65.71912764262912,1.2146655905352965
65.72912764262912,1.2146655939618995
65.73912764262911,1.214665597375905
65.74912764262912,1.214665600777357
65.75912764262912,1.2146656041662995
65.76912764262912,1.2146656075427762
65.77912764262912,1.2146656109068306
65.78912764262913,1.2146656142585064
65.79912764262913,1.214665617597847
65.80912764262914,1.2146656209248954
65.81912764262913,1.2146656242396947
65.82912764262913,1.2146656275422878
65.83912764262914,1.2146656308327177
65.84912764262913,1.2146656341110267
65.85912764262913,1.2146656373772573
65.86912764262914,1.2146656406314524
65.87912764262914,1.2146656438736534
65.88912764262915,1.214665647103903
65.89912764262914,1.2146656503222428
65.90912764262914,1.2146656535287148
65.91912764262915,1.2146656567233605
65.92912764262914,1.2146656599062213
65.93912764262915,1.214665663077339
65.94912764262915,1.2146656662367543
65.95912764262916,1.2146656693845088
65.96912764262916,1.2146656725206433
65.97912764262915,1.2146656756451986
65.98912764262916,1.214665678758215
65.99912764262916,1.2146656818597337
66.00912764262915,1.214665684949795
66.01912764262916,1.2146656880284388
66.02912764262916,1.2146656910957057
66.03912764262917,1.2146656941516354
66.04912764262917,1.214665697196268
66.05912764262916,1.214665700229643
66.06912764262917,1.2146657032518005
66.07912764262917,1.2146657062627795
66.08912764262917,1.2146657092626199
66.09912764262917,1.2146657122513602
66.10912764262918,1.21466571522904
66.11912764262918,1.2146657181956984
66.12912764262919,1.2146657211513738
66.13912764262918,1.2146657240961054
66.14912764262918,1.2146657270299313
66.15912764262919,1.2146657299528902
66.16912764262918,1.2146657328650203
66.17912764262918,1.21466573576636
66.18912764262919,1.2146657386569473
66.1991276426292,1.2146657415368203
66.2091276426292,1.2146657444060165
66.21912764262919,1.2146657472645737
66.2291276426292,1.2146657501125293
66.2391276426292,1.2146657529499212
66.24912764262919,1.2146657557767866
66.2591276426292,1.2146657585931622
66.2691276426292,1.2146657613990857
66.2791276426292,1.2146657641945935
66.28912764262921,1.214665766979723
66.2991276426292,1.2146657697545105
66.3091276426292,1.2146657725189924
66.31912764262921,1.2146657752732057
66.3291276426292,1.2146657780171863
66.33912764262921,1.2146657807509706
66.34912764262921,1.2146657834745946
66.35912764262922,1.2146657861880945
66.36912764262922,1.2146657888915058
66.37912764262921,1.2146657915848644
66.38912764262922,1.214665794268206
66.39912764262922,1.214665796941566
66.40912764262922,1.2146657996049797
66.41912764262922,1.2146658022584822
66.42912764262923,1.214665804902109
66.43912764262923,1.2146658075358951
66.44912764262924,1.214665810159875
66.45912764262923,1.214665812774084
66.46912764262923,1.2146658153785563
66.47912764262924,1.2146658179733267
66.48912764262923,1.2146658205584298
66.49912764262923,1.2146658231338994
66.50912764262924,1.21466582569977
66.51912764262924,1.2146658282560758
66.52912764262925,1.2146658308028508
66.53912764262924,1.2146658333401286
66.54912764262924,1.214665835867943
66.55912764262925,1.2146658383863278
66.56912764262924,1.2146658408953164
66.57912764262925,1.2146658433949422
66.58912764262925,1.2146658458852384
66.59912764262926,1.2146658483662385
66.60912764262926,1.2146658508379753
66.61912764262925,1.2146658533004817
66.62912764262926,1.2146658557537908
66.63912764262926,1.2146658581979353
66.64912764262925,1.2146658606329475
66.65912764262926,1.2146658630588603
66.66912764262926,1.2146658654757059
66.67912764262927,1.2146658678835167
66.68912764262927,1.214665870282325
66.69912764262926,1.2146658726721624
66.70912764262927,1.2146658750530615
66.71912764262927,1.2146658774250538
66.72912764262927,1.214665879788171
66.73912764262927,1.214665882142445
66.74912764262928,1.2146658844879072
66.75912764262928,1.214665886824589
66.76912764262929,1.214665889152522
66.77912764262928,1.214665891471737
66.78912764262928,1.2146658937822652
66.79912764262929,1.214665896084138
66.80912764262928,1.2146658983773861
66.81912764262928,1.2146659006620402
66.82912764262929,1.214665902938131
66.8391276426293,1.2146659052056892
66.8491276426293,1.2146659074647452
66.85912764262929,1.2146659097153298
66.8691276426293,1.2146659119574725
66.8791276426293,1.2146659141912042
66.88912764262929,1.2146659164165547
66.8991276426293,1.2146659186335538
66.9091276426293,1.2146659208422317
66.9191276426293,1.214665923042618
66.92912764262931,1.2146659252347425
66.9391276426293,1.2146659274186349
66.9491276426293,1.214665929594324
66.95912764262931,1.21466593176184
66.9691276426293,1.214665933921212
66.97912764262931,1.2146659360724688
66.98912764262931,1.2146659382156395
66.99912764262932,1.2146659403507536
67.00912764262932,1.2146659424778397
67.01912764262931,1.2146659445969263
67.02912764262932,1.2146659467080425
67.03912764262932,1.2146659488112168
67.04912764262932,1.2146659509064774
67.05912764262932,1.2146659529938533
67.06912764262933,1.214665955073372
67.07912764262933,1.2146659571450624
67.08912764262934,1.2146659592089522
67.09912764262933,1.2146659612650696
67.10912764262933,1.2146659633134425
67.11912764262934,1.2146659653540985
67.12912764262933,1.2146659673870657
67.13912764262933,1.2146659694123716
67.14912764262934,1.2146659714300434
67.15912764262934,1.214665973440109
67.16912764262935,1.2146659754425957
67.17912764262934,1.2146659774375306
67.18912764262934,1.2146659794249408
67.19912764262935,1.2146659814048535
67.20912764262934,1.2146659833772957
67.21912764262935,1.214665985342294
67.22912764262935,1.2146659872998757
67.23912764262936,1.2146659892500673
67.24912764262936,1.2146659911928952
67.25912764262935,1.2146659931283863
67.26912764262936,1.2146659950565666
67.27912764262936,1.214665996977463
67.28912764262935,1.214665998891101
67.29912764262936,1.2146660007975074
67.30912764262936,1.214666002696708
67.31912764262937,1.214666004588729
67.32912764262937,1.214666006473596
67.33912764262936,1.214666008351335
67.34912764262937,1.2146660102219715
67.35912764262937,1.2146660120855315
67.36912764262937,1.2146660139420404
67.37912764262937,1.2146660157915234
67.38912764262938,1.2146660176340063
67.39912764262938,1.2146660194695142
67.40912764262939,1.214666021298072
67.41912764262938,1.2146660231197053
67.42912764262938,1.2146660249344388
67.43912764262939,1.2146660267422975
67.44912764262938,1.2146660285433062
67.45912764262938,1.2146660303374899
67.46912764262939,1.2146660321248732
67.4791276426294,1.2146660339054804
67.4891276426294,1.2146660356793364
67.49912764262939,1.2146660374464655
67.5091276426294,1.2146660392068922
67.5191276426294,1.2146660409606402
67.52912764262939,1.2146660427077345
67.5391276426294,1.2146660444481985
67.5491276426294,1.2146660461820564
67.5591276426294,1.2146660479093323
67.56912764262941,1.21466604963005
67.5791276426294,1.2146660513442333
67.5891276426294,1.2146660530519058
67.59912764262941,1.2146660547530912
67.6091276426294,1.214666056447813
67.61912764262941,1.2146660581360944
67.62912764262941,1.2146660598179588
67.63912764262942,1.21466606149343
67.64912764262942,1.2146660631625306
67.65912764262941,1.214666064825284
67.66912764262942,1.2146660664817133
67.67912764262942,1.2146660681318413
67.68912764262942,1.2146660697756912
67.69912764262942,1.2146660714132853
67.70912764262943,1.2146660730446466
67.71912764262943,1.2146660746697977
67.72912764262944,1.2146660762887613
67.73912764262943,1.2146660779015597
67.74912764262943,1.2146660795082156
67.75912764262944,1.214666081108751
67.76912764262943,1.2146660827031883
67.77912764262943,1.2146660842915498
67.78912764262944,1.2146660858738576
67.79912764262944,1.2146660874501334
67.80912764262945,1.2146660890203995
67.81912764262944,1.2146660905846776
67.82912764262944,1.2146660921429897
67.83912764262945,1.2146660936953573
67.84912764262944,1.2146660952418022
67.85912764262945,1.214666096782346
67.86912764262945,1.21466609831701
67.87912764262946,1.2146660998458159
67.88912764262946,1.2146661013687847
67.89912764262945,1.2146661028859382
67.90912764262946,1.2146661043972973
67.91912764262946,1.214666105902883
67.92912764262945,1.2146661074027165
67.93912764262946,1.214666108896819
67.94912764262946,1.214666110385211
67.95912764262947,1.2146661118679138
67.96912764262947,1.214666113344948
67.97912764262946,1.214666114816334
67.98912764262947,1.2146661162820926
67.99912764262947,1.2146661177422446
68.00912764262947,1.2146661191968102
68.01912764262947,1.21466612064581
68.02912764262948,1.2146661220892643
68.03912764262948,1.2146661235271934
68.04912764262949,1.2146661249596173
68.05912764262948,1.2146661263865564
68.06912764262948,1.2146661278080306
68.07912764262949,1.2146661292240597
68.08912764262948,1.2146661306346642
68.09912764262948,1.2146661320398635
68.10912764262949,1.2146661334396776
68.1191276426295,1.2146661348341259
68.1291276426295,1.2146661362232283
68.13912764262949,1.2146661376070045
68.1491276426295,1.2146661389854738
68.1591276426295,1.2146661403586556
68.16912764262949,1.2146661417265694
68.1791276426295,1.2146661430892347
68.1891276426295,1.2146661444466704
68.1991276426295,1.2146661457988959
68.20912764262951,1.21466614714593
68.2191276426295,1.214666148487792
68.2291276426295,1.214666149824501
68.23912764262951,1.2146661511560757
68.2491276426295,1.2146661524825348
68.25912764262951,1.2146661538038974
68.26912764262951,1.2146661551201823
68.27912764262952,1.2146661564314076
68.28912764262952,1.2146661577375923
68.29912764262951,1.2146661590387549
68.30912764262952,1.2146661603349138
68.31912764262952,1.2146661616260874
68.32912764262952,1.214666162912294
68.33912764262952,1.2146661641935517
68.34912764262953,1.214666165469879
68.35912764262953,1.2146661667412937
68.36912764262954,1.2146661680078141
68.37912764262953,1.2146661692694583
68.38912764262953,1.214666170526244
68.39912764262954,1.2146661717781893
68.40912764262953,1.2146661730253119
68.41912764262953,1.2146661742676295
68.42912764262954,1.21466617550516
68.43912764262954,1.2146661767379208
68.44912764262955,1.2146661779659294
68.45912764262954,1.2146661791892037
68.46912764262954,1.214666180407761
68.47912764262955,1.2146661816216184
68.48912764262954,1.2146661828307934
68.49912764262955,1.2146661840353035
68.50912764262955,1.2146661852351657
68.51912764262956,1.214666186430397
68.52912764262956,1.2146661876210147
68.53912764262955,1.2146661888070358
68.54912764262956,1.2146661899884772
68.55912764262956,1.2146661911653558
68.56912764262955,1.2146661923376887
68.57912764262956,1.2146661935054923
68.58912764262956,1.2146661946687836
68.59912764262957,1.2146661958275788
68.60912764262957,1.2146661969818953
68.61912764262956,1.214666198131749
68.62912764262957,1.2146661992771568
68.63912764262957,1.214666200418135
68.64912764262957,1.2146662015546998
68.65912764262957,1.2146662026868678
68.66912764262958,1.2146662038146552
68.67912764262958,1.2146662049380779
68.68912764262959,1.2146662060571525
68.69912764262958,1.2146662071718948
68.70912764262958,1.214666208282321
68.71912764262959,1.2146662093884468
68.72912764262958,1.2146662104902886
68.73912764262958,1.2146662115878617
68.74912764262959,1.2146662126811825
68.7591276426296,1.2146662137702662
68.7691276426296,1.214666214855129
68.77912764262959,1.2146662159357862
68.7891276426296,1.2146662170122535
68.7991276426296,1.2146662180845467
68.80912764262959,1.2146662191526807
68.8191276426296,1.2146662202166714
68.8291276426296,1.214666221276534
68.8391276426296,1.214666222332284
68.84912764262961,1.214666223383936
68.8591276426296,1.2146662244315063
68.8691276426296,1.2146662254750091
68.87912764262961,1.21466622651446
68.8891276426296,1.214666227549874
68.89912764262961,1.2146662285812662
68.90912764262961,1.214666229608651
68.91912764262962,1.214666230632044
68.92912764262962,1.2146662316514596
68.93912764262961,1.2146662326669126
68.94912764262962,1.2146662336784178
68.95912764262962,1.21466623468599
68.96912764262962,1.2146662356896436
68.97912764262962,1.2146662366893934
68.98912764262963,1.214666237685254
68.99912764262963,1.2146662386772396
69.00912764262964,1.2146662396653647
69.01912764262963,1.2146662406496436
69.02912764262963,1.2146662416300908
69.03912764262964,1.2146662426067207
69.04912764262963,1.214666243579547
69.05912764262963,1.2146662445485845
69.06912764262964,1.2146662455138468
69.07912764262964,1.2146662464753484
69.08912764262965,1.2146662474331031
69.09912764262964,1.214666248387125
69.10912764262964,1.2146662493374274
69.11912764262965,1.214666250284025
69.12912764262964,1.2146662512269313
69.13912764262965,1.21466625216616
69.14912764262965,1.214666253101725
69.15912764262966,1.2146662540336397
69.16912764262966,1.214666254961918
69.17912764262965,1.2146662558865735
69.18912764262966,1.2146662568076194
69.19912764262966,1.2146662577250695
69.20912764262965,1.2146662586389372
69.21912764262966,1.2146662595492357
69.22912764262966,1.2146662604559786
69.23912764262967,1.214666261359179
69.24912764262967,1.21466626225885
69.25912764262966,1.2146662631550051
69.26912764262967,1.2146662640476575
69.27912764262967,1.21466626493682
69.28912764262967,1.2146662658225058
69.29912764262967,1.214666266704728
69.30912764262968,1.2146662675834994
69.31912764262968,1.2146662684588332
69.32912764262969,1.2146662693307417
69.33912764262968,1.2146662701992383
69.34912764262968,1.2146662710643357
69.35912764262969,1.2146662719260464
69.36912764262968,1.214666272784383
69.37912764262968,1.2146662736393588
69.38912764262969,1.2146662744909855
69.3991276426297,1.2146662753392765
69.4091276426297,1.2146662761842437
69.41912764262969,1.2146662770258998
69.4291276426297,1.2146662778642572
69.4391276426297,1.2146662786993283
69.44912764262969,1.2146662795311254
69.4591276426297,1.2146662803596606
69.4691276426297,1.2146662811849467
69.4791276426297,1.2146662820069953
69.48912764262971,1.214666282825819
69.4991276426297,1.2146662836414297
69.50912764262971,1.2146662844538394
69.51912764262971,1.21466628526306
69.5291276426297,1.2146662860691042
69.53912764262971,1.214666286871983
69.54912764262971,1.214666287671709
69.55912764262972,1.2146662884682937
69.56912764262972,1.214666289261749
69.57912764262971,1.2146662900520866
69.58912764262972,1.2146662908393184
69.59912764262972,1.214666291623456
69.60912764262972,1.214666292404511
69.61912764262972,1.2146662931824952
69.62912764262973,1.21466629395742
69.63912764262973,1.2146662947292968
69.64912764262974,1.2146662954981373
69.65912764262973,1.2146662962639527
69.66912764262973,1.2146662970267548
69.67912764262974,1.2146662977865545
69.68912764262973,1.2146662985433634
69.69912764262973,1.2146662992971926
69.70912764262974,1.2146663000480535
69.71912764262974,1.2146663007959573
69.72912764262975,1.214666301540915
69.73912764262974,1.2146663022829378
69.74912764262974,1.2146663030220368
69.75912764262975,1.214666303758223
69.76912764262974,1.2146663044915074
69.77912764262975,1.2146663052219009
69.78912764262975,1.2146663059494145
69.79912764262976,1.214666306674059
69.80912764262976,1.2146663073958452
69.81912764262975,1.2146663081147842
69.82912764262976,1.2146663088308864
69.83912764262976,1.2146663095441628
69.84912764262975,1.2146663102546238
69.85912764262976,1.2146663109622802
69.86912764262976,1.2146663116671426
69.87912764262977,1.2146663123692216
69.88912764262977,1.2146663130685278
69.89912764262976,1.2146663137650713
69.90912764262977,1.214666314458863
69.91912764262977,1.214666315149913
69.92912764262977,1.2146663158382323
69.93912764262977,1.2146663165238303
69.94912764262978,1.214666317206718
69.95912764262978,1.2146663178869053
69.96912764262979,1.2146663185644027
69.97912764262978,1.2146663192392202
69.98912764262978,1.2146663199113679
69.99912764262979,1.2146663205808563
70.00912764262978,1.214666321247695
70.01912764262978,1.2146663219118943
70.02912764262979,1.2146663225734642
70.0391276426298,1.2146663232324149
70.0491276426298,1.2146663238887558
70.05912764262979,1.2146663245424971
70.0691276426298,1.2146663251936487
70.0791276426298,1.2146663258422206
70.08912764262979,1.214666326488222
70.0991276426298,1.2146663271316633
70.1091276426298,1.214666327772554
70.1191276426298,1.2146663284109036
70.12912764262981,1.2146663290467221
70.1391276426298,1.2146663296800186
70.14912764262981,1.2146663303108034
70.15912764262981,1.2146663309390855
70.1691276426298,1.2146663315648745
70.17912764262981,1.2146663321881799
70.18912764262981,1.2146663328090115
70.19912764262982,1.2146663334273782
70.20912764262982,1.2146663340432897
70.21912764262981,1.214666334656755
70.22912764262982,1.214666335267784
70.23912764262982,1.2146663358763854
70.24912764262982,1.2146663364825687
70.25912764262982,1.214666337086343
70.26912764262983,1.2146663376877178
70.27912764262983,1.2146663382867018
70.28912764262984,1.2146663388833043
70.29912764262983,1.2146663394775346
70.30912764262983,1.2146663400694013
70.31912764262984,1.2146663406589135
70.32912764262983,1.2146663412460805
70.33912764262983,1.2146663418309112
70.34912764262984,1.214666342413414
70.35912764262984,1.2146663429935984
70.36912764262985,1.214666343571473
70.37912764262984,1.2146663441470467
70.38912764262984,1.2146663447203279
70.39912764262985,1.2146663452913258
70.40912764262984,1.2146663458600488
70.41912764262985,1.214666346426506
70.42912764262985,1.2146663469907057
70.43912764262986,1.2146663475526567
70.44912764262986,1.2146663481123674
70.45912764262985,1.2146663486698466
70.46912764262986,1.2146663492251026
70.47912764262986,1.2146663497781442
70.48912764262985,1.2146663503289796
70.49912764262986,1.2146663508776172
70.50912764262986,1.2146663514240656
70.51912764262987,1.2146663519683332
70.52912764262987,1.2146663525104282
70.53912764262986,1.214666353050359
70.54912764262987,1.2146663535881337
70.55912764262987,1.2146663541237608
70.56912764262987,1.2146663546572485
70.57912764262987,1.214666355188605
70.58912764262988,1.214666355717838
70.59912764262988,1.2146663562449564
70.60912764262989,1.2146663567699678
70.61912764262988,1.2146663572928804
70.62912764262988,1.2146663578137025
70.63912764262989,1.2146663583324415
70.64912764262988,1.214666358849106
70.65912764262988,1.2146663593637035
70.66912764262989,1.2146663598762424
70.6791276426299,1.21466636038673
70.6891276426299,1.2146663608951749
70.69912764262989,1.2146663614015845
70.7091276426299,1.2146663619059663
70.7191276426299,1.214666362408329
70.72912764262989,1.2146663629086794
70.7391276426299,1.2146663634070258
70.7491276426299,1.2146663639033757
70.7591276426299,1.2146663643977367
70.76912764262991,1.2146663648901168
70.7791276426299,1.2146663653805232
70.78912764262991,1.2146663658689638
70.79912764262991,1.2146663663554458
70.8091276426299,1.214666366839977
70.81912764262991,1.214666367322565
70.82912764262991,1.214666367803217
70.83912764262992,1.2146663682819407
70.84912764262992,1.2146663687587433
70.85912764262991,1.2146663692336324
70.86912764262992,1.2146663697066151
70.87912764262992,1.2146663701776992
70.88912764262992,1.2146663706468914
70.89912764262992,1.2146663711141994
70.90912764262993,1.2146663715796304
70.91912764262993,1.2146663720431916
70.92912764262994,1.2146663725048903
70.93912764262993,1.2146663729647333
70.94912764262993,1.2146663734227283
70.95912764262994,1.214666373878882
70.96912764262993,1.2146663743332018
70.97912764262993,1.2146663747856947
70.98912764262994,1.2146663752363676
70.99912764262994,1.2146663756852276
71.00912764262995,1.2146663761322816
71.01912764262994,1.2146663765775367
71.02912764262994,1.214666377021
71.03912764262995,1.2146663774626782
71.04912764262994,1.2146663779025781
71.05912764262995,1.2146663783407068
71.06912764262995,1.214666378777071
71.07912764262996,1.2146663792116779
71.08912764262996,1.2146663796445336
71.09912764262995,1.2146663800756454
71.10912764262996,1.2146663805050197
71.11912764262996,1.2146663809326637
71.12912764262995,1.2146663813585834
71.13912764262996,1.214666381782786
71.14912764262996,1.2146663822052783
71.15912764262997,1.2146663826260664
71.16912764262997,1.2146663830451572
71.17912764262996,1.214666383462557
71.18912764262997,1.2146663838782727
71.19912764262997,1.2146663842923107
71.20912764262997,1.2146663847046772
71.21912764262997,1.2146663851153792
71.22912764262998,1.2146663855244229
71.23912764262998,1.2146663859318145
71.24912764262999,1.2146663863375609
71.25912764262998,1.2146663867416678
71.26912764262998,1.2146663871441423
71.27912764262999,1.2146663875449901
71.28912764262998,1.2146663879442179
71.29912764262998,1.214666388341832
71.30912764262999,1.2146663887378386
71.31912764263,1.2146663891322436
71.32912764263,1.2146663895250536
71.33912764262999,1.2146663899162746
71.34912764263,1.2146663903059132
71.35912764263,1.2146663906939748
71.36912764262999,1.214666391080466
71.37912764263,1.214666391465393
71.38912764263,1.2146663918487617
71.39912764263,1.214666392230578
71.40912764263001,1.2146663926108483
71.41912764263,1.2146663929895782
71.42912764263001,1.214666393366774
71.43912764263001,1.2146663937424416
71.44912764263,1.2146663941165867
71.45912764263001,1.2146663944892158
71.46912764263001,1.214666394860334
71.47912764263002,1.214666395229948
71.48912764263002,1.214666395598063
71.49912764263001,1.214666395964685
71.50912764263002,1.2146663963298203
71.51912764263002,1.2146663966934739
71.52912764263002,1.2146663970556522
71.53912764263002,1.2146663974163607
71.54912764263003,1.2146663977756051
71.55912764263003,1.2146663981333914
71.56912764263004,1.2146663984897246
71.57912764263003,1.2146663988446111
71.58912764263003,1.2146663991980562
71.59912764263004,1.2146663995500657
71.60912764263003,1.2146663999006448
71.61912764263003,1.2146664002497995
71.62912764263004,1.2146664005975352
71.63912764263004,1.2146664009438575
71.64912764263005,1.2146664012887716
71.65912764263004,1.2146664016322835
71.66912764263004,1.2146664019743985
71.67912764263005,1.2146664023151217
71.68912764263004,1.2146664026544591
71.69912764263005,1.2146664029924157
71.70912764263005,1.2146664033289971
71.71912764263006,1.2146664036642085
71.72912764263006,1.2146664039980555
71.73912764263005,1.2146664043305433
71.74912764263006,1.214666404661677
71.75912764263006,1.2146664049914624
71.76912764263005,1.2146664053199043
71.77912764263006,1.2146664056470082
71.78912764263006,1.2146664059727794
71.79912764263007,1.2146664062972228
71.80912764263007,1.2146664066203439
71.81912764263006,1.2146664069421478
71.82912764263007,1.2146664072626396
71.83912764263007,1.2146664075818245
71.84912764263007,1.2146664078997076
71.85912764263007,1.214666408216294
71.86912764263008,1.2146664085315884
71.87912764263008,1.2146664088455967
71.88912764263009,1.2146664091583232
71.89912764263008,1.2146664094697732
71.90912764263008,1.214666409779952
71.91912764263009,1.214666410088864
71.92912764263008,1.2146664103965144
71.93912764263008,1.2146664107029084
71.94912764263009,1.2146664110080507
71.9591276426301,1.2146664113119463
71.9691276426301,1.2146664116146
71.97912764263009,1.2146664119160167
71.9891276426301,1.2146664122162012
71.9991276426301,1.2146664125151583
72.00912764263009,1.2146664128128932
72.0191276426301,1.2146664131094105
72.0291276426301,1.2146664134047147
72.0391276426301,1.2146664136988108
72.04912764263011,1.2146664139917036
72.0591276426301,1.2146664142833978
72.06912764263011,1.2146664145738981
72.07912764263011,1.2146664148632091
72.0891276426301,1.2146664151513358
72.09912764263011,1.2146664154382822
72.10912764263011,1.2146664157240536
72.11912764263012,1.2146664160086544
72.12912764263012,1.2146664162920893
72.13912764263011,1.2146664165743626
72.14912764263012,1.2146664168554793
72.15912764263012,1.2146664171354433
72.16912764263012,1.2146664174142598
72.17912764263012,1.2146664176919333
72.18912764263013,1.2146664179684676
72.19912764263013,1.214666418243868
72.20912764263014,1.2146664185181386
72.21912764263013,1.2146664187912837
72.22912764263013,1.214666419063308
72.23912764263014,1.214666419334216
72.24912764263013,1.214666419604012
72.25912764263013,1.2146664198727002
72.26912764263014,1.214666420140285
72.27912764263014,1.2146664204067712
72.28912764263015,1.2146664206721625
72.29912764263014,1.2146664209364637
72.30912764263014,1.214666421199679
72.31912764263015,1.2146664214618124
72.32912764263014,1.2146664217228684
72.33912764263015,1.2146664219828514
72.34912764263015,1.2146664222417654
72.35912764263016,1.2146664224996147
72.36912764263016,1.2146664227564035
72.37912764263015,1.214666423012136
72.38912764263016,1.2146664232668165
72.39912764263016,1.2146664235204492
72.40912764263015,1.2146664237730378
72.41912764263016,1.2146664240245868
72.42912764263016,1.2146664242751002
72.43912764263017,1.2146664245245824
72.44912764263017,1.214666424773037
72.45912764263016,1.2146664250204682
72.46912764263017,1.2146664252668804
72.47912764263017,1.2146664255122772
72.48912764263017,1.2146664257566628
72.49912764263017,1.2146664260000413
72.50912764263018,1.2146664262424165
72.51912764263018,1.2146664264837925
72.52912764263019,1.2146664267241734
72.53912764263018,1.2146664269635628
72.54912764263018,1.2146664272019647
72.55912764263019,1.2146664274393832
72.56912764263018,1.2146664276758223
72.57912764263018,1.2146664279112858
72.58912764263019,1.214666428145777
72.5991276426302,1.2146664283793007
72.6091276426302,1.21466642861186
72.61912764263019,1.2146664288434592
72.6291276426302,1.2146664290741018
72.6391276426302,1.2146664293037919
72.64912764263019,1.214666429532533
72.6591276426302,1.214666429760329
72.6691276426302,1.2146664299871834
72.6791276426302,1.2146664302131003
72.68912764263021,1.2146664304380832
72.6991276426302,1.214666430662136
72.70912764263021,1.2146664308852624
72.71912764263021,1.214666431107466
72.7291276426302,1.2146664313287503
72.73912764263021,1.2146664315491194
72.74912764263021,1.2146664317685765
72.75912764263022,1.2146664319871252
72.76912764263022,1.2146664322047696
72.77912764263021,1.2146664324215128
72.78912764263022,1.2146664326373586
72.79912764263022,1.2146664328523107
72.80912764263022,1.2146664330663723
72.81912764263022,1.2146664332795476
72.82912764263023,1.2146664334918393
72.83912764263023,1.2146664337032516
72.84912764263024,1.2146664339137874
72.85912764263023,1.2146664341234508
72.86912764263023,1.2146664343322449
72.87912764263024,1.2146664345401734
72.88912764263023,1.2146664347472393
72.89912764263023,1.2146664349534466
72.90912764263024,1.2146664351587986
72.91912764263024,1.2146664353632985
72.92912764263025,1.2146664355669496
72.93912764263024,1.2146664357697556
72.94912764263024,1.2146664359717199
72.95912764263025,1.2146664361728456
72.96912764263024,1.2146664363731363
72.97912764263025,1.2146664365725952
72.98912764263025,1.2146664367712254
72.99912764263026,1.2146664369690308
73.00912764263026,1.2146664371660139
73.01912764263025,1.2146664373621787
73.02912764263026,1.2146664375575282
73.03912764263026,1.2146664377520657
73.04912764263025,1.2146664379457943
73.05912764263026,1.2146664381387173
73.06912764263026,1.214666438330838
73.07912764263027,1.2146664385221597
73.08912764263027,1.2146664387126853
73.09912764263026,1.2146664389024182
73.10912764263027,1.2146664390913617
73.11912764263027,1.2146664392795186
73.12912764263027,1.2146664394668922
73.13912764263027,1.2146664396534859
73.14912764263028,1.2146664398393026
73.15912764263028,1.2146664400243452
73.16912764263029,1.2146664402086171
73.17912764263028,1.2146664403921212
73.18912764263028,1.2146664405748608
73.19912764263029,1.214666440756839
73.20912764263028,1.2146664409380585
73.21912764263028,1.2146664411185226
73.22912764263029,1.2146664412982344
73.2391276426303,1.2146664414771968
73.2491276426303,1.2146664416554125
73.25912764263029,1.2146664418328852
73.2691276426303,1.2146664420096172
73.2791276426303,1.214666442185612
73.28912764263029,1.214666442360872
73.2991276426303,1.2146664425354006
73.3091276426303,1.2146664427092007
73.3191276426303,1.214666442882275
73.32912764263031,1.2146664430546266
73.3391276426303,1.2146664432262584
73.34912764263031,1.2146664433971732
73.35912764263031,1.214666443567374
73.3691276426303,1.2146664437368635
73.37912764263031,1.2146664439056447
73.38912764263031,1.2146664440737205
73.39912764263032,1.2146664442410935
73.40912764263032,1.2146664444077668
73.41912764263031,1.214666444573743
73.42912764263032,1.214666444739025
73.43912764263032,1.2146664449036157
73.44912764263032,1.2146664450675178
73.45912764263032,1.2146664452307339
73.46912764263033,1.214666445393267
73.47912764263033,1.2146664455551197
73.48912764263034,1.214666445716295
73.49912764263033,1.2146664458767953
73.50912764263033,1.2146664460366234
73.51912764263034,1.2146664461957821
73.52912764263033,1.2146664463542742
73.53912764263033,1.2146664465121022
73.54912764263034,1.2146664466692687
73.55912764263034,1.2146664468257766
73.56912764263035,1.2146664469816284
73.57912764263034,1.214666447136827
73.58912764263034,1.2146664472913744
73.59912764263035,1.214666447445274
73.60912764263034,1.214666447598528
73.61912764263035,1.2146664477511393
73.62912764263035,1.21466644790311
73.63912764263036,1.2146664480544431
73.64912764263036,1.2146664482051412
73.65912764263035,1.2146664483552065
73.66912764263036,1.214666448504642
73.67912764263036,1.2146664486534497
73.68912764263035,1.2146664488016328
73.69912764263036,1.2146664489491932
73.70912764263036,1.2146664490961339
73.71912764263037,1.2146664492424573
73.72912764263037,1.2146664493881656
73.73912764263036,1.2146664495332615
73.74912764263037,1.2146664496777475
73.75912764263038,1.214666449821626
73.76912764263037,1.2146664499648998
73.77912764263037,1.2146664501075708
73.78912764263038,1.2146664502496418
73.79912764263038,1.2146664503911149
73.80912764263039,1.2146664505319928
73.81912764263038,1.2146664506722782
73.82912764263038,1.2146664508119729
73.83912764263039,1.2146664509510796
73.84912764263038,1.2146664510896006
73.85912764263038,1.2146664512275382
73.86912764263039,1.214666451364895
73.8791276426304,1.2146664515016734
73.8891276426304,1.2146664516378753
73.89912764263039,1.2146664517735035
73.9091276426304,1.2146664519085602
73.9191276426304,1.2146664520430475
73.92912764263039,1.214666452176968
73.9391276426304,1.2146664523103237
73.9491276426304,1.2146664524431172
73.9591276426304,1.2146664525753506
73.96912764263041,1.2146664527070263
73.9791276426304,1.2146664528381466
73.98912764263041,1.2146664529687135
73.99912764263041,1.2146664530987294
74.0091276426304,1.2146664532281966
74.01912764263041,1.2146664533571172
74.02912764263041,1.2146664534854934
74.03912764263042,1.2146664536133278
74.04912764263042,1.2146664537406222
74.05912764263041,1.2146664538673788
74.06912764263042,1.2146664539935998
74.07912764263043,1.2146664541192878
74.08912764263042,1.2146664542444445
74.09912764263042,1.2146664543690722
74.10912764263043,1.2146664544931731
74.11912764263043,1.2146664546167494
74.12912764263044,1.214666454739803
74.13912764263043,1.214666454862336
74.14912764263043,1.214666454984351
74.15912764263044,1.2146664551058497
74.16912764263043,1.2146664552268345
74.17912764263043,1.214666455347307
74.18912764263044,1.2146664554672697
74.19912764263044,1.2146664555867246
74.20912764263045,1.2146664557056739
74.21912764263044,1.2146664558241191
74.22912764263044,1.214666455942063
74.23912764263045,1.2146664560595073
74.24912764263044,1.214666456176454
74.25912764263045,1.214666456292905
74.26912764263045,1.214666456408863
74.27912764263046,1.214666456524329
74.28912764263046,1.2146664566393057
74.29912764263045,1.214666456753795
74.30912764263046,1.2146664568677987
74.31912764263046,1.2146664569813188
74.32912764263045,1.2146664570943577
74.33912764263046,1.2146664572069168
74.34912764263046,1.2146664573189985
74.35912764263047,1.2146664574306043
74.36912764263047,1.2146664575417365
74.37912764263046,1.2146664576523971
74.38912764263047,1.2146664577625876
74.39912764263048,1.2146664578723105
74.40912764263047,1.2146664579815671
74.41912764263047,1.2146664580903597
74.42912764263048,1.2146664581986903
74.43912764263048,1.2146664583065605
74.44912764263049,1.2146664584139721
74.45912764263048,1.2146664585209275
74.46912764263048,1.214666458627428
74.47912764263049,1.2146664587334757
74.48912764263048,1.2146664588390725
74.49912764263048,1.2146664589442202
74.50912764263049,1.2146664590489207
74.5191276426305,1.2146664591531757
74.5291276426305,1.2146664592569874
74.53912764263049,1.2146664593603569
74.5491276426305,1.2146664594632866
74.5591276426305,1.2146664595657781
74.56912764263049,1.2146664596678334
74.5791276426305,1.2146664597694539
74.5891276426305,1.2146664598706418
74.5991276426305,1.2146664599713985
74.60912764263051,1.2146664600717263
74.6191276426305,1.2146664601716264
74.62912764263051,1.2146664602711006
74.63912764263051,1.2146664603701511
74.6491276426305,1.2146664604687794
74.65912764263051,1.214666460566987
74.66912764263051,1.214666460664776
74.67912764263052,1.2146664607621476
74.68912764263052,1.2146664608591042
74.69912764263051,1.214666460955647
74.70912764263052,1.2146664610517781
74.71912764263053,1.2146664611474987
74.72912764263052,1.2146664612428109
74.73912764263052,1.2146664613377163
74.74912764263053,1.2146664614322165
74.75912764263053,1.214666461526313
74.76912764263054,1.2146664616200078
74.77912764263053,1.2146664617133025
74.78912764263053,1.2146664618061984
74.79912764263054,1.2146664618986975
74.80912764263053,1.2146664619908014
74.81912764263053,1.2146664620825116
74.82912764263054,1.2146664621738297
74.83912764263054,1.2146664622647574
74.84912764263055,1.2146664623552963
74.85912764263054,1.214666462445448
74.86912764263054,1.2146664625352142
74.87912764263055,1.2146664626245962
74.88912764263054,1.214666462713596
74.89912764263055,1.2146664628022148
74.90912764263055,1.2146664628904542
74.91912764263056,1.2146664629783162
74.92912764263056,1.2146664630658017
74.93912764263055,1.214666463152913
74.94912764263056,1.2146664632396509
74.95912764263056,1.2146664633260174
74.96912764263055,1.214666463412014
74.97912764263056,1.2146664634976418
74.98912764263056,1.214666463582903
74.99912764263057,1.2146664636677986
75.00912764263057,1.2146664637523306
75.01912764263056,1.2146664638365001
75.02912764263057,1.2146664639203084
75.03912764263058,1.2146664640037577
75.04912764263057,1.2146664640868488
75.05912764263057,1.2146664641695835
75.06912764263058,1.2146664642519633
75.07912764263058,1.2146664643339895
75.08912764263059,1.2146664644156637
75.09912764263058,1.2146664644969873
75.10912764263058,1.214666464577962
75.11912764263059,1.2146664646585887
75.12912764263058,1.2146664647388694
75.13912764263058,1.214666464818805
75.14912764263059,1.2146664648983976
75.1591276426306,1.214666464977648
75.1691276426306,1.214666465056558
75.17912764263059,1.2146664651351287
75.1891276426306,1.2146664652133616
75.1991276426306,1.2146664652912584
75.20912764263059,1.2146664653688202
75.2191276426306,1.2146664654460486
75.2291276426306,1.2146664655229447
75.2391276426306,1.2146664655995099
75.24912764263061,1.2146664656757458
75.2591276426306,1.2146664657516537
75.26912764263061,1.2146664658272348
75.27912764263061,1.2146664659024908
75.2891276426306,1.2146664659774227
75.29912764263061,1.214666466052032
75.30912764263061,1.21466646612632
75.31912764263062,1.214666466200288
75.32912764263062,1.2146664662739375
75.33912764263061,1.2146664663472697
75.34912764263062,1.2146664664202858
75.35912764263063,1.2146664664929874
75.36912764263062,1.2146664665653755
75.37912764263062,1.2146664666374516
75.38912764263063,1.2146664667092169
75.39912764263063,1.2146664667806728
75.40912764263064,1.2146664668518206
75.41912764263063,1.2146664669226612
75.42912764263063,1.2146664669931964
75.43912764263064,1.2146664670634273
75.44912764263063,1.2146664671333551
75.45912764263063,1.214666467202981
75.46912764263064,1.2146664672723064
75.47912764263064,1.2146664673413325
75.48912764263065,1.2146664674100605
75.49912764263064,1.2146664674784917
75.50912764263065,1.2146664675466274
75.51912764263065,1.2146664676144687
75.52912764263064,1.214666467682017
75.53912764263065,1.2146664677492731
75.54912764263065,1.2146664678162387
75.55912764263066,1.2146664678829149
75.56912764263066,1.2146664679493027
75.57912764263065,1.2146664680154033
75.58912764263066,1.2146664680812183
75.59912764263066,1.2146664681467485
75.60912764263065,1.2146664682119952
75.61912764263066,1.2146664682769597
75.62912764263066,1.214666468341643
75.63912764263067,1.2146664684060466
75.64912764263067,1.2146664684701711
75.65912764263066,1.214666468534018
75.66912764263067,1.2146664685975888
75.67912764263068,1.2146664686608841
75.68912764263067,1.214666468723905
75.69912764263067,1.2146664687866533
75.70912764263068,1.2146664688491295
75.71912764263068,1.2146664689113351
75.72912764263069,1.2146664689732711
75.73912764263068,1.2146664690349385
75.74912764263068,1.2146664690963387
75.75912764263069,1.2146664691574727
75.76912764263068,1.2146664692183413
75.77912764263068,1.2146664692789462
75.78912764263069,1.2146664693392881
75.7991276426307,1.2146664693993683
75.8091276426307,1.2146664694591878
75.81912764263069,1.2146664695187477
75.8291276426307,1.214666469578049
75.8391276426307,1.2146664696370928
75.84912764263069,1.2146664696958802
75.8591276426307,1.2146664697544125
75.8691276426307,1.2146664698126906
75.8791276426307,1.2146664698707155
75.88912764263071,1.2146664699284884
75.8991276426307,1.2146664699860101
75.90912764263071,1.2146664700432819
75.91912764263071,1.214666470100305
75.9291276426307,1.21466647015708
75.93912764263071,1.214666470213608
75.94912764263071,1.2146664702698904
75.95912764263072,1.214666470325928
75.96912764263072,1.2146664703817218
75.97912764263071,1.214666470437273
75.98912764263072,1.2146664704925825
75.99912764263073,1.2146664705476513
76.00912764263072,1.2146664706024803
76.01912764263072,1.2146664706570707
76.02912764263073,1.2146664707114234
76.03912764263073,1.2146664707655397
76.04912764263074,1.21466647081942
76.05912764263073,1.2146664708730657
76.06912764263073,1.2146664709264778
76.07912764263074,1.214666470979657
76.08912764263073,1.2146664710326047
76.09912764263073,1.2146664710853214
76.10912764263074,1.2146664711378086
76.11912764263074,1.2146664711900668
76.12912764263075,1.2146664712420971
76.13912764263074,1.2146664712939006
76.14912764263075,1.2146664713454782
76.15912764263075,1.2146664713968307
76.16912764263074,1.2146664714479594
76.17912764263075,1.2146664714988646
76.18912764263075,1.214666471549548
76.19912764263076,1.21466647160001
76.20912764263076,1.2146664716502518
76.21912764263075,1.2146664717002742
76.22912764263076,1.2146664717500781
76.23912764263076,1.2146664717996645
76.24912764263075,1.2146664718490343
76.25912764263076,1.2146664718981885
76.26912764263076,1.2146664719471278
76.27912764263077,1.2146664719958535
76.28912764263077,1.214666472044366
76.29912764263076,1.2146664720926665
76.30912764263077,1.2146664721407558
76.31912764263078,1.2146664721886349
76.32912764263077,1.2146664722363045
76.33912764263077,1.2146664722837657
76.34912764263078,1.2146664723310192
76.35912764263078,1.2146664723780658
76.36912764263079,1.2146664724249068
76.37912764263078,1.2146664724715426
76.38912764263078,1.2146664725179743
76.39912764263079,1.214666472564203
76.40912764263078,1.214666472610229
76.41912764263078,1.2146664726560534
76.42912764263079,1.2146664727016772
76.4391276426308,1.2146664727471013
76.4491276426308,1.214666472792326
76.45912764263079,1.2146664728373529
76.4691276426308,1.2146664728821823
76.4791276426308,1.2146664729268153
76.48912764263079,1.2146664729712524
76.4991276426308,1.2146664730154948
76.5091276426308,1.2146664730595433
76.5191276426308,1.2146664731033985
76.52912764263081,1.2146664731470613
76.5391276426308,1.2146664731905328
76.54912764263081,1.2146664732338133
76.55912764263081,1.2146664732769037
76.5691276426308,1.2146664733198054
76.57912764263081,1.2146664733625183
76.58912764263081,1.214666473405044
76.59912764263082,1.2146664734473829
76.60912764263082,1.2146664734895358
76.61912764263081,1.2146664735315036
76.62912764263082,1.214666473573287
76.63912764263083,1.214666473614887
76.64912764263082,1.214666473656304
76.65912764263082,1.214666473697539
76.66912764263083,1.2146664737385928
76.67912764263083,1.2146664737794661
76.68912764263084,1.2146664738201596
76.69912764263083,1.2146664738606743
76.70912764263083,1.2146664739010107
76.71912764263084,1.2146664739411697
76.72912764263083,1.214666473981152
76.73912764263083,1.2146664740209583
76.74912764263084,1.2146664740605893
76.75912764263084,1.2146664741000461
76.76912764263085,1.214666474139329
76.77912764263084,1.214666474178439
76.78912764263085,1.214666474217377
76.79912764263085,1.2146664742561433
76.80912764263084,1.2146664742947388
76.81912764263085,1.2146664743331643
76.82912764263085,1.2146664743714206
76.83912764263086,1.2146664744095081
76.84912764263086,1.2146664744474278
76.85912764263085,1.2146664744851805
76.86912764263086,1.2146664745227667
76.87912764263086,1.2146664745601872
76.88912764263085,1.2146664745974425
76.89912764263086,1.2146664746345335
76.90912764263086,1.214666474671461
76.91912764263087,1.2146664747082254
76.92912764263087,1.2146664747448277
76.93912764263087,1.2146664747812683
76.94912764263087,1.2146664748175484
76.95912764263088,1.214666474853668
76.96912764263087,1.2146664748896283
76.97912764263087,1.2146664749254297
76.98912764263088,1.214666474961073
76.99912764263088,1.2146664749965588
77.00912764263089,1.2146664750318878
77.01912764263088,1.2146664750670608
77.02912764263088,1.2146664751020784
77.03912764263089,1.2146664751369411
77.04912764263088,1.2146664751716496
77.05912764263088,1.2146664752062049
77.06912764263089,1.2146664752406071
77.0791276426309,1.2146664752748575
77.0891276426309,1.214666475308956
77.09912764263089,1.214666475342904
77.1091276426309,1.2146664753767016
77.1191276426309,1.2146664754103496
77.12912764263089,1.2146664754438488
77.1391276426309,1.2146664754771996
77.1491276426309,1.2146664755104029
77.1591276426309,1.214666475543459
77.16912764263091,1.2146664755763688
77.1791276426309,1.2146664756091328
77.18912764263091,1.2146664756417518
77.19912764263091,1.214666475674226
77.2091276426309,1.2146664757065566
77.21912764263091,1.2146664757387438
77.22912764263091,1.2146664757707883
77.23912764263092,1.2146664758026908
77.24912764263092,1.2146664758344516
77.25912764263092,1.214666475866072
77.26912764263092,1.2146664758975518
77.27912764263093,1.214666475928892
77.28912764263092,1.2146664759600934
77.29912764263092,1.214666475991156
77.30912764263093,1.214666476022081
77.31912764263093,1.2146664760528687
77.32912764263094,1.2146664760835195
77.33912764263093,1.2146664761140347
77.34912764263093,1.214666476144414
77.35912764263094,1.2146664761746586
77.36912764263093,1.2146664762047688
77.37912764263093,1.2146664762347452
77.38912764263094,1.2146664762645885
77.39912764263094,1.214666476294299
77.40912764263095,1.2146664763238775
77.41912764263094,1.2146664763533246
77.42912764263095,1.2146664763826407
77.43912764263095,1.2146664764118265
77.44912764263094,1.2146664764408825
77.45912764263095,1.2146664764698094
77.46912764263095,1.2146664764986075
77.47912764263096,1.2146664765272774
77.48912764263096,1.21466647655582
77.49912764263095,1.2146664765842354
77.50912764263096,1.2146664766125244
77.51912764263096,1.2146664766406872
77.52912764263095,1.2146664766687247
77.53912764263096,1.2146664766966375
77.54912764263096,1.214666476724426
77.55912764263097,1.2146664767520907
77.56912764263097,1.2146664767796322
77.57912764263097,1.214666476807051
77.58912764263097,1.2146664768343474
77.59912764263098,1.2146664768615223
77.60912764263097,1.214666476888576
77.61912764263097,1.214666476915509
77.62912764263098,1.2146664769423223
77.63912764263098,1.2146664769690156
77.64912764263099,1.21466647699559
77.65912764263098,1.2146664770220459
77.66912764263098,1.2146664770483837
77.67912764263099,1.214666477074604
77.68912764263098,1.2146664771007074
77.69912764263098,1.2146664771266942
77.70912764263099,1.2146664771525648
77.719127642631,1.2146664771783202
77.729127642631,1.2146664772039604
77.73912764263099,1.2146664772294862
77.749127642631,1.2146664772548978
77.759127642631,1.214666477280196
77.76912764263099,1.2146664773053812
77.779127642631,1.2146664773304539
77.789127642631,1.2146664773554146
77.799127642631,1.2146664773802636
77.80912764263101,1.2146664774050013
77.819127642631,1.2146664774296285
77.82912764263101,1.2146664774541458
77.83912764263101,1.2146664774785534
77.849127642631,1.2146664775028515
77.85912764263101,1.2146664775270413
77.86912764263101,1.2146664775511224
77.87912764263102,1.2146664775750962
77.88912764263102,1.2146664775989624
77.89912764263102,1.2146664776227218
77.90912764263102,1.214666477646375
77.91912764263103,1.214666477669922
77.92912764263102,1.2146664776933638
77.93912764263102,1.2146664777167004
77.94912764263103,1.2146664777399327
77.95912764263103,1.2146664777630607
77.96912764263104,1.2146664777860852
77.97912764263103,1.2146664778090064
77.98912764263103,1.2146664778318248
77.99912764263104,1.214666477854541
78.00912764263103,1.2146664778771554
78.01912764263103,1.214666477899668
78.02912764263104,1.2146664779220802
78.03912764263104,1.2146664779443914
78.04912764263105,1.2146664779666028
78.05912764263104,1.2146664779887144
78.06912764263105,1.2146664780107268
78.07912764263105,1.2146664780326404
78.08912764263104,1.2146664780544556
78.09912764263105,1.214666478076173
78.10912764263105,1.2146664780977927
78.11912764263106,1.2146664781193155
78.12912764263106,1.2146664781407415
78.13912764263105,1.214666478162071
78.14912764263106,1.214666478183305
78.15912764263106,1.2146664782044434
78.16912764263105,1.214666478225487
78.17912764263106,1.2146664782464358
78.18912764263106,1.2146664782672905
78.19912764263107,1.2146664782880514
78.20912764263107,1.214666478308719
78.21912764263107,1.2146664783292938
78.22912764263107,1.2146664783497756
78.23912764263108,1.2146664783701655
78.24912764263107,1.214666478390464
78.25912764263107,1.2146664784106707
78.26912764263108,1.2146664784307863
78.27912764263108,1.2146664784508117
78.28912764263109,1.2146664784707468
78.29912764263108,1.2146664784905923
78.30912764263108,1.2146664785103485
78.31912764263109,1.2146664785300154
78.32912764263108,1.2146664785495938
78.33912764263108,1.2146664785690842
78.34912764263109,1.2146664785884864
78.3591276426311,1.2146664786078014
78.3691276426311,1.2146664786270294
78.37912764263109,1.2146664786461705
78.3891276426311,1.2146664786652255
78.3991276426311,1.2146664786841943
78.40912764263109,1.2146664787030779
78.4191276426311,1.214666478721876
78.4291276426311,1.2146664787405894
78.4391276426311,1.2146664787592183
78.44912764263111,1.2146664787777635
78.4591276426311,1.2146664787962247
78.46912764263111,1.2146664788146024
78.47912764263111,1.2146664788328974
78.4891276426311,1.2146664788511097
78.49912764263111,1.2146664788692396
78.50912764263111,1.2146664788872878
78.51912764263112,1.2146664789052546
78.52912764263112,1.21466647892314
78.53912764263112,1.2146664789409447
78.54912764263112,1.2146664789586687
78.55912764263113,1.2146664789763129
78.56912764263112,1.2146664789938773
78.57912764263112,1.214666479011362
78.58912764263113,1.2146664790287678
78.59912764263113,1.214666479046095
78.60912764263114,1.2146664790633437
78.61912764263113,1.2146664790805144
78.62912764263113,1.2146664790976074
78.63912764263114,1.2146664791146229
78.64912764263113,1.2146664791315618
78.65912764263113,1.2146664791484236
78.66912764263114,1.2146664791652093
78.67912764263114,1.2146664791819188
78.68912764263115,1.2146664791985529
78.69912764263114,1.2146664792151114
78.70912764263115,1.214666479231595
78.71912764263115,1.214666479248004
78.72912764263114,1.2146664792643385
78.73912764263115,1.214666479280599
78.74912764263115,1.2146664792967858
78.75912764263116,1.2146664793128994
78.76912764263116,1.2146664793289397
78.77912764263115,1.2146664793449073
78.78912764263116,1.2146664793608026
78.79912764263116,1.2146664793766258
78.80912764263115,1.2146664793923772
78.81912764263116,1.214666479408057
78.82912764263116,1.214666479423666
78.83912764263117,1.2146664794392037
78.84912764263117,1.2146664794546713
78.85912764263117,1.2146664794700683
78.86912764263117,1.2146664794853956
78.87912764263118,1.2146664795006532
78.88912764263117,1.2146664795158415
78.89912764263117,1.214666479530961
78.90912764263118,1.2146664795460116
78.91912764263118,1.214666479560994
78.92912764263119,1.2146664795759081
78.93912764263118,1.2146664795907547
78.94912764263118,1.2146664796055335
78.95912764263119,1.2146664796202453
78.96912764263118,1.2146664796348903
78.97912764263118,1.2146664796494684
78.98912764263119,1.2146664796639803
78.9991276426312,1.2146664796784263
79.0091276426312,1.2146664796928066
79.01912764263119,1.2146664797071214
79.0291276426312,1.2146664797213709
79.0391276426312,1.2146664797355557
79.04912764263119,1.2146664797496758
79.0591276426312,1.2146664797637319
79.0691276426312,1.2146664797777238
79.0791276426312,1.214666479791652
79.08912764263121,1.2146664798055167
79.0991276426312,1.2146664798193183
79.10912764263121,1.2146664798330569
79.11912764263121,1.214666479846733
79.1291276426312,1.2146664798603468
79.13912764263121,1.2146664798738984
79.14912764263121,1.2146664798873885
79.15912764263122,1.2146664799008169
79.16912764263122,1.214666479914184
79.17912764263122,1.2146664799274902
79.18912764263122,1.2146664799407358
79.19912764263123,1.2146664799539209
79.20912764263122,1.214666479967046
79.21912764263122,1.2146664799801108
79.22912764263123,1.2146664799931162
79.23912764263123,1.2146664800060623
79.24912764263124,1.2146664800189493
79.25912764263123,1.2146664800317772
79.26912764263123,1.2146664800445468
79.27912764263124,1.2146664800572582
79.28912764263123,1.2146664800699112
79.29912764263123,1.2146664800825064
79.30912764263124,1.2146664800950444
79.31912764263124,1.2146664801075246
79.32912764263125,1.2146664801199483
79.33912764263124,1.2146664801323148
79.34912764263125,1.214666480144625
79.35912764263125,1.2146664801568787
79.36912764263124,1.2146664801690765
79.37912764263125,1.2146664801812184
79.38912764263125,1.214666480193305
79.39912764263126,1.214666480205336
79.40912764263126,1.2146664802173122
79.41912764263125,1.2146664802292333
79.42912764263126,1.2146664802411
79.43912764263126,1.2146664802529124
79.44912764263125,1.2146664802646707
79.45912764263126,1.2146664802763751
79.46912764263126,1.214666480288026
79.47912764263127,1.2146664802996234
79.48912764263127,1.2146664803111678
79.49912764263127,1.2146664803226592
79.50912764263127,1.214666480334098
79.51912764263128,1.2146664803454843
79.52912764263127,1.2146664803568186
79.53912764263127,1.2146664803681007
79.54912764263128,1.2146664803793312
79.55912764263128,1.2146664803905103
79.56912764263129,1.2146664804016378
79.57912764263128,1.2146664804127145
79.58912764263128,1.2146664804237404
79.59912764263129,1.2146664804347156
79.60912764263128,1.2146664804456406
79.61912764263128,1.2146664804565153
79.62912764263129,1.2146664804673402
79.6391276426313,1.2146664804781153
79.6491276426313,1.214666480488841
79.65912764263129,1.2146664804995173
79.6691276426313,1.2146664805101446
79.6791276426313,1.2146664805207232
79.68912764263129,1.214666480531253
79.6991276426313,1.2146664805417346
79.7091276426313,1.214666480552168
79.7191276426313,1.2146664805625536
79.72912764263131,1.214666480572891
79.7391276426313,1.2146664805831813
79.74912764263131,1.2146664805934242
79.75912764263131,1.2146664806036198
79.7691276426313,1.2146664806137686
79.77912764263131,1.2146664806238707
79.78912764263131,1.2146664806339265
79.79912764263132,1.214666480643936
79.80912764263132,1.2146664806538991
79.81912764263132,1.2146664806638168
79.82912764263132,1.2146664806736887
79.83912764263133,1.214666480683515
79.84912764263132,1.214666480693296
79.85912764263132,1.214666480703032
79.86912764263133,1.2146664807127232
79.87912764263133,1.2146664807223697
79.88912764263134,1.214666480731972
79.89912764263133,1.21466648074153
79.90912764263133,1.2146664807510437
79.91912764263134,1.2146664807605136
79.92912764263133,1.21466648076994
79.93912764263133,1.2146664807793228
79.94912764263134,1.2146664807886625
79.95912764263134,1.214666480797959
79.96912764263135,1.2146664808072125
79.97912764263134,1.2146664808164234
79.98912764263135,1.214666480825592
79.99912764263135,1.214666480834718
80.00912764263134,1.2146664808438021
80.01912764263135,1.214666480852844
80.02912764263135,1.2146664808618444
80.03912764263136,1.2146664808708032
80.04912764263136,1.2146664808797207
80.05912764263135,1.2146664808885967
80.06912764263136,1.214666480897432
80.07912764263136,1.2146664809062264
80.08912764263135,1.21466648091498
80.09912764263136,1.2146664809236936
80.10912764263136,1.2146664809323666
80.11912764263137,1.2146664809409995
80.12912764263137,1.2146664809495924
80.13912764263137,1.2146664809581458
80.14912764263137,1.2146664809666594
80.15912764263138,1.2146664809751337
80.16912764263137,1.214666480983569
80.17912764263137,1.2146664809919652
80.18912764263138,1.2146664810003225
80.19912764263138,1.214666481008641
80.20912764263139,1.2146664810169212
80.21912764263138,1.2146664810251628
80.22912764263138,1.2146664810333665
80.23912764263139,1.2146664810415322
80.24912764263138,1.21466648104966
80.25912764263138,1.21466648105775
80.26912764263139,1.2146664810658028
80.2791276426314,1.2146664810738181
80.2891276426314,1.2146664810817964
80.29912764263139,1.2146664810897376
80.3091276426314,1.214666481097642
80.3191276426314,1.21466648110551
80.32912764263139,1.2146664811133412
80.3391276426314,1.214666481121136
80.3491276426314,1.214666481128895
80.3591276426314,1.214666481136618
80.36912764263141,1.2146664811443049
80.3791276426314,1.2146664811519563
80.38912764263141,1.2146664811595722
80.39912764263141,1.2146664811671526
80.4091276426314,1.214666481174698
80.41912764263141,1.2146664811822083
80.42912764263141,1.2146664811896837
80.43912764263142,1.2146664811971244
80.44912764263142,1.2146664812045307
80.45912764263142,1.2146664812119023
80.46912764263142,1.2146664812192398
80.47912764263143,1.2146664812265433
80.48912764263142,1.2146664812338128
80.49912764263142,1.2146664812410486
80.50912764263143,1.2146664812482506
80.51912764263143,1.2146664812554193
80.52912764263144,1.2146664812625545
80.53912764263143,1.2146664812696566
80.54912764263143,1.2146664812767256
80.55912764263144,1.2146664812837618
80.56912764263143,1.2146664812907653
80.57912764263143,1.2146664812977361
80.58912764263144,1.2146664813046744
80.59912764263144,1.2146664813115806
80.60912764263145,1.2146664813184544
80.61912764263144,1.2146664813252963
80.62912764263145,1.2146664813321064
80.63912764263145,1.214666481338885
80.64912764263144,1.2146664813456318
80.65912764263145,1.2146664813523471
80.66912764263145,1.2146664813590313
80.67912764263146,1.2146664813656842
80.68912764263146,1.2146664813723063
80.69912764263145,1.2146664813788972
80.70912764263146,1.2146664813854575
80.71912764263146,1.2146664813919874
80.72912764263145,1.2146664813984867
80.73912764263146,1.2146664814049557
80.74912764263146,1.2146664814113945
80.75912764263147,1.2146664814178034
80.76912764263147,1.2146664814241823
80.77912764263147,1.2146664814305315
80.78912764263147,1.214666481436851
80.79912764263148,1.2146664814431412
80.80912764263147,1.2146664814494017
80.81912764263147,1.2146664814556332
80.82912764263148,1.2146664814618355
80.83912764263148,1.2146664814680088
80.84912764263149,1.2146664814741535
80.85912764263148,1.2146664814802692
80.86912764263148,1.2146664814863566
80.87912764263149,1.2146664814924155
80.88912764263148,1.2146664814984458
80.89912764263148,1.2146664815044481
80.90912764263149,1.2146664815104224
80.9191276426315,1.2146664815163688
80.9291276426315,1.2146664815222874
80.93912764263149,1.2146664815281782
80.9491276426315,1.2146664815340416
80.9591276426315,1.2146664815398776
80.96912764263149,1.214666481545686
80.9791276426315,1.2146664815514674
80.9891276426315,1.2146664815572217
80.9991276426315,1.214666481562949
81.00912764263151,1.2146664815686496
81.0191276426315,1.2146664815743236
81.02912764263151,1.2146664815799708
81.03912764263151,1.2146664815855917
81.0491276426315,1.2146664815911863
81.05912764263151,1.2146664815967547
81.06912764263151,1.214666481602297
81.07912764263152,1.2146664816078132
81.08912764263152,1.2146664816133037
81.09912764263152,1.2146664816187684
81.10912764263152,1.2146664816242074
81.11912764263153,1.214666481629621
81.12912764263152,1.2146664816350092
81.13912764263152,1.2146664816403723
81.14912764263153,1.21466648164571
81.15912764263153,1.2146664816510226
81.16912764263154,1.2146664816563106
81.17912764263153,1.2146664816615735
81.18912764263153,1.2146664816668118
81.19912764263154,1.2146664816720256
81.20912764263153,1.2146664816772148
81.21912764263153,1.2146664816823796
81.22912764263154,1.2146664816875203
81.23912764263154,1.2146664816926367
81.24912764263155,1.2146664816977293
81.25912764263154,1.214666481702798
81.26912764263155,1.2146664817078425
81.27912764263155,1.2146664817128636
81.28912764263154,1.214666481717861
81.29912764263155,1.2146664817228348
81.30912764263155,1.2146664817277855
81.31912764263156,1.2146664817327126
81.32912764263156,1.2146664817376167
81.33912764263155,1.2146664817424977
81.34912764263156,1.2146664817473558
81.35912764263156,1.214666481752191
81.36912764263155,1.2146664817570034
81.37912764263156,1.2146664817617934
81.38912764263156,1.2146664817665607
81.39912764263157,1.2146664817713055
81.40912764263157,1.214666481776028
81.41912764263157,1.2146664817807284
81.42912764263157,1.2146664817854065
81.43912764263158,1.2146664817900625
81.44912764263157,1.2146664817946968
81.45912764263157,1.2146664817993091
81.46912764263158,1.2146664818038997
81.47912764263158,1.2146664818084687
81.48912764263159,1.2146664818130162
81.49912764263158,1.214666481817542
81.50912764263158,1.214666481822047
81.51912764263159,1.2146664818265305
81.52912764263158,1.2146664818309927
81.53912764263158,1.214666481835434
81.54912764263159,1.2146664818398543
81.5591276426316,1.2146664818442536
81.5691276426316,1.2146664818486324
81.57912764263159,1.2146664818529904
81.5891276426316,1.2146664818573278
81.5991276426316,1.214666481861645
81.60912764263159,1.2146664818659416
81.6191276426316,1.214666481870218
81.6291276426316,1.2146664818744741
81.6391276426316,1.21466648187871
81.64912764263161,1.2146664818829263
81.6591276426316,1.2146664818871222
81.66912764263161,1.2146664818912987
81.67912764263161,1.2146664818954551
81.6891276426316,1.214666481899592
81.69912764263161,1.2146664819037094
81.70912764263161,1.2146664819078072
81.71912764263162,1.2146664819118858
81.72912764263162,1.2146664819159452
81.73912764263162,1.214666481919985
81.74912764263162,1.214666481924006
81.75912764263163,1.214666481928008
81.76912764263162,1.214666481931991
81.77912764263162,1.2146664819359552
81.78912764263163,1.2146664819399005
81.79912764263163,1.2146664819438273
81.80912764263164,1.2146664819477353
81.81912764263163,1.214666481951625
81.82912764263163,1.2146664819554962
81.83912764263164,1.2146664819593491
81.84912764263163,1.2146664819631836
81.85912764263163,1.2146664819670001
81.86912764263164,1.2146664819707984
81.87912764263164,1.2146664819745787
81.88912764263165,1.2146664819783413
81.89912764263164,1.2146664819820858
81.90912764263165,1.2146664819858128
81.91912764263165,1.2146664819895219
81.92912764263164,1.2146664819932136
81.93912764263165,1.2146664819968875
81.94912764263165,1.2146664820005444
81.95912764263166,1.2146664820041837
81.96912764263166,1.2146664820078057
81.97912764263165,1.2146664820114106
81.98912764263166,1.2146664820149984
81.99912764263166,1.214666482018569
82.00912764263165,1.214666482022123
82.01912764263166,1.2146664820256599
82.02912764263166,1.21466648202918
82.03912764263167,1.2146664820326833
82.04912764263167,1.2146664820361701
82.05912764263167,1.2146664820396404
82.06912764263167,1.2146664820430941
82.07912764263168,1.2146664820465314
82.08912764263167,1.2146664820499524
82.09912764263167,1.214666482053357
82.10912764263168,1.2146664820567457
82.11912764263168,1.214666482060118
82.12912764263169,1.2146664820634745
82.13912764263168,1.214666482066815
82.14912764263168,1.2146664820701394
82.15912764263169,1.214666482073448
82.16912764263168,1.2146664820767412
82.17912764263168,1.2146664820800184
82.18912764263169,1.2146664820832802
82.1991276426317,1.2146664820865265
82.2091276426317,1.2146664820897572
82.21912764263169,1.2146664820929725
82.2291276426317,1.2146664820961726
82.2391276426317,1.2146664820993573
82.24912764263169,1.214666482102527
82.2591276426317,1.2146664821056816
82.2691276426317,1.214666482108821
82.2791276426317,1.2146664821119457
82.28912764263171,1.2146664821150552
82.2991276426317,1.21466648211815
82.30912764263171,1.2146664821212303
82.31912764263171,1.2146664821242956
82.3291276426317,1.2146664821273465
82.33912764263171,1.2146664821303828
82.34912764263171,1.2146664821334046
82.35912764263172,1.214666482136412
82.36912764263172,1.2146664821394049
82.37912764263172,1.2146664821423836
82.38912764263172,1.2146664821453481
82.39912764263173,1.2146664821482984
82.40912764263172,1.2146664821512347
82.41912764263172,1.214666482154157
82.42912764263173,1.2146664821570654
82.43912764263173,1.2146664821599598
82.44912764263174,1.2146664821628403
82.45912764263173,1.2146664821657072
82.46912764263173,1.2146664821685604
82.47912764263174,1.2146664821714
82.48912764263173,1.2146664821742257
82.49912764263173,1.214666482177038
82.50912764263174,1.2146664821798372
82.51912764263174,1.214666482182623
82.52912764263175,1.2146664821853952
82.53912764263174,1.214666482188154
82.54912764263175,1.2146664821909001
82.55912764263175,1.2146664821936328
82.56912764263174,1.2146664821963524
82.57912764263175,1.2146664821990591
82.58912764263175,1.2146664822017528
82.59912764263176,1.2146664822044335
82.60912764263176,1.2146664822071014
82.61912764263175,1.2146664822097566
82.62912764263176,1.2146664822123991
82.63912764263176,1.214666482215029
82.64912764263175,1.214666482217646
82.65912764263176,1.2146664822202509
82.66912764263176,1.214666482222843
82.67912764263177,1.214666482225423
82.68912764263177,1.2146664822279902
82.69912764263177,1.2146664822305455
82.70912764263177,1.2146664822330884
82.71912764263178,1.214666482235619
82.72912764263177,1.2146664822381377
82.73912764263177,1.214666482240644
82.74912764263178,1.2146664822431386
82.75912764263178,1.214666482245621
82.76912764263179,1.2146664822480915
82.77912764263178,1.2146664822505504
82.78912764263178,1.2146664822529973
82.79912764263179,1.2146664822554325
82.80912764263178,1.214666482257856
82.81912764263178,1.2146664822602677
82.82912764263179,1.214666482262668
82.8391276426318,1.2146664822650568
82.8491276426318,1.2146664822674342
82.85912764263179,1.2146664822698
82.8691276426318,1.2146664822721545
82.8791276426318,1.2146664822744977
82.88912764263179,1.2146664822768298
82.8991276426318,1.2146664822791504
82.9091276426318,1.21466648228146
82.9191276426318,1.2146664822837585
82.92912764263181,1.214666482286046
82.9391276426318,1.2146664822883224
82.94912764263181,1.214666482290588
82.95912764263181,1.2146664822928424
82.9691276426318,1.2146664822950863
82.97912764263181,1.2146664822973192
82.98912764263181,1.2146664822995414
82.99912764263182,1.214666482301753
83.00912764263182,1.214666482303954
83.01912764263182,1.2146664823061442
83.02912764263182,1.2146664823083237
83.03912764263183,1.2146664823104931
83.04912764263182,1.2146664823126518
83.05912764263182,1.2146664823148003
83.06912764263183,1.2146664823169382
83.07912764263183,1.214666482319066
83.08912764263184,1.2146664823211837
83.09912764263183,1.2146664823232909
83.10912764263183,1.2146664823253879
83.11912764263184,1.214666482327475
83.12912764263183,1.214666482329552
83.13912764263183,1.214666482331619
83.14912764263184,1.214666482333676
83.15912764263184,1.2146664823357232
83.16912764263185,1.2146664823377602
83.17912764263184,1.2146664823397877
83.18912764263185,1.2146664823418052
83.19912764263185,1.2146664823438131
83.20912764263184,1.214666482345811
83.21912764263185,1.2146664823477997
83.22912764263185,1.2146664823497786
83.23912764263186,1.2146664823517481
83.24912764263186,1.2146664823537079
83.25912764263185,1.2146664823556583
83.26912764263186,1.2146664823575992
83.27912764263186,1.2146664823595308
83.28912764263185,1.2146664823614532
83.29912764263186,1.2146664823633662
83.30912764263186,1.2146664823652698
83.31912764263187,1.2146664823671645
83.32912764263187,1.2146664823690498
83.33912764263187,1.2146664823709261
83.34912764263187,1.2146664823727933
83.35912764263188,1.2146664823746514
83.36912764263187,1.2146664823765005
83.37912764263187,1.2146664823783409
83.38912764263188,1.214666482380172
83.39912764263188,1.2146664823819946
83.40912764263189,1.2146664823838083
83.41912764263188,1.214666482385613
83.42912764263188,1.2146664823874092
83.43912764263189,1.2146664823891966
83.44912764263188,1.2146664823909754
83.45912764263188,1.2146664823927456
83.46912764263189,1.2146664823945073
83.4791276426319,1.2146664823962603
83.4891276426319,1.214666482398005
83.49912764263189,1.214666482399741
83.5091276426319,1.2146664824014688
83.5191276426319,1.214666482403188
83.52912764263189,1.214666482404899
83.5391276426319,1.2146664824066018
83.5491276426319,1.2146664824082962
83.5591276426319,1.2146664824099824
83.56912764263191,1.2146664824116606
83.5791276426319,1.2146664824133304
83.58912764263191,1.2146664824149922
83.59912764263191,1.214666482416646
83.6091276426319,1.2146664824182918
83.61912764263191,1.2146664824199296
83.62912764263191,1.2146664824215594
83.63912764263192,1.2146664824231812
83.64912764263192,1.2146664824247952
83.65912764263192,1.2146664824264013
83.66912764263192,1.2146664824279998
83.67912764263193,1.2146664824295903
83.68912764263192,1.2146664824311733
83.69912764263192,1.2146664824327484
83.70912764263193,1.2146664824343159
83.71912764263193,1.214666482435876
83.72912764263194,1.2146664824374283
83.73912764263193,1.214666482438973
83.74912764263193,1.2146664824405105
83.75912764263194,1.2146664824420401
83.76912764263193,1.2146664824435627
83.77912764263193,1.2146664824450775
83.78912764263194,1.2146664824465851
83.79912764263194,1.2146664824480853
83.80912764263195,1.2146664824495783
83.81912764263194,1.214666482451064
83.82912764263195,1.2146664824525426
83.83912764263195,1.2146664824540139
83.84912764263194,1.214666482455478
83.85912764263195,1.2146664824569349
83.86912764263195,1.2146664824583848
83.87912764263196,1.2146664824598277
83.88912764263196,1.2146664824612634
83.89912764263195,1.2146664824626923
83.90912764263196,1.2146664824641142
83.91912764263196,1.214666482465529
83.92912764263195,1.214666482466937
83.93912764263196,1.2146664824683382
83.94912764263196,1.2146664824697326
83.95912764263197,1.2146664824711202
83.96912764263197,1.2146664824725009
83.97912764263197,1.2146664824738749
83.98912764263197,1.2146664824752422
83.99912764263198,1.214666482476603
84.00912764263197,1.214666482477957
84.01912764263197,1.2146664824793043
84.02912764263198,1.2146664824806452
84.03912764263198,1.2146664824819795
84.04912764263199,1.2146664824833073
84.05912764263198,1.2146664824846287
84.06912764263198,1.2146664824859434
84.07912764263199,1.214666482487252
84.08912764263198,1.214666482488554
84.09912764263198,1.2146664824898497
84.10912764263199,1.214666482491139
84.119127642632,1.2146664824924223
84.129127642632,1.214666482493699
84.13912764263199,1.2146664824949696
84.149127642632,1.2146664824962339
84.159127642632,1.214666482497492
84.16912764263199,1.2146664824987439
84.179127642632,1.21466648249999
84.189127642632,1.2146664825012297
84.199127642632,1.2146664825024633
84.20912764263201,1.214666482503691
84.219127642632,1.2146664825049127
84.22912764263201,1.2146664825061286
84.23912764263201,1.2146664825073383
84.249127642632,1.2146664825085423
84.25912764263201,1.21466648250974
84.26912764263201,1.2146664825109321
84.27912764263202,1.2146664825121185
84.28912764263202,1.214666482513299
84.29912764263202,1.2146664825144735
84.30912764263202,1.2146664825156424
84.31912764263203,1.2146664825168056
84.32912764263202,1.2146664825179632
84.33912764263202,1.214666482519115
84.34912764263203,1.214666482520261
84.35912764263203,1.2146664825214015
84.36912764263204,1.2146664825225366
84.37912764263203,1.214666482523666
84.38912764263203,1.2146664825247897
84.39912764263204,1.2146664825259081
84.40912764263203,1.214666482527021
84.41912764263203,1.2146664825281284
84.42912764263204,1.2146664825292304
84.43912764263204,1.2146664825303268
84.44912764263205,1.2146664825314182
84.45912764263204,1.214666482532504
84.46912764263205,1.2146664825335844
84.47912764263205,1.2146664825346596
84.48912764263204,1.2146664825357294
84.49912764263205,1.214666482536794
84.50912764263205,1.2146664825378535
84.51912764263206,1.2146664825389077
84.52912764263206,1.2146664825399567
84.53912764263205,1.2146664825410007
84.54912764263206,1.2146664825420395
84.55912764263206,1.214666482543073
84.56912764263205,1.2146664825441016
84.57912764263206,1.2146664825451252
84.58912764263206,1.2146664825461437
84.59912764263207,1.2146664825471571
84.60912764263207,1.2146664825481657
84.61912764263207,1.214666482549169
84.62912764263207,1.2146664825501676
84.63912764263208,1.2146664825511615
84.64912764263207,1.2146664825521503
84.65912764263207,1.2146664825531341
84.66912764263208,1.2146664825541131
84.67912764263208,1.2146664825550875
84.68912764263209,1.214666482556057
84.69912764263208,1.2146664825570217
84.70912764263208,1.2146664825579816
84.71912764263209,1.2146664825589368
84.72912764263208,1.2146664825598874
84.73912764263208,1.214666482560833
84.74912764263209,1.2146664825617743
84.7591276426321,1.214666482562711
84.7691276426321,1.2146664825636426
84.77912764263209,1.21466648256457
84.7891276426321,1.2146664825654927
84.7991276426321,1.214666482566411
84.80912764263209,1.2146664825673246
84.8191276426321,1.2146664825682338
84.8291276426321,1.2146664825691385
84.8391276426321,1.2146664825700388
84.84912764263211,1.2146664825709346
84.8591276426321,1.2146664825718259
84.86912764263211,1.2146664825727127
84.87912764263211,1.2146664825735953
84.8891276426321,1.2146664825744735
84.89912764263211,1.2146664825753475
84.90912764263211,1.214666482576217
84.91912764263212,1.2146664825770823
84.92912764263212,1.2146664825779434
84.93912764263212,1.2146664825788
84.94912764263212,1.2146664825796525
84.95912764263213,1.214666482580501
84.96912764263212,1.214666482581345
84.97912764263212,1.214666482582185
84.98912764263213,1.2146664825830207
84.99912764263213,1.2146664825838525
85.00912764263214,1.21466648258468
85.01912764263213,1.2146664825855034
85.02912764263213,1.2146664825863227
85.03912764263214,1.214666482587138
85.04912764263213,1.2146664825879494
85.05912764263213,1.2146664825887568
85.06912764263214,1.21466648258956
85.07912764263214,1.2146664825903593
85.08912764263215,1.2146664825911546
85.09912764263214,1.214666482591946
85.10912764263215,1.2146664825927336
85.11912764263215,1.2146664825935172
85.12912764263214,1.2146664825942968
85.13912764263215,1.2146664825950728
85.14912764263215,1.2146664825958449
85.15912764263216,1.214666482596613
85.16912764263216,1.2146664825973774
85.17912764263215,1.214666482598138
85.18912764263216,1.2146664825988949
85.19912764263216,1.2146664825996478
85.20912764263215,1.2146664826003972
85.21912764263216,1.2146664826011428
85.22912764263216,1.2146664826018847
85.23912764263217,1.214666482602623
85.24912764263217,1.2146664826033575
85.25912764263217,1.2146664826040885
85.26912764263217,1.214666482604816
85.27912764263218,1.2146664826055396
85.28912764263217,1.2146664826062596
85.29912764263217,1.2146664826069762
85.30912764263218,1.2146664826076892
85.31912764263218,1.2146664826083986
85.32912764263219,1.2146664826091045
85.33912764263218,1.214666482609807
85.34912764263218,1.214666482610506
85.35912764263219,1.2146664826112015
85.36912764263218,1.2146664826118934
85.37912764263218,1.214666482612582
85.38912764263219,1.2146664826132672
85.3991276426322,1.2146664826139488
85.4091276426322,1.2146664826146272
85.41912764263219,1.2146664826153022
85.4291276426322,1.2146664826159739
85.4391276426322,1.214666482616642
85.44912764263219,1.214666482617307
85.4591276426322,1.2146664826179687
85.4691276426322,1.214666482618627
85.4791276426322,1.2146664826192821
85.48912764263221,1.214666482619934
85.4991276426322,1.2146664826205824
85.50912764263221,1.214666482621228
85.51912764263221,1.21466648262187
85.5291276426322,1.2146664826225089
85.53912764263221,1.2146664826231448
85.54912764263221,1.2146664826237774
85.55912764263222,1.214666482624407
85.56912764263222,1.214666482625033
85.57912764263222,1.2146664826256564
85.58912764263222,1.2146664826262765
85.59912764263223,1.2146664826268934
85.60912764263222,1.2146664826275073
85.61912764263222,1.2146664826281182
85.62912764263223,1.2146664826287261
85.63912764263223,1.2146664826293307
85.64912764263224,1.2146664826299325
85.65912764263223,1.2146664826305313
85.66912764263223,1.214666482631127
85.67912764263224,1.21466648263172
85.68912764263223,1.2146664826323097
85.69912764263223,1.2146664826328966
85.70912764263224,1.2146664826334805
85.71912764263224,1.2146664826340616
85.72912764263225,1.2146664826346398
85.73912764263224,1.2146664826352152
85.74912764263225,1.2146664826357876
85.75912764263225,1.2146664826363571
85.76912764263224,1.2146664826369238
85.77912764263225,1.2146664826374878
85.78912764263225,1.2146664826380489
85.79912764263226,1.214666482638607
85.80912764263226,1.2146664826391624
85.81912764263225,1.214666482639715
85.82912764263226,1.214666482640265
85.83912764263226,1.2146664826408122
85.84912764263225,1.2146664826413567
85.85912764263226,1.2146664826418985
85.86912764263226,1.2146664826424374
85.87912764263227,1.2146664826429738
85.88912764263227,1.2146664826435074
85.89912764263227,1.2146664826440383
85.90912764263227,1.2146664826445668
85.91912764263228,1.2146664826450924
85.92912764263227,1.2146664826456153
85.93912764263227,1.2146664826461357
85.94912764263228,1.2146664826466536
85.95912764263228,1.2146664826471687
85.96912764263229,1.2146664826476814
85.97912764263228,1.2146664826481914
85.98912764263228,1.214666482648699
85.99912764263229,1.214666482649204
86.00912764263228,1.2146664826497064
86.01912764263228,1.2146664826502063
86.02912764263229,1.2146664826507039
86.0391276426323,1.2146664826511988
86.0491276426323,1.214666482651691
86.05912764263229,1.2146664826521811
86.0691276426323,1.2146664826526687
86.0791276426323,1.2146664826531537
86.08912764263229,1.2146664826536364
86.0991276426323,1.2146664826541165
86.1091276426323,1.2146664826545943
86.11912764263231,1.21466648265507
86.12912764263231,1.214666482655543
86.1391276426323,1.2146664826560136
86.14912764263231,1.2146664826564817
86.15912764263231,1.2146664826569478
86.1691276426323,1.2146664826574114
86.17912764263231,1.2146664826578726
86.18912764263231,1.2146664826583315
86.19912764263232,1.2146664826587883
86.20912764263232,1.2146664826592426
86.21912764263232,1.2146664826596947
86.22912764263232,1.2146664826601445
86.23912764263233,1.214666482660592
86.24912764263232,1.2146664826610374
86.25912764263232,1.2146664826614804
86.26912764263233,1.2146664826619213
86.27912764263233,1.2146664826623599
86.28912764263234,1.2146664826627962
86.29912764263233,1.2146664826632305
86.30912764263233,1.2146664826636626
86.31912764263234,1.2146664826640923
86.32912764263233,1.2146664826645202
86.33912764263233,1.2146664826649456
86.34912764263234,1.214666482665369
86.35912764263234,1.2146664826657902
86.36912764263235,1.2146664826662095
86.37912764263234,1.2146664826666265
86.38912764263235,1.2146664826670415
86.39912764263235,1.2146664826674543
86.40912764263234,1.214666482667865
86.41912764263235,1.2146664826682736
86.42912764263235,1.2146664826686804
86.43912764263236,1.214666482669085
86.44912764263236,1.2146664826694875
86.45912764263235,1.214666482669888
86.46912764263236,1.2146664826702867
86.47912764263236,1.214666482670683
86.48912764263235,1.2146664826710776
86.49912764263236,1.2146664826714701
86.50912764263236,1.2146664826718605
86.51912764263237,1.214666482672249
86.52912764263237,1.2146664826726359
86.53912764263237,1.2146664826730205
86.54912764263237,1.2146664826734033
86.55912764263238,1.2146664826737839
86.56912764263237,1.2146664826741627
86.57912764263237,1.2146664826745397
86.58912764263238,1.2146664826749147
86.59912764263238,1.214666482675288
86.60912764263239,1.2146664826756592
86.61912764263238,1.2146664826760285
86.62912764263238,1.214666482676396
86.63912764263239,1.2146664826767617
86.64912764263238,1.2146664826771256
86.65912764263238,1.2146664826774876
86.66912764263239,1.2146664826778477
86.6791276426324,1.214666482678206
86.6891276426324,1.2146664826785627
86.69912764263239,1.2146664826789173
86.7091276426324,1.2146664826792701
86.7191276426324,1.2146664826796214
86.72912764263239,1.2146664826799707
86.7391276426324,1.2146664826803184
86.7491276426324,1.2146664826806641
86.75912764263241,1.2146664826810083
86.76912764263241,1.2146664826813507
86.7791276426324,1.2146664826816913
86.78912764263241,1.2146664826820301
86.79912764263241,1.2146664826823672
86.8091276426324,1.2146664826827027
86.81912764263241,1.2146664826830365
86.82912764263241,1.2146664826833686
86.83912764263242,1.214666482683699
86.84912764263242,1.2146664826840277
86.85912764263242,1.2146664826843547
86.86912764263242,1.2146664826846802
86.87912764263243,1.214666482685004
86.88912764263242,1.2146664826853262
86.89912764263242,1.2146664826856466
86.90912764263243,1.2146664826859654
86.91912764263243,1.2146664826862827
86.92912764263244,1.2146664826865983
86.93912764263243,1.2146664826869125
86.94912764263243,1.2146664826872247
86.95912764263244,1.2146664826875355
86.96912764263243,1.214666482687845
86.97912764263243,1.2146664826881526
86.98912764263244,1.2146664826884588
86.99912764263244,1.2146664826887634
87.00912764263245,1.2146664826890663
87.01912764263244,1.2146664826893678
87.02912764263245,1.2146664826896678
87.03912764263245,1.2146664826899665
87.04912764263244,1.2146664826902633
87.05912764263245,1.2146664826905587
87.06912764263245,1.2146664826908526
87.07912764263246,1.214666482691145
87.08912764263246,1.214666482691436
87.09912764263245,1.2146664826917255
87.10912764263246,1.2146664826920135
87.11912764263246,1.2146664826923002
87.12912764263245,1.2146664826925853
87.13912764263246,1.2146664826928688
87.14912764263246,1.214666482693151
87.15912764263247,1.2146664826934317
87.16912764263247,1.214666482693711
87.17912764263247,1.214666482693989
87.18912764263247,1.2146664826942655
87.19912764263248,1.2146664826945406
87.20912764263247,1.2146664826948141
87.21912764263247,1.2146664826950866
87.22912764263248,1.2146664826953573
87.23912764263248,1.2146664826956268
87.24912764263249,1.214666482695895
87.25912764263248,1.214666482696162
87.26912764263248,1.2146664826964273
87.27912764263249,1.2146664826966913
87.28912764263248,1.2146664826969542
87.29912764263248,1.2146664826972156
87.30912764263249,1.2146664826974756
87.3191276426325,1.2146664826977343
87.3291276426325,1.2146664826979916
87.33912764263249,1.2146664826982478
87.3491276426325,1.2146664826985027
87.3591276426325,1.214666482698756
87.36912764263249,1.2146664826990083
87.3791276426325,1.2146664826992593
87.3891276426325,1.214666482699509
87.39912764263251,1.2146664826997573
87.40912764263251,1.2146664827000044
87.4191276426325,1.2146664827002502
87.42912764263251,1.214666482700495
87.43912764263251,1.2146664827007383
87.4491276426325,1.2146664827009803
87.45912764263251,1.214666482701221
87.46912764263251,1.2146664827014608
87.47912764263252,1.214666482701699
87.48912764263252,1.2146664827019364
87.49912764263252,1.2146664827021723
87.50912764263252,1.2146664827024072
87.51912764263253,1.2146664827026408
87.52912764263252,1.214666482702873
87.53912764263252,1.2146664827031042
87.54912764263253,1.2146664827033342
87.55912764263253,1.2146664827035631
87.56912764263254,1.2146664827037907
87.57912764263253,1.2146664827040172
87.58912764263253,1.2146664827042426
87.59912764263254,1.2146664827044669
87.60912764263253,1.2146664827046898
87.61912764263253,1.2146664827049118
87.62912764263254,1.2146664827051326
87.63912764263254,1.2146664827053522
87.64912764263255,1.2146664827055706
87.65912764263254,1.214666482705788
87.66912764263255,1.2146664827060043
87.67912764263255,1.2146664827062195
87.68912764263254,1.2146664827064335
87.69912764263255,1.2146664827066465
87.70912764263255,1.2146664827068583
87.71912764263256,1.2146664827070692
87.72912764263256,1.2146664827072788
87.73912764263255,1.2146664827074876
87.74912764263256,1.2146664827076952
87.75912764263256,1.2146664827079017
87.76912764263255,1.214666482708107
87.77912764263256,1.2146664827083116
87.78912764263256,1.2146664827085147
87.79912764263257,1.2146664827087172
87.80912764263257,1.2146664827089184
87.81912764263257,1.2146664827091187
87.82912764263257,1.2146664827093179
87.83912764263258,1.2146664827095162
87.84912764263257,1.2146664827097133
87.85912764263257,1.2146664827099094
87.86912764263258,1.2146664827101046
87.87912764263258,1.2146664827102986
87.88912764263259,1.2146664827104918
87.89912764263258,1.2146664827106841
87.90912764263258,1.2146664827108753
87.91912764263259,1.2146664827110654
87.92912764263258,1.2146664827112548
87.93912764263258,1.2146664827114428
87.94912764263259,1.2146664827116302
87.9591276426326,1.2146664827118165
87.9691276426326,1.214666482712002
87.97912764263259,1.2146664827121862
87.9891276426326,1.2146664827123697
87.9991276426326,1.2146664827125522
88.00912764263259,1.2146664827127338
88.0191276426326,1.2146664827129143
88.0291276426326,1.2146664827130942
88.03912764263261,1.214666482713273
88.04912764263261,1.2146664827134508
88.0591276426326,1.2146664827136278
88.06912764263261,1.2146664827138038
88.07912764263261,1.214666482713979
88.0891276426326,1.2146664827141533
88.09912764263261,1.2146664827143265
88.10912764263261,1.214666482714499
88.11912764263262,1.2146664827146707
88.12912764263262,1.2146664827148412
88.13912764263262,1.214666482715011
88.14912764263262,1.21466648271518
88.15912764263263,1.214666482715348
88.16912764263262,1.2146664827155154
88.17912764263262,1.2146664827156815
88.18912764263263,1.214666482715847
88.19912764263263,1.2146664827160116
88.20912764263264,1.2146664827161753
88.21912764263263,1.2146664827163383
88.22912764263263,1.2146664827165004
88.23912764263264,1.2146664827166616
88.24912764263263,1.214666482716822
88.25912764263263,1.2146664827169817
88.26912764263264,1.2146664827171405
88.27912764263264,1.2146664827172984
88.28912764263265,1.2146664827174556
88.29912764263264,1.214666482717612
88.30912764263265,1.2146664827177673
88.31912764263265,1.214666482717922
88.32912764263264,1.214666482718076
88.33912764263265,1.2146664827182292
88.34912764263265,1.2146664827183815
88.35912764263266,1.214666482718533
88.36912764263266,1.2146664827186837
88.37912764263265,1.2146664827188336
88.38912764263266,1.2146664827189828
88.39912764263266,1.2146664827191314
88.40912764263265,1.214666482719279
88.41912764263266,1.214666482719426
88.42912764263266,1.2146664827195721
88.43912764263267,1.2146664827197173
88.44912764263267,1.214666482719862
88.45912764263267,1.214666482720006
88.46912764263267,1.214666482720149
88.47912764263268,1.2146664827202915
88.48912764263267,1.2146664827204332
88.49912764263267,1.2146664827205742
88.50912764263268,1.2146664827207143
88.51912764263268,1.2146664827208538
88.52912764263269,1.2146664827209925
88.53912764263268,1.2146664827211306
88.54912764263268,1.2146664827212679
88.55912764263269,1.2146664827214047
88.56912764263268,1.2146664827215405
88.57912764263268,1.2146664827216758
88.58912764263269,1.2146664827218103
88.5991276426327,1.214666482721944
88.6091276426327,1.2146664827220772
88.61912764263269,1.2146664827222096
88.6291276426327,1.2146664827223412
88.6391276426327,1.2146664827224722
88.64912764263269,1.2146664827226026
88.6591276426327,1.2146664827227325
88.6691276426327,1.2146664827228615
88.67912764263271,1.2146664827229898
88.68912764263271,1.2146664827231175
88.6991276426327,1.2146664827232445
88.70912764263271,1.2146664827233709
88.71912764263271,1.2146664827234965
88.7291276426327,1.2146664827236218
88.73912764263271,1.214666482723746
88.74912764263271,1.2146664827238698
88.75912764263272,1.214666482723993
88.76912764263272,1.2146664827241154
88.77912764263272,1.2146664827242373
88.78912764263272,1.2146664827243585
88.79912764263273,1.214666482724479
88.80912764263272,1.214666482724599
88.81912764263272,1.2146664827247184
88.82912764263273,1.2146664827248372
88.83912764263273,1.2146664827249551
88.84912764263274,1.2146664827250726
88.85912764263273,1.2146664827251896
88.86912764263273,1.2146664827253058
88.87912764263274,1.2146664827254217
88.88912764263273,1.2146664827255367
88.89912764263273,1.214666482725651
88.90912764263274,1.214666482725765
88.91912764263274,1.2146664827258782
88.92912764263275,1.214666482725991
88.93912764263274,1.214666482726103
88.94912764263275,1.2146664827262144
88.95912764263275,1.2146664827263254
88.96912764263274,1.2146664827264357
88.97912764263275,1.2146664827265456
88.98912764263275,1.214666482726655
88.99912764263276,1.2146664827267635
89.00912764263276,1.2146664827268716
89.01912764263275,1.214666482726979
89.02912764263276,1.214666482727086
89.03912764263276,1.2146664827271925
89.04912764263275,1.2146664827272984
89.05912764263276,1.2146664827274036
89.06912764263276,1.2146664827275084
89.07912764263277,1.2146664827276126
89.08912764263277,1.2146664827277163
89.09912764263277,1.2146664827278193
89.10912764263277,1.2146664827279219
89.11912764263278,1.214666482728024
89.12912764263277,1.2146664827281253
89.13912764263277,1.2146664827282265
89.14912764263278,1.214666482728327
89.15912764263278,1.2146664827284268
89.16912764263279,1.2146664827285263
89.17912764263278,1.214666482728625
89.18912764263278,1.2146664827287235
89.19912764263279,1.2146664827288214
89.20912764263278,1.2146664827289186
89.21912764263278,1.2146664827290155
89.22912764263279,1.2146664827291118
89.2391276426328,1.2146664827292077
89.2491276426328,1.214666482729303
89.25912764263279,1.2146664827293978
89.2691276426328,1.2146664827294922
89.2791276426328,1.214666482729586
89.28912764263279,1.2146664827296794
89.2991276426328,1.2146664827297724
89.3091276426328,1.2146664827298648
89.31912764263281,1.2146664827299567
89.32912764263281,1.214666482730048
89.3391276426328,1.214666482730139
89.34912764263281,1.2146664827302294
89.35912764263281,1.2146664827303193
89.3691276426328,1.2146664827304088
89.37912764263281,1.214666482730498
89.38912764263281,1.2146664827305864
89.39912764263282,1.2146664827306748
89.40912764263282,1.2146664827307623
89.41912764263282,1.2146664827308495
89.42912764263282,1.2146664827309364
89.43912764263283,1.2146664827310225
89.44912764263282,1.2146664827311084
89.45912764263282,1.214666482731194
89.46912764263283,1.2146664827312788
89.47912764263283,1.2146664827313631
89.48912764263284,1.2146664827314473
89.49912764263283,1.214666482731531
89.50912764263283,1.214666482731614
89.51912764263284,1.2146664827316969
89.52912764263283,1.2146664827317792
89.53912764263283,1.214666482731861
89.54912764263284,1.2146664827319424
89.55912764263284,1.2146664827320235
89.56912764263285,1.214666482732104
89.57912764263284,1.2146664827321842
89.58912764263285,1.2146664827322642
89.59912764263285,1.2146664827323435
89.60912764263284,1.2146664827324223
89.61912764263285,1.2146664827325009
89.62912764263285,1.214666482732579
89.63912764263286,1.2146664827326565
89.64912764263286,1.2146664827327338
89.65912764263285,1.2146664827328109
89.66912764263286,1.2146664827328872
89.67912764263286,1.2146664827329632
89.68912764263285,1.214666482733039
89.69912764263286,1.2146664827331142
89.70912764263286,1.214666482733189
89.71912764263287,1.2146664827332636
89.72912764263287,1.2146664827333375
89.73912764263287,1.2146664827334113
89.74912764263287,1.2146664827334845
89.75912764263288,1.2146664827335576
89.76912764263287,1.2146664827336302
89.77912764263287,1.2146664827337021
89.78912764263288,1.214666482733774
89.79912764263288,1.2146664827338454
89.80912764263289,1.2146664827339164
89.81912764263288,1.2146664827339873
89.82912764263288,1.2146664827340574
89.83912764263289,1.2146664827341274
89.84912764263288,1.2146664827341969
89.85912764263288,1.2146664827342661
89.86912764263289,1.214666482734335
89.8791276426329,1.2146664827344034
89.8891276426329,1.2146664827344713
89.89912764263289,1.2146664827345393
89.9091276426329,1.2146664827346065
89.9191276426329,1.2146664827346736
89.92912764263289,1.2146664827347402
89.9391276426329,1.2146664827348066
89.9491276426329,1.2146664827348725
89.95912764263291,1.214666482734938
89.96912764263291,1.2146664827350033
89.9791276426329,1.2146664827350684
89.98912764263291,1.214666482735133
89.99912764263291,1.2146664827351972
90.0091276426329,1.2146664827352611
90.01912764263291,1.2146664827353246
90.02912764263291,1.214666482735388
90.03912764263292,1.2146664827354507
90.04912764263293,1.2146664827355134
90.05912764263292,1.2146664827355755
90.06912764263292,1.2146664827356375
90.07912764263293,1.2146664827356992
90.08912764263292,1.2146664827357605
90.09912764263292,1.2146664827358213
90.10912764263293,1.214666482735882
90.11912764263293,1.2146664827359421
90.12912764263294,1.214666482736002
90.13912764263293,1.2146664827360618
90.14912764263293,1.214666482736121
90.15912764263294,1.2146664827361802
90.16912764263293,1.214666482736239
90.17912764263293,1.2146664827362974
90.18912764263294,1.2146664827363556
90.19912764263294,1.2146664827364133
90.20912764263295,1.2146664827364708
90.21912764263294,1.2146664827365279
90.22912764263295,1.2146664827365847
90.23912764263295,1.2146664827366414
90.24912764263294,1.2146664827366978
90.25912764263295,1.2146664827367537
90.26912764263295,1.2146664827368094
90.27912764263296,1.2146664827368647
90.28912764263296,1.2146664827369198
90.29912764263295,1.2146664827369746
90.30912764263296,1.2146664827370293
90.31912764263296,1.2146664827370834
90.32912764263295,1.2146664827371374
90.33912764263296,1.214666482737191
90.34912764263296,1.2146664827372444
90.35912764263297,1.2146664827372975
90.36912764263298,1.2146664827373503
90.37912764263297,1.2146664827374027
90.38912764263297,1.2146664827374551
90.39912764263298,1.214666482737507
90.40912764263297,1.2146664827375586
90.41912764263297,1.2146664827376101
90.42912764263298,1.2146664827376612
90.43912764263298,1.2146664827377123
90.44912764263299,1.214666482737763
90.45912764263298,1.214666482737813
90.46912764263298,1.2146664827378633
90.47912764263299,1.214666482737913
90.48912764263298,1.2146664827379627
90.49912764263298,1.214666482738012
90.50912764263299,1.2146664827380609
90.519127642633,1.2146664827381097
90.529127642633,1.2146664827381581
90.53912764263299,1.2146664827382065
90.549127642633,1.2146664827382545
90.559127642633,1.214666482738302
90.56912764263299,1.2146664827383495
90.579127642633,1.2146664827383968
90.589127642633,1.214666482738444
90.59912764263301,1.2146664827384905
90.60912764263301,1.214666482738537
90.619127642633,1.2146664827385834
90.62912764263301,1.2146664827386293
90.63912764263301,1.214666482738675
90.649127642633,1.2146664827387206
90.65912764263301,1.2146664827387657
90.66912764263301,1.2146664827388107
90.67912764263302,1.2146664827388556
90.68912764263303,1.2146664827389002
90.69912764263302,1.2146664827389444
90.70912764263302,1.2146664827389886
90.71912764263303,1.2146664827390323
90.72912764263302,1.2146664827390758
90.73912764263302,1.2146664827391194
90.74912764263303,1.2146664827391624
90.75912764263303,1.2146664827392053
90.76912764263304,1.214666482739248
90.77912764263303,1.2146664827392906
90.78912764263303,1.2146664827393328
90.79912764263304,1.2146664827393747
90.80912764263303,1.2146664827394165
90.81912764263303,1.214666482739458
90.82912764263304,1.2146664827394993
90.83912764263304,1.2146664827395406
90.84912764263305,1.2146664827395814
90.85912764263304,1.214666482739622
90.86912764263305,1.2146664827396625
90.87912764263305,1.2146664827397027
90.88912764263304,1.2146664827397429
90.89912764263305,1.2146664827397826
90.90912764263305,1.2146664827398221
90.91912764263306,1.2146664827398617
90.92912764263306,1.2146664827399007
90.93912764263305,1.2146664827399398
90.94912764263306,1.2146664827399785
90.95912764263306,1.214666482740017
90.96912764263305,1.2146664827400555
90.97912764263306,1.2146664827400935
90.98912764263306,1.2146664827401317
90.99912764263307,1.2146664827401694
91.00912764263308,1.2146664827402067
91.01912764263307,1.2146664827402442
91.02912764263307,1.2146664827402813
91.03912764263308,1.2146664827403182
91.04912764263307,1.214666482740355
91.05912764263307,1.2146664827403915
91.06912764263308,1.2146664827404279
91.07912764263308,1.214666482740464
91.08912764263309,1.2146664827405
91.09912764263308,1.2146664827405358
91.10912764263308,1.2146664827405713
91.11912764263309,1.2146664827406068
91.12912764263308,1.214666482740642
91.13912764263308,1.214666482740677
91.14912764263309,1.2146664827407119
91.1591276426331,1.2146664827407465
91.1691276426331,1.214666482740781
91.17912764263309,1.2146664827408151
91.1891276426331,1.2146664827408493
91.1991276426331,1.214666482740883
91.20912764263309,1.2146664827409168
91.2191276426331,1.2146664827409506
91.2291276426331,1.2146664827409839
91.23912764263311,1.214666482741017
91.24912764263311,1.21466648274105
91.2591276426331,1.214666482741083
91.26912764263311,1.2146664827411155
91.27912764263311,1.214666482741148
91.2891276426331,1.2146664827411802
91.29912764263311,1.2146664827412124
91.30912764263311,1.2146664827412443
91.31912764263312,1.214666482741276
91.32912764263313,1.2146664827413078
91.33912764263312,1.2146664827413391
91.34912764263312,1.2146664827413705
91.35912764263313,1.2146664827414018
91.36912764263312,1.2146664827414326
91.37912764263312,1.2146664827414635
91.38912764263313,1.214666482741494
91.39912764263313,1.2146664827415243
91.40912764263314,1.2146664827415548
91.41912764263313,1.2146664827415847
91.42912764263313,1.214666482741615
91.43912764263314,1.2146664827416447
91.44912764263313,1.2146664827416742
91.45912764263313,1.2146664827417037
91.46912764263314,1.214666482741733
91.47912764263315,1.2146664827417624
91.48912764263315,1.2146664827417912
91.49912764263314,1.21466648274182
91.50912764263315,1.214666482741849
91.51912764263315,1.2146664827418774
91.52912764263314,1.2146664827419058
91.53912764263315,1.214666482741934
91.54912764263315,1.2146664827419622
91.55912764263316,1.21466648274199
91.56912764263316,1.2146664827420177
91.57912764263315,1.2146664827420455
91.58912764263316,1.214666482742073
91.59912764263316,1.2146664827421003
91.60912764263315,1.2146664827421274
91.61912764263316,1.2146664827421545
91.62912764263316,1.2146664827421814
91.63912764263317,1.2146664827422082
91.64912764263318,1.2146664827422349
91.65912764263317,1.2146664827422613
91.66912764263317,1.2146664827422877
91.67912764263318,1.214666482742314
91.68912764263317,1.21466648274234
91.69912764263317,1.2146664827423659
91.70912764263318,1.2146664827423916
91.71912764263318,1.2146664827424172
91.72912764263319,1.2146664827424427
91.73912764263318,1.214666482742468
91.74912764263318,1.2146664827424933
91.75912764263319,1.2146664827425182
91.76912764263318,1.2146664827425433
91.77912764263318,1.214666482742568
91.78912764263319,1.2146664827425928
91.7991276426332,1.2146664827426172
91.8091276426332,1.2146664827426417
91.81912764263319,1.214666482742666
91.8291276426332,1.21466648274269
91.8391276426332,1.214666482742714
91.84912764263319,1.214666482742738
91.8591276426332,1.2146664827427618
91.8691276426332,1.2146664827427855
91.87912764263321,1.2146664827428089
91.88912764263321,1.2146664827428322
91.8991276426332,1.2146664827428555
91.90912764263321,1.2146664827428788
91.91912764263321,1.2146664827429017
91.9291276426332,1.2146664827429245
91.93912764263321,1.2146664827429472
91.94912764263321,1.2146664827429698
91.95912764263322,1.2146664827429925
91.96912764263323,1.214666482743015
91.97912764263322,1.2146664827430371
91.98912764263322,1.2146664827430593
91.99912764263323,1.2146664827430813
92.00912764263322,1.214666482743103
92.01912764263322,1.2146664827431248
92.02912764263323,1.2146664827431466
92.03912764263323,1.2146664827431681
92.04912764263324,1.2146664827431897
92.05912764263323,1.214666482743211
92.06912764263323,1.214666482743232
92.07912764263324,1.2146664827432532
92.08912764263323,1.2146664827432743
92.09912764263323,1.2146664827432951
92.10912764263324,1.2146664827433158
92.11912764263325,1.2146664827433364
92.12912764263325,1.214666482743357
92.13912764263324,1.2146664827433775
92.14912764263325,1.2146664827433977
92.15912764263325,1.214666482743418
92.16912764263324,1.214666482743438
92.17912764263325,1.214666482743458
92.18912764263325,1.2146664827434779
92.19912764263326,1.2146664827434976
92.20912764263326,1.2146664827435174
92.21912764263325,1.214666482743537
92.22912764263326,1.2146664827435563
92.23912764263326,1.2146664827435756
92.24912764263325,1.214666482743595
92.25912764263326,1.214666482743614
92.26912764263326,1.2146664827436329
92.27912764263327,1.214666482743652
92.28912764263328,1.2146664827436706
92.29912764263327,1.2146664827436895
92.30912764263327,1.2146664827437081
92.31912764263328,1.2146664827437266
92.32912764263327,1.214666482743745
92.33912764263327,1.2146664827437634
92.34912764263328,1.2146664827437816
92.35912764263328,1.2146664827437996
92.36912764263329,1.2146664827438176
92.37912764263328,1.2146664827438356
92.38912764263328,1.2146664827438534
92.39912764263329,1.2146664827438711
92.40912764263328,1.2146664827438887
92.41912764263328,1.2146664827439062
92.42912764263329,1.2146664827439237
92.4391276426333,1.214666482743941
92.4491276426333,1.2146664827439584
92.45912764263329,1.2146664827439755
92.4691276426333,1.2146664827439926
92.4791276426333,1.2146664827440095
92.48912764263329,1.2146664827440263
92.4991276426333,1.2146664827440432
92.5091276426333,1.2146664827440599
92.51912764263331,1.2146664827440765
92.52912764263331,1.214666482744093
92.5391276426333,1.2146664827441094
92.54912764263331,1.2146664827441258
92.55912764263331,1.214666482744142
92.5691276426333,1.2146664827441582
92.57912764263331,1.2146664827441742
92.58912764263331,1.2146664827441902
92.59912764263332,1.2146664827442062
92.60912764263333,1.214666482744222
92.61912764263332,1.2146664827442375
92.62912764263332,1.2146664827442533
92.63912764263333,1.2146664827442688
92.64912764263332,1.2146664827442843
92.65912764263332,1.2146664827442997
92.66912764263333,1.214666482744315
92.67912764263333,1.21466648274433
92.68912764263334,1.2146664827443452
92.69912764263333,1.2146664827443603
92.70912764263333,1.2146664827443754
92.71912764263334,1.21466648274439
92.72912764263333,1.214666482744405
92.73912764263333,1.2146664827444198
92.74912764263334,1.2146664827444345
92.75912764263335,1.2146664827444489
92.76912764263335,1.2146664827444633
92.77912764263334,1.2146664827444777
92.78912764263335,1.2146664827444922
92.79912764263335,1.2146664827445064
92.80912764263334,1.2146664827445206
92.81912764263335,1.2146664827445346
92.82912764263335,1.2146664827445486
92.83912764263336,1.2146664827445626
92.84912764263336,1.2146664827445766
92.85912764263335,1.2146664827445903
92.86912764263336,1.2146664827446039
92.87912764263336,1.2146664827446176
92.88912764263335,1.2146664827446312
92.89912764263336,1.2146664827446445
92.90912764263336,1.214666482744658
92.91912764263337,1.2146664827446714
92.92912764263338,1.2146664827446847
92.93912764263337,1.2146664827446978
92.94912764263337,1.214666482744711
92.95912764263338,1.214666482744724
92.96912764263337,1.214666482744737
92.97912764263337,1.21466648274475
92.98912764263338,1.2146664827447629
92.99912764263338,1.2146664827447755
93.00912764263339,1.2146664827447882
93.01912764263338,1.2146664827448008
93.02912764263338,1.2146664827448135
93.03912764263339,1.214666482744826
93.04912764263338,1.2146664827448383
93.05912764263338,1.2146664827448506
93.06912764263339,1.214666482744863
93.0791276426334,1.2146664827448752
93.0891276426334,1.2146664827448874
93.09912764263339,1.2146664827448994
93.1091276426334,1.2146664827449114
93.1191276426334,1.2146664827449234
93.12912764263339,1.2146664827449354
93.1391276426334,1.2146664827449472
93.1491276426334,1.214666482744959
93.15912764263341,1.2146664827449705
93.16912764263341,1.2146664827449822
93.1791276426334,1.2146664827449938
93.18912764263341,1.2146664827450053
93.19912764263341,1.2146664827450167
93.2091276426334,1.2146664827450282
93.21912764263341,1.2146664827450395
93.22912764263342,1.2146664827450506
93.23912764263342,1.214666482745062
93.24912764263343,1.214666482745073
93.25912764263342,1.2146664827450842
93.26912764263342,1.214666482745095
93.27912764263343,1.2146664827451061
93.28912764263342,1.214666482745117
93.29912764263342,1.2146664827451277
93.30912764263343,1.2146664827451386
93.31912764263343,1.2146664827451492
93.32912764263344,1.2146664827451599
93.33912764263343,1.2146664827451705
93.34912764263343,1.214666482745181
93.35912764263344,1.2146664827451916
93.36912764263343,1.2146664827452018
93.37912764263343,1.2146664827452123
93.38912764263344,1.2146664827452227
93.39912764263345,1.214666482745233
93.40912764263345,1.2146664827452431
93.41912764263344,1.2146664827452531
93.42912764263345,1.2146664827452631
93.43912764263345,1.2146664827452733
93.44912764263344,1.214666482745283
93.45912764263345,1.214666482745293
93.46912764263345,1.214666482745303
93.47912764263346,1.2146664827453129
93.48912764263346,1.2146664827453226
93.49912764263345,1.2146664827453324
93.50912764263346,1.214666482745342
93.51912764263346,1.2146664827453515
93.52912764263345,1.214666482745361
93.53912764263346,1.2146664827453706
93.54912764263347,1.21466648274538
93.55912764263347,1.2146664827453892
93.56912764263348,1.2146664827453986
93.57912764263347,1.214666482745408
93.58912764263347,1.2146664827454172
93.59912764263348,1.2146664827454263
93.60912764263347,1.2146664827454354
93.61912764263347,1.2146664827454445
93.62912764263348,1.2146664827454536
93.63912764263348,1.2146664827454625
93.64912764263349,1.2146664827454714
93.65912764263348,1.2146664827454803
93.66912764263348,1.2146664827454892
93.67912764263349,1.214666482745498
93.68912764263348,1.2146664827455067
93.69912764263348,1.2146664827455154
93.70912764263349,1.214666482745524
93.7191276426335,1.2146664827455327
93.7291276426335,1.2146664827455411
93.73912764263349,1.2146664827455496
93.7491276426335,1.214666482745558
93.7591276426335,1.2146664827455664
93.76912764263349,1.2146664827455749
93.7791276426335,1.2146664827455833
93.7891276426335,1.2146664827455915
93.79912764263351,1.2146664827455997
93.80912764263351,1.2146664827456077
93.8191276426335,1.214666482745616
93.82912764263351,1.2146664827456242
93.83912764263351,1.2146664827456322
93.8491276426335,1.2146664827456402
93.85912764263351,1.214666482745648
93.86912764263352,1.214666482745656
93.87912764263352,1.2146664827456637
93.88912764263353,1.2146664827456717
93.89912764263352,1.2146664827456792
93.90912764263352,1.2146664827456872
93.91912764263353,1.2146664827456948
93.92912764263352,1.2146664827457023
93.93912764263352,1.21466648274571
93.94912764263353,1.2146664827457176
93.95912764263353,1.2146664827457252
93.96912764263354,1.2146664827457325
93.97912764263353,1.21466648274574
93.98912764263353,1.2146664827457474
93.99912764263354,1.2146664827457547
94.00912764263353,1.214666482745762
94.01912764263353,1.2146664827457694
94.02912764263354,1.2146664827457765
94.03912764263355,1.2146664827457838
94.04912764263355,1.214666482745791
94.05912764263354,1.214666482745798
94.06912764263355,1.2146664827458051
94.07912764263355,1.2146664827458122
94.08912764263354,1.2146664827458191
94.09912764263355,1.2146664827458262
94.10912764263355,1.214666482745833
94.11912764263356,1.21466648274584
94.12912764263356,1.2146664827458467
94.13912764263355,1.2146664827458535
94.14912764263356,1.2146664827458604
94.15912764263356,1.214666482745867
94.16912764263355,1.2146664827458737
94.17912764263356,1.2146664827458804
94.18912764263357,1.214666482745887
94.19912764263357,1.2146664827458937
94.20912764263358,1.2146664827459002
94.21912764263357,1.2146664827459066
94.22912764263357,1.2146664827459133
94.23912764263358,1.2146664827459195
94.24912764263357,1.214666482745926
94.25912764263357,1.2146664827459324
94.26912764263358,1.2146664827459386
94.27912764263358,1.214666482745945
94.28912764263359,1.2146664827459512
94.29912764263358,1.2146664827459575
94.30912764263358,1.2146664827459637
94.31912764263359,1.2146664827459697
94.32912764263358,1.2146664827459759
94.33912764263358,1.214666482745982
94.34912764263359,1.214666482745988
94.3591276426336,1.214666482745994
94.3691276426336,1.214666482746
94.37912764263359,1.214666482746006
94.3891276426336,1.2146664827460119
94.3991276426336,1.2146664827460179
94.40912764263359,1.2146664827460236
94.4191276426336,1.2146664827460294
94.4291276426336,1.2146664827460354
94.43912764263361,1.2146664827460412
94.44912764263361,1.2146664827460467
94.4591276426336,1.2146664827460525
94.46912764263361,1.214666482746058
94.47912764263361,1.2146664827460638
94.4891276426336,1.2146664827460694
94.49912764263361,1.214666482746075
94.50912764263362,1.2146664827460805
94.51912764263362,1.214666482746086
94.52912764263363,1.2146664827460913
94.53912764263362,1.214666482746097
94.54912764263362,1.2146664827461022
94.55912764263363,1.2146664827461078
94.56912764263362,1.214666482746113
94.57912764263362,1.2146664827461184
94.58912764263363,1.2146664827461238
94.59912764263363,1.2146664827461289
94.60912764263364,1.2146664827461342
94.61912764263363,1.2146664827461393
94.62912764263363,1.2146664827461446
94.63912764263364,1.2146664827461497
94.64912764263363,1.2146664827461549
94.65912764263363,1.21466648274616
94.66912764263364,1.214666482746165
94.67912764263365,1.21466648274617
94.68912764263365,1.214666482746175
94.69912764263364,1.21466648274618
94.70912764263365,1.2146664827461848
94.71912764263365,1.21466648274619
94.72912764263364,1.2146664827461948
94.73912764263365,1.2146664827461997
94.74912764263365,1.2146664827462044
94.75912764263366,1.2146664827462093
94.76912764263366,1.214666482746214
94.77912764263365,1.2146664827462188
94.78912764263366,1.2146664827462235
94.79912764263366,1.2146664827462281
94.80912764263365,1.214666482746233
94.81912764263366,1.2146664827462375
94.82912764263367,1.2146664827462421
94.83912764263367,1.2146664827462468
94.84912764263368,1.2146664827462514
94.85912764263367,1.2146664827462559
94.86912764263367,1.2146664827462605
94.87912764263368,1.214666482746265
94.88912764263367,1.2146664827462694
94.89912764263367,1.2146664827462739
94.90912764263368,1.2146664827462783
94.91912764263368,1.2146664827462827
94.92912764263369,1.2146664827462872
94.93912764263368,1.2146664827462914
94.94912764263368,1.2146664827462956
94.95912764263369,1.2146664827463
94.96912764263368,1.2146664827463043
94.97912764263369,1.2146664827463085
94.98912764263369,1.214666482746313
94.9991276426337,1.214666482746317
95.0091276426337,1.2146664827463212
95.01912764263369,1.2146664827463254
95.0291276426337,1.2146664827463296
95.0391276426337,1.2146664827463336
95.04912764263369,1.2146664827463378
95.0591276426337,1.2146664827463418
95.0691276426337,1.2146664827463458
95.07912764263371,1.2146664827463498
95.08912764263371,1.2146664827463538
95.0991276426337,1.2146664827463578
95.10912764263371,1.2146664827463618
95.11912764263371,1.2146664827463658
95.1291276426337,1.2146664827463698
95.13912764263371,1.2146664827463736
95.14912764263372,1.2146664827463773
95.15912764263372,1.2146664827463813
95.16912764263373,1.2146664827463851
95.17912764263372,1.2146664827463889
95.18912764263372,1.2146664827463927
95.19912764263373,1.2146664827463964
95.20912764263372,1.2146664827464002
95.21912764263372,1.214666482746404
95.22912764263373,1.2146664827464075
95.23912764263373,1.2146664827464113
95.24912764263374,1.2146664827464149
95.25912764263373,1.2146664827464186
95.26912764263373,1.2146664827464222
95.27912764263374,1.2146664827464257
95.28912764263373,1.2146664827464293
95.29912764263374,1.2146664827464329
95.30912764263374,1.2146664827464364
95.31912764263375,1.21466648274644
95.32912764263375,1.2146664827464435
95.33912764263374,1.2146664827464468
95.34912764263375,1.2146664827464504
95.35912764263375,1.2146664827464537
95.36912764263374,1.2146664827464573
95.37912764263375,1.2146664827464606
95.38912764263375,1.214666482746464
95.39912764263376,1.2146664827464673
95.40912764263376,1.2146664827464706
95.41912764263375,1.214666482746474
95.42912764263376,1.2146664827464773
95.43912764263376,1.2146664827464806
95.44912764263375,1.214666482746484
95.45912764263376,1.214666482746487
95.46912764263377,1.2146664827464904
95.47912764263377,1.2146664827464935
95.48912764263378,1.2146664827464968
95.49912764263377,1.2146664827465
95.50912764263377,1.214666482746503
95.51912764263378,1.2146664827465061
95.52912764263377,1.2146664827465092
95.53912764263377,1.2146664827465123
95.54912764263378,1.2146664827465155
95.55912764263378,1.2146664827465186
95.56912764263379,1.2146664827465217
95.57912764263378,1.2146664827465248
95.58912764263378,1.2146664827465277
95.59912764263379,1.2146664827465306
95.60912764263378,1.2146664827465337
95.61912764263379,1.2146664827465365
95.62912764263379,1.2146664827465397
95.6391276426338,1.2146664827465425
95.6491276426338,1.2146664827465454
95.65912764263379,1.2146664827465483
95.6691276426338,1.2146664827465512
95.6791276426338,1.214666482746554
95.68912764263379,1.214666482746557
95.6991276426338,1.2146664827465599
95.7091276426338,1.2146664827465625
95.71912764263381,1.2146664827465654
95.72912764263381,1.2146664827465683
95.7391276426338,1.214666482746571
95.74912764263381,1.2146664827465736
95.75912764263381,1.2146664827465765
95.7691276426338,1.2146664827465792
95.77912764263381,1.2146664827465818
95.78912764263382,1.2146664827465845
95.79912764263382,1.2146664827465872
95.80912764263383,1.2146664827465898
95.81912764263382,1.2146664827465925
95.82912764263382,1.2146664827465952
95.83912764263383,1.2146664827465978
95.84912764263382,1.2146664827466005
95.85912764263382,1.214666482746603
95.86912764263383,1.2146664827466056
95.87912764263383,1.2146664827466083
95.88912764263384,1.2146664827466107
95.89912764263383,1.2146664827466132
95.90912764263383,1.2146664827466158
95.91912764263384,1.2146664827466183
95.92912764263383,1.2146664827466207
95.93912764263384,1.2146664827466231
95.94912764263384,1.2146664827466256
95.95912764263385,1.214666482746628
95.96912764263385,1.2146664827466305
95.97912764263384,1.214666482746633
95.98912764263385,1.2146664827466354
95.99912764263385,1.2146664827466378
96.00912764263384,1.2146664827466402
96.01912764263385,1.2146664827466425
96.02912764263385,1.214666482746645
96.03912764263386,1.2146664827466471
96.04912764263386,1.2146664827466496
96.05912764263385,1.2146664827466518
96.06912764263386,1.214666482746654
96.07912764263386,1.2146664827466565
96.08912764263385,1.2146664827466587
96.09912764263386,1.214666482746661
96.10912764263387,1.2146664827466633
96.11912764263387,1.2146664827466656
96.12912764263388,1.2146664827466678
96.13912764263387,1.21466648274667
96.14912764263387,1.214666482746672
96.15912764263388,1.2146664827466742
96.16912764263387,1.2146664827466764
96.17912764263387,1.2146664827466784
96.18912764263388,1.2146664827466807
96.19912764263388,1.2146664827466829
96.20912764263389,1.214666482746685
96.21912764263388,1.214666482746687
96.22912764263388,1.214666482746689
96.23912764263389,1.2146664827466913
96.24912764263388,1.2146664827466933
96.25912764263389,1.2146664827466953
96.26912764263389,1.2146664827466975
96.2791276426339,1.2146664827466995
96.2891276426339,1.2146664827467015
96.29912764263389,1.2146664827467035
96.3091276426339,1.2146664827467055
96.3191276426339,1.2146664827467075
96.32912764263389,1.2146664827467095
96.3391276426339,1.2146664827467115
96.3491276426339,1.2146664827467135
96.35912764263391,1.2146664827467153
96.36912764263391,1.2146664827467173
96.3791276426339,1.2146664827467193
96.38912764263391,1.214666482746721
96.39912764263391,1.214666482746723
96.4091276426339,1.214666482746725
96.41912764263391,1.2146664827467268
96.42912764263392,1.2146664827467286
96.43912764263392,1.2146664827467306
96.44912764263393,1.2146664827467324
96.45912764263392,1.2146664827467344
96.46912764263392,1.2146664827467362
96.47912764263393,1.214666482746738
96.48912764263392,1.2146664827467397
96.49912764263392,1.2146664827467415
96.50912764263393,1.2146664827467433
96.51912764263393,1.214666482746745
96.52912764263394,1.2146664827467468
96.53912764263393,1.2146664827467486
96.54912764263393,1.2146664827467504
96.55912764263394,1.2146664827467522
96.56912764263393,1.214666482746754
96.57912764263394,1.2146664827467555
96.58912764263394,1.2146664827467573
96.59912764263395,1.214666482746759
96.60912764263395,1.2146664827467606
96.61912764263394,1.2146664827467624
96.62912764263395,1.214666482746764
96.63912764263395,1.2146664827467657
96.64912764263394,1.2146664827467673
96.65912764263395,1.214666482746769
96.66912764263395,1.2146664827467706
96.67912764263396,1.2146664827467721
96.68912764263396,1.214666482746774
96.69912764263395,1.2146664827467755
96.70912764263396,1.214666482746777
96.71912764263396,1.2146664827467786
96.72912764263396,1.2146664827467801
96.73912764263396,1.2146664827467817
96.74912764263397,1.2146664827467832
96.75912764263397,1.2146664827467848
96.76912764263398,1.2146664827467863
96.77912764263397,1.214666482746788
96.78912764263397,1.2146664827467895
96.79912764263398,1.214666482746791
96.80912764263397,1.2146664827467926
96.81912764263397,1.214666482746794
96.82912764263398,1.2146664827467955
96.83912764263398,1.214666482746797
96.84912764263399,1.2146664827467983
96.85912764263398,1.2146664827468
96.86912764263398,1.2146664827468014
96.87912764263399,1.2146664827468028
96.88912764263398,1.214666482746804
96.89912764263399,1.2146664827468057
96.90912764263399,1.214666482746807
96.919127642634,1.2146664827468086
96.929127642634,1.2146664827468099
96.93912764263399,1.2146664827468112
96.949127642634,1.2146664827468125
96.959127642634,1.214666482746814
96.96912764263399,1.2146664827468154
96.979127642634,1.2146664827468168
96.989127642634,1.214666482746818
96.99912764263401,1.2146664827468194
97.00912764263401,1.2146664827468208
97.019127642634,1.214666482746822
97.02912764263401,1.2146664827468237
97.03912764263401,1.2146664827468248
97.049127642634,1.214666482746826
97.05912764263401,1.2146664827468274
97.06912764263402,1.2146664827468288
97.07912764263402,1.21466648274683
97.08912764263403,1.2146664827468312
97.09912764263402,1.2146664827468325
97.10912764263402,1.2146664827468339
97.11912764263403,1.2146664827468352
97.12912764263402,1.2146664827468363
97.13912764263402,1.2146664827468376
97.14912764263403,1.2146664827468387
97.15912764263403,1.21466648274684
97.16912764263404,1.2146664827468414
97.17912764263403,1.2146664827468425
97.18912764263403,1.2146664827468436
97.19912764263404,1.214666482746845
97.20912764263403,1.214666482746846
97.21912764263404,1.2146664827468472
97.22912764263404,1.2146664827468485
97.23912764263405,1.2146664827468496
97.24912764263405,1.2146664827468507
97.25912764263404,1.214666482746852
97.26912764263405,1.2146664827468532
97.27912764263405,1.2146664827468543
97.28912764263404,1.2146664827468554
97.29912764263405,1.2146664827468565
97.30912764263405,1.2146664827468576
97.31912764263406,1.2146664827468587
97.32912764263406,1.21466648274686
97.33912764263405,1.214666482746861
97.34912764263406,1.2146664827468623
97.35912764263406,1.2146664827468632
97.36912764263406,1.2146664827468643
97.37912764263406,1.2146664827468654
97.38912764263407,1.2146664827468665
97.39912764263407,1.2146664827468676
97.40912764263408,1.2146664827468687
97.41912764263407,1.2146664827468698
97.42912764263407,1.2146664827468707
97.43912764263408,1.2146664827468718
97.44912764263407,1.214666482746873
97.45912764263407,1.2146664827468738
97.46912764263408,1.214666482746875
97.47912764263408,1.214666482746876
97.48912764263409,1.214666482746877
97.49912764263408,1.214666482746878
97.50912764263408,1.214666482746879
97.51912764263409,1.21466648274688
97.52912764263408,1.214666482746881
97.53912764263409,1.214666482746882
97.54912764263409,1.214666482746883
97.5591276426341,1.214666482746884
97.5691276426341,1.214666482746885
97.57912764263409,1.2146664827468858
97.5891276426341,1.2146664827468867
97.5991276426341,1.2146664827468878
97.60912764263409,1.2146664827468887
97.6191276426341,1.2146664827468896
97.6291276426341,1.2146664827468907
97.63912764263411,1.2146664827468916
97.64912764263411,1.2146664827468925
97.6591276426341,1.2146664827468934
97.66912764263411,1.2146664827468943
97.67912764263411,1.2146664827468951
97.6891276426341,1.214666482746896
97.69912764263411,1.214666482746897
97.70912764263412,1.2146664827468978
97.71912764263412,1.2146664827468987
97.72912764263413,1.2146664827468998
97.73912764263412,1.2146664827469005
97.74912764263412,1.2146664827469014
97.75912764263413,1.2146664827469023
97.76912764263412,1.2146664827469031
97.77912764263412,1.214666482746904
97.78912764263413,1.214666482746905
97.79912764263413,1.2146664827469058
97.80912764263414,1.2146664827469067
97.81912764263413,1.2146664827469076
97.82912764263413,1.2146664827469082
97.83912764263414,1.2146664827469091
97.84912764263413,1.21466648274691
97.85912764263414,1.2146664827469107
97.86912764263414,1.2146664827469116
97.87912764263415,1.2146664827469125
97.88912764263415,1.2146664827469131
97.89912764263414,1.214666482746914
97.90912764263415,1.214666482746915
97.91912764263415,1.2146664827469156
97.92912764263414,1.2146664827469165
97.93912764263415,1.2146664827469171
97.94912764263415,1.214666482746918
97.95912764263416,1.2146664827469187
97.96912764263416,1.2146664827469196
97.97912764263415,1.2146664827469202
97.98912764263416,1.2146664827469211
97.99912764263416,1.2146664827469218
98.00912764263416,1.2146664827469227
98.01912764263416,1.2146664827469233
98.02912764263417,1.214666482746924
98.03912764263417,1.214666482746925
98.04912764263418,1.2146664827469256
98.05912764263417,1.2146664827469262
98.06912764263417,1.214666482746927
98.07912764263418,1.2146664827469276
98.08912764263417,1.2146664827469285
98.09912764263417,1.2146664827469291
98.10912764263418,1.2146664827469298
98.11912764263418,1.2146664827469307
98.12912764263419,1.2146664827469311
98.13912764263418,1.214666482746932
98.14912764263418,1.2146664827469327
98.15912764263419,1.2146664827469333
98.16912764263418,1.214666482746934
98.17912764263419,1.2146664827469347
98.18912764263419,1.2146664827469353
98.1991276426342,1.214666482746936
98.2091276426342,1.2146664827469367
98.21912764263419,1.2146664827469373
98.2291276426342,1.214666482746938
98.2391276426342,1.2146664827469387
98.24912764263419,1.2146664827469393
98.2591276426342,1.21466648274694
98.2691276426342,1.2146664827469407
98.27912764263421,1.2146664827469413
98.28912764263421,1.214666482746942
98.2991276426342,1.2146664827469427
98.30912764263421,1.214666482746943
98.31912764263421,1.2146664827469438
98.3291276426342,1.2146664827469444
98.33912764263421,1.214666482746945
98.34912764263422,1.2146664827469458
98.35912764263422,1.2146664827469462
98.36912764263423,1.2146664827469469
98.37912764263422,1.2146664827469476
98.38912764263422,1.2146664827469482
98.39912764263423,1.2146664827469489
98.40912764263422,1.2146664827469493
98.41912764263422,1.21466648274695
98.42912764263423,1.2146664827469507
98.43912764263423,1.214666482746951
98.44912764263424,1.2146664827469515
98.45912764263423,1.2146664827469522
98.46912764263423,1.2146664827469529
98.47912764263424,1.2146664827469533
98.48912764263423,1.214666482746954
98.49912764263424,1.2146664827469547
98.50912764263424,1.214666482746955
98.51912764263425,1.2146664827469555
98.52912764263425,1.2146664827469562
98.53912764263424,1.2146664827469569
98.54912764263425,1.2146664827469573
98.55912764263425,1.2146664827469578
98.56912764263424,1.2146664827469584
98.57912764263425,1.214666482746959
98.58912764263425,1.2146664827469595
98.59912764263426,1.21466648274696
98.60912764263426,1.2146664827469604
98.61912764263425,1.214666482746961
98.62912764263426,1.2146664827469615
98.63912764263426,1.2146664827469622
98.64912764263426,1.2146664827469627
98.65912764263426,1.214666482746963
98.66912764263427,1.2146664827469638
98.67912764263427,1.2146664827469642
98.68912764263428,1.2146664827469646
98.69912764263427,1.2146664827469653
98.70912764263427,1.2146664827469658
98.71912764263428,1.2146664827469662
98.72912764263427,1.2146664827469666
98.73912764263427,1.214666482746967
98.74912764263428,1.2146664827469678
98.75912764263428,1.2146664827469682
98.76912764263429,1.2146664827469686
98.77912764263428,1.214666482746969
98.78912764263428,1.2146664827469695
98.79912764263429,1.2146664827469702
98.80912764263428,1.2146664827469706
98.81912764263429,1.214666482746971
98.82912764263429,1.2146664827469715
98.8391276426343,1.214666482746972
98.8491276426343,1.2146664827469724
98.85912764263429,1.2146664827469729
98.8691276426343,1.2146664827469733
98.8791276426343,1.2146664827469738
98.88912764263429,1.2146664827469742
98.8991276426343,1.2146664827469746
98.9091276426343,1.214666482746975
98.91912764263431,1.2146664827469755
98.92912764263431,1.214666482746976
98.9391276426343,1.2146664827469764
98.94912764263431,1.2146664827469769
98.95912764263431,1.2146664827469773
98.9691276426343,1.2146664827469777
98.97912764263431,1.2146664827469782
98.98912764263432,1.2146664827469786
98.99912764263432,1.214666482746979
99.00912764263433,1.2146664827469795
99.01912764263432,1.21466648274698
99.02912764263432,1.2146664827469802
99.03912764263433,1.2146664827469806
99.04912764263432,1.214666482746981
99.05912764263432,1.2146664827469815
99.06912764263433,1.214666482746982
99.07912764263433,1.2146664827469822
99.08912764263434,1.2146664827469826
99.09912764263433,1.214666482746983
99.10912764263433,1.2146664827469835
99.11912764263434,1.214666482746984
99.12912764263433,1.2146664827469842
99.13912764263434,1.2146664827469846
99.14912764263434,1.214666482746985
99.15912764263435,1.2146664827469853
99.16912764263435,1.2146664827469857
99.17912764263434,1.2146664827469862
99.18912764263435,1.2146664827469866
99.19912764263435,1.214666482746987
99.20912764263434,1.2146664827469873
99.21912764263435,1.2146664827469877
99.22912764263435,1.214666482746988
99.23912764263436,1.2146664827469884
99.24912764263436,1.2146664827469889
99.25912764263435,1.214666482746989
99.26912764263436,1.2146664827469895
99.27912764263436,1.2146664827469897
99.28912764263436,1.2146664827469902
99.29912764263436,1.2146664827469906
99.30912764263437,1.2146664827469908
99.31912764263437,1.2146664827469913
99.32912764263438,1.2146664827469915
99.33912764263437,1.214666482746992
99.34912764263437,1.2146664827469924
99.35912764263438,1.2146664827469926
99.36912764263437,1.214666482746993
99.37912764263437,1.2146664827469933
99.38912764263438,1.2146664827469937
99.39912764263438,1.214666482746994
99.40912764263439,1.2146664827469944
99.41912764263438,1.2146664827469946
99.42912764263438,1.214666482746995
99.43912764263439,1.2146664827469953
99.44912764263438,1.2146664827469955
99.45912764263439,1.214666482746996
99.46912764263439,1.2146664827469962
99.4791276426344,1.2146664827469966
99.4891276426344,1.2146664827469968
99.49912764263439,1.2146664827469973
99.5091276426344,1.2146664827469975
99.5191276426344,1.2146664827469977
99.52912764263439,1.2146664827469982
99.5391276426344,1.2146664827469984
99.5491276426344,1.2146664827469988
99.55912764263441,1.214666482746999
99.56912764263441,1.2146664827469995
99.5791276426344,1.2146664827469997
99.58912764263441,1.214666482747
99.59912764263441,1.2146664827470004
99.6091276426344,1.2146664827470006
99.61912764263441,1.2146664827470008
99.62912764263442,1.214666482747001
99.63912764263442,1.2146664827470015
99.64912764263443,1.2146664827470017
99.65912764263442,1.214666482747002
99.66912764263442,1.2146664827470022
99.67912764263443,1.2146664827470026
99.68912764263442,1.2146664827470028
99.69912764263442,1.214666482747003
99.70912764263443,1.2146664827470035
99.71912764263443,1.2146664827470037
99.72912764263444,1.214666482747004
99.73912764263443,1.2146664827470042
99.74912764263443,1.2146664827470044
99.75912764263444,1.2146664827470048
99.76912764263443,1.214666482747005
99.77912764263444,1.2146664827470053
99.78912764263444,1.2146664827470055
99.79912764263445,1.2146664827470057
99.80912764263445,1.2146664827470062
99.81912764263444,1.2146664827470064
99.82912764263445,1.2146664827470066
99.83912764263445,1.2146664827470068
99.84912764263444,1.214666482747007
99.85912764263445,1.2146664827470075
99.86912764263445,1.2146664827470075
99.87912764263446,1.214666482747008
99.88912764263446,1.2146664827470082
99.89912764263445,1.2146664827470084
99.90912764263446,1.2146664827470086
99.91912764263446,1.2146664827470088
99.92912764263446,1.214666482747009
99.93912764263446,1.2146664827470093
99.94912764263447,1.2146664827470097
99.95912764263447,1.2146664827470097
99.96912764263448,1.2146664827470102
99.97912764263447,1.2146664827470104
99.98912764263447,1.2146664827470106
99.99912764263448,1.2146664827470108
100.00912764263447,1.214666482747011
100.01912764263447,1.2146664827470113
100.02912764263448,1.2146664827470115
100.03912764263448,1.2146664827470117
100.04912764263449,1.214666482747012
100.05912764263448,1.2146664827470122
100.06912764263448,1.2146664827470124
100.07912764263449,1.2146664827470126
100.08912764263448,1.2146664827470128
100.09912764263449,1.214666482747013
100.10912764263449,1.2146664827470133
100.1191276426345,1.2146664827470135
100.1291276426345,1.2146664827470137
100.13912764263449,1.214666482747014
100.1491276426345,1.2146664827470142
100.1591276426345,1.2146664827470144
100.16912764263449,1.2146664827470146
100.1791276426345,1.2146664827470148
100.1891276426345,1.214666482747015
100.19912764263451,1.214666482747015
100.20912764263451,1.2146664827470155
100.2191276426345,1.2146664827470155
100.22912764263451,1.2146664827470157
100.23912764263451,1.214666482747016
100.2491276426345,1.2146664827470162
100.25912764263451,1.2146664827470164
100.26912764263452,1.2146664827470166
100.27912764263452,1.2146664827470168
100.28912764263453,1.214666482747017
100.29912764263452,1.2146664827470173
100.30912764263452,1.2146664827470173
100.31912764263453,1.2146664827470175
100.32912764263452,1.2146664827470177
100.33912764263452,1.214666482747018
100.34912764263453,1.2146664827470182
100.35912764263453,1.2146664827470184
100.36912764263454,1.2146664827470186
100.37912764263453,1.2146664827470186
100.38912764263453,1.2146664827470188
100.39912764263454,1.214666482747019
100.40912764263453,1.2146664827470193
100.41912764263454,1.2146664827470195
100.42912764263454,1.2146664827470195
100.43912764263455,1.2146664827470197
100.44912764263455,1.21466648274702
100.45912764263454,1.2146664827470202
100.46912764263455,1.2146664827470204
100.47912764263455,1.2146664827470204
100.48912764263454,1.2146664827470206
100.49912764263455,1.2146664827470208
100.50912764263455,1.214666482747021
100.51912764263456,1.2146664827470213
100.52912764263456,1.2146664827470213
100.53912764263455,1.2146664827470215
100.54912764263456,1.2146664827470217
100.55912764263456,1.214666482747022
100.56912764263456,1.2146664827470222
100.57912764263456,1.2146664827470222
100.58912764263457,1.2146664827470224
100.59912764263457,1.2146664827470226
100.60912764263458,1.2146664827470226
100.61912764263457,1.2146664827470228
100.62912764263457,1.214666482747023
100.63912764263458,1.2146664827470233
100.64912764263457,1.2146664827470233
100.65912764263457,1.2146664827470235
100.66912764263458,1.2146664827470237
100.67912764263458,1.214666482747024
100.68912764263459,1.214666482747024
100.69912764263458,1.2146664827470242
100.70912764263458,1.2146664827470244
100.71912764263459,1.2146664827470244
100.72912764263458,1.2146664827470246
100.73912764263459,1.2146664827470248
100.74912764263459,1.2146664827470248
100.7591276426346,1.214666482747025
100.7691276426346,1.2146664827470253
100.77912764263459,1.2146664827470253
100.7891276426346,1.2146664827470255
100.7991276426346,1.2146664827470257
100.80912764263459,1.2146664827470257
100.8191276426346,1.214666482747026
100.8291276426346,1.214666482747026
100.83912764263461,1.2146664827470262
100.84912764263461,1.2146664827470264
100.8591276426346,1.2146664827470264
100.86912764263461,1.2146664827470266
100.87912764263461,1.2146664827470266
100.8891276426346,1.2146664827470268
100.89912764263461,1.214666482747027
100.90912764263462,1.214666482747027
100.91912764263462,1.2146664827470273
100.92912764263463,1.2146664827470275
100.93912764263462,1.2146664827470275
100.94912764263462,1.2146664827470277
100.95912764263463,1.214666482747028
100.96912764263462,1.214666482747028
100.97912764263462,1.214666482747028
100.98912764263463,1.2146664827470282
100.99912764263463,1.2146664827470284
101.00912764263464,1.2146664827470284
101.01912764263463,1.2146664827470286
101.02912764263463,1.2146664827470288
101.03912764263464,1.2146664827470288
101.04912764263463,1.2146664827470288
101.05912764263464,1.214666482747029
101.06912764263464,1.2146664827470293
101.07912764263465,1.2146664827470293
101.08912764263465,1.2146664827470295
101.09912764263464,1.2146664827470297
101.10912764263465,1.2146664827470297
101.11912764263465,1.2146664827470297
101.12912764263464,1.21466648274703
101.13912764263465,1.2146664827470302
101.14912764263465,1.2146664827470302
101.15912764263466,1.2146664827470302
101.16912764263466,1.2146664827470304
101.17912764263465,1.2146664827470306
101.18912764263466,1.2146664827470306
101.19912764263466,1.2146664827470306
101.20912764263466,1.2146664827470308
101.21912764263466,1.214666482747031
101.22912764263467,1.214666482747031
101.23912764263467,1.2146664827470313
101.24912764263468,1.2146664827470313
101.25912764263467,1.2146664827470315
101.26912764263467,1.2146664827470315
101.27912764263468,1.2146664827470317
101.28912764263467,1.2146664827470317
101.29912764263467,1.214666482747032
101.30912764263468,1.214666482747032
101.31912764263468,1.214666482747032
101.32912764263469,1.2146664827470322
101.33912764263468,1.2146664827470324
101.34912764263468,1.2146664827470324
101.35912764263469,1.2146664827470324
101.36912764263468,1.2146664827470326
101.37912764263469,1.2146664827470326
101.38912764263469,1.2146664827470328
101.3991276426347,1.2146664827470328
101.4091276426347,1.214666482747033
101.41912764263469,1.214666482747033
101.4291276426347,1.2146664827470333
101.4391276426347,1.2146664827470333
101.44912764263469,1.2146664827470333
101.4591276426347,1.2146664827470335
101.4691276426347,1.2146664827470337
101.47912764263471,1.2146664827470337
101.48912764263471,1.2146664827470337
101.4991276426347,1.214666482747034
101.50912764263471,1.214666482747034
101.51912764263471,1.2146664827470341
101.5291276426347,1.2146664827470341
101.53912764263471,1.2146664827470341
101.54912764263472,1.2146664827470344
101.55912764263472,1.2146664827470344
101.56912764263473,1.2146664827470346
101.57912764263472,1.2146664827470346
101.58912764263472,1.2146664827470346
101.59912764263473,1.2146664827470348
101.60912764263472,1.2146664827470348
101.61912764263472,1.214666482747035
101.62912764263473,1.214666482747035
101.63912764263473,1.214666482747035
101.64912764263474,1.2146664827470353
101.65912764263473,1.2146664827470353
101.66912764263473,1.2146664827470355
101.67912764263474,1.2146664827470355
101.68912764263473,1.2146664827470355
101.69912764263474,1.2146664827470357
101.70912764263474,1.2146664827470357
101.71912764263475,1.214666482747036
101.72912764263475,1.214666482747036
101.73912764263474,1.214666482747036
101.74912764263475,1.214666482747036
101.75912764263475,1.2146664827470361
101.76912764263474,1.2146664827470361
101.77912764263475,1.2146664827470364
101.78912764263475,1.2146664827470364
101.79912764263476,1.2146664827470364
101.80912764263476,1.2146664827470366
101.81912764263475,1.2146664827470366
101.82912764263476,1.2146664827470366
101.83912764263476,1.2146664827470368
101.84912764263476,1.2146664827470368
101.85912764263476,1.2146664827470368
101.86912764263477,1.214666482747037
101.87912764263477,1.214666482747037
101.88912764263478,1.2146664827470373
101.89912764263477,1.2146664827470373
101.90912764263477,1.2146664827470373
101.91912764263478,1.2146664827470373
101.92912764263477,1.2146664827470375
101.93912764263477,1.2146664827470375
101.94912764263478,1.2146664827470377
101.95912764263478,1.2146664827470377
101.96912764263479,1.2146664827470377
101.97912764263478,1.2146664827470377
101.98912764263478,1.214666482747038
101.99912764263479,1.214666482747038
102.00912764263478,1.2146664827470381
102.01912764263479,1.2146664827470381
102.02912764263479,1.2146664827470381
102.0391276426348,1.2146664827470381
102.0491276426348,1.2146664827470384
102.05912764263479,1.2146664827470384
102.0691276426348,1.2146664827470384
102.0791276426348,1.2146664827470386
102.08912764263479,1.2146664827470386
102.0991276426348,1.2146664827470386
102.1091276426348,1.2146664827470386
102.11912764263481,1.2146664827470388
102.12912764263481,1.2146664827470388
102.1391276426348,1.2146664827470388
102.14912764263481,1.214666482747039
102.15912764263481,1.214666482747039
102.1691276426348,1.214666482747039
102.17912764263481,1.214666482747039
102.18912764263482,1.2146664827470393
102.19912764263482,1.2146664827470393
102.20912764263483,1.2146664827470393
102.21912764263482,1.2146664827470395
102.22912764263482,1.2146664827470395
102.23912764263483,1.2146664827470395
102.24912764263482,1.2146664827470395
102.25912764263482,1.2146664827470397
102.26912764263483,1.2146664827470397
102.27912764263483,1.2146664827470397
102.28912764263484,1.21466648274704
102.29912764263483,1.21466648274704
102.30912764263483,1.21466648274704
102.31912764263484,1.21466648274704
102.32912764263483,1.21466648274704
102.33912764263484,1.2146664827470401
102.34912764263484,1.2146664827470401
102.35912764263485,1.2146664827470401
102.36912764263485,1.2146664827470404
102.37912764263484,1.2146664827470404
102.38912764263485,1.2146664827470404
102.39912764263485,1.2146664827470404
102.40912764263484,1.2146664827470404
102.41912764263485,1.2146664827470406
102.42912764263485,1.2146664827470406
102.43912764263486,1.2146664827470406
102.44912764263486,1.2146664827470408
102.45912764263485,1.2146664827470408
102.46912764263486,1.2146664827470408
102.47912764263486,1.2146664827470408
102.48912764263486,1.2146664827470408
102.49912764263486,1.2146664827470408
102.50912764263487,1.214666482747041
102.51912764263487,1.214666482747041
102.52912764263488,1.214666482747041
102.53912764263487,1.2146664827470413
102.54912764263487,1.2146664827470413
102.55912764263488,1.2146664827470413
102.56912764263487,1.2146664827470413
102.57912764263487,1.2146664827470413
102.58912764263488,1.2146664827470415
102.59912764263488,1.2146664827470415
102.60912764263489,1.2146664827470415
102.61912764263488,1.2146664827470415
102.62912764263488,1.2146664827470417
102.63912764263489,1.2146664827470417
102.64912764263488,1.2146664827470417
102.65912764263489,1.2146664827470417
102.66912764263489,1.2146664827470417
102.6791276426349,1.2146664827470417
102.6891276426349,1.214666482747042
102.69912764263489,1.214666482747042
102.7091276426349,1.214666482747042
102.7191276426349,1.2146664827470421
102.7291276426349,1.2146664827470421
102.7391276426349,1.2146664827470421
102.7491276426349,1.2146664827470421
102.75912764263491,1.2146664827470421
102.76912764263491,1.2146664827470421
102.7791276426349,1.2146664827470424
102.78912764263491,1.2146664827470424
102.79912764263491,1.2146664827470424
102.8091276426349,1.2146664827470424
102.81912764263491,1.2146664827470426
102.82912764263492,1.2146664827470426
102.83912764263492,1.2146664827470426
102.84912764263493,1.2146664827470426
102.85912764263492,1.2146664827470426
102.86912764263492,1.2146664827470426
102.87912764263493,1.2146664827470426
102.88912764263492,1.2146664827470426
102.89912764263492,1.2146664827470428
102.90912764263493,1.2146664827470428
102.91912764263493,1.2146664827470428
102.92912764263494,1.214666482747043
102.93912764263493,1.214666482747043
102.94912764263493,1.214666482747043
102.95912764263494,1.214666482747043
102.96912764263493,1.214666482747043
102.97912764263494,1.214666482747043
102.98912764263494,1.214666482747043
102.99912764263495,1.214666482747043
103.00912764263495,1.2146664827470433
103.01912764263494,1.2146664827470433
103.02912764263495,1.2146664827470433
103.03912764263495,1.2146664827470433
103.04912764263494,1.2146664827470435
103.05912764263495,1.2146664827470435
103.06912764263495,1.2146664827470435
103.07912764263496,1.2146664827470435
103.08912764263496,1.2146664827470435
103.09912764263495,1.2146664827470435
103.10912764263496,1.2146664827470435
103.11912764263496,1.2146664827470435
103.12912764263496,1.2146664827470437
103.13912764263496,1.2146664827470437
103.14912764263497,1.2146664827470437
103.15912764263497,1.2146664827470437
103.16912764263498,1.214666482747044
103.17912764263497,1.214666482747044
103.18912764263497,1.214666482747044
103.19912764263498,1.214666482747044
103.20912764263497,1.214666482747044
103.21912764263497,1.214666482747044
103.22912764263498,1.214666482747044
103.23912764263498,1.214666482747044
103.24912764263499,1.2146664827470441
103.25912764263498,1.2146664827470441
103.26912764263498,1.2146664827470441
103.27912764263499,1.2146664827470441
103.28912764263498,1.2146664827470441
103.29912764263499,1.2146664827470441
103.30912764263499,1.2146664827470444
103.319127642635,1.2146664827470444
103.329127642635,1.2146664827470444
103.33912764263499,1.2146664827470444
103.349127642635,1.2146664827470444
103.359127642635,1.2146664827470444
103.369127642635,1.2146664827470444
103.379127642635,1.2146664827470444
103.389127642635,1.2146664827470444
103.39912764263501,1.2146664827470446
103.40912764263501,1.2146664827470446
103.419127642635,1.2146664827470446
103.42912764263501,1.2146664827470446
103.43912764263501,1.2146664827470446
103.449127642635,1.2146664827470448
103.45912764263501,1.2146664827470448
103.46912764263502,1.2146664827470448
103.47912764263502,1.2146664827470448
103.48912764263503,1.2146664827470448
103.49912764263502,1.2146664827470448
103.50912764263502,1.2146664827470448
103.51912764263503,1.2146664827470448
103.52912764263502,1.2146664827470448
103.53912764263502,1.2146664827470448
103.54912764263503,1.2146664827470448
103.55912764263503,1.214666482747045
103.56912764263504,1.214666482747045
103.57912764263503,1.214666482747045
103.58912764263503,1.214666482747045
103.59912764263504,1.214666482747045
103.60912764263503,1.2146664827470453
103.61912764263504,1.2146664827470453
103.62912764263504,1.2146664827470453
103.63912764263505,1.2146664827470453
103.64912764263505,1.2146664827470453
103.65912764263504,1.2146664827470453
103.66912764263505,1.2146664827470453
103.67912764263505,1.2146664827470453
103.68912764263504,1.2146664827470453
103.69912764263505,1.2146664827470453
103.70912764263505,1.2146664827470453
103.71912764263506,1.2146664827470453
103.72912764263506,1.2146664827470455
103.73912764263505,1.2146664827470455
103.74912764263506,1.2146664827470455
103.75912764263506,1.2146664827470455
103.76912764263506,1.2146664827470455
103.77912764263506,1.2146664827470455
103.78912764263507,1.2146664827470455
103.79912764263507,1.2146664827470457
103.80912764263508,1.2146664827470457
103.81912764263507,1.2146664827470457
103.82912764263507,1.2146664827470457
103.83912764263508,1.2146664827470457
103.84912764263507,1.2146664827470457
103.85912764263507,1.2146664827470457
103.86912764263508,1.2146664827470457
103.87912764263508,1.2146664827470457
103.88912764263509,1.2146664827470457
103.89912764263508,1.2146664827470457
103.90912764263508,1.2146664827470457
103.91912764263509,1.214666482747046
103.92912764263508,1.214666482747046
103.93912764263509,1.214666482747046
103.94912764263509,1.214666482747046
103.9591276426351,1.214666482747046
103.9691276426351,1.214666482747046
103.97912764263509,1.214666482747046
103.9891276426351,1.214666482747046
103.9991276426351,1.2146664827470461
104.0091276426351,1.2146664827470461
104.0191276426351,1.2146664827470461
104.0291276426351,1.2146664827470461
104.03912764263511,1.2146664827470461
104.04912764263511,1.2146664827470461
104.0591276426351,1.2146664827470461
104.06912764263511,1.2146664827470461
104.07912764263511,1.2146664827470461
104.0891276426351,1.2146664827470461
104.09912764263511,1.2146664827470461
104.10912764263512,1.2146664827470461
104.11912764263512,1.2146664827470461
104.12912764263513,1.2146664827470461
104.13912764263512,1.2146664827470464
104.14912764263512,1.2146664827470464
104.15912764263513,1.2146664827470464
104.16912764263512,1.2146664827470464
104.17912764263512,1.2146664827470464
104.18912764263513,1.2146664827470464
104.19912764263513,1.2146664827470464
104.20912764263514,1.2146664827470464
104.21912764263513,1.2146664827470464
104.22912764263513,1.2146664827470466
104.23912764263514,1.2146664827470466
104.24912764263513,1.2146664827470466
104.25912764263514,1.2146664827470466
104.26912764263514,1.2146664827470466
104.27912764263515,1.2146664827470466
104.28912764263515,1.2146664827470466
104.29912764263514,1.2146664827470466
104.30912764263515,1.2146664827470466
104.31912764263515,1.2146664827470466
104.32912764263514,1.2146664827470466
104.33912764263515,1.2146664827470466
104.34912764263515,1.2146664827470466
104.35912764263516,1.2146664827470466
104.36912764263516,1.2146664827470466
104.37912764263515,1.2146664827470466
104.38912764263516,1.2146664827470468
104.39912764263516,1.2146664827470468
104.40912764263516,1.2146664827470468
104.41912764263516,1.2146664827470468
104.42912764263517,1.2146664827470468
104.43912764263517,1.2146664827470468
104.44912764263518,1.2146664827470468
104.45912764263517,1.2146664827470468
104.46912764263517,1.2146664827470468
104.47912764263518,1.2146664827470468
104.48912764263517,1.2146664827470468
104.49912764263517,1.214666482747047
104.50912764263518,1.214666482747047
104.51912764263518,1.214666482747047
104.52912764263519,1.214666482747047
104.53912764263518,1.214666482747047
104.54912764263518,1.214666482747047
104.55912764263519,1.214666482747047
104.56912764263518,1.214666482747047
104.57912764263519,1.214666482747047
104.58912764263519,1.214666482747047
104.5991276426352,1.214666482747047
104.6091276426352,1.214666482747047
104.61912764263519,1.214666482747047
104.6291276426352,1.214666482747047
104.6391276426352,1.214666482747047
104.6491276426352,1.214666482747047
104.6591276426352,1.214666482747047
104.6691276426352,1.214666482747047
104.67912764263521,1.214666482747047
104.68912764263521,1.214666482747047
104.6991276426352,1.214666482747047
104.70912764263521,1.2146664827470472
104.71912764263521,1.2146664827470472
104.7291276426352,1.2146664827470472
104.73912764263521,1.2146664827470472
104.74912764263522,1.2146664827470472
104.75912764263522,1.2146664827470472
104.76912764263523,1.2146664827470472
104.77912764263522,1.2146664827470472
104.78912764263522,1.2146664827470472
104.79912764263523,1.2146664827470472
104.80912764263522,1.2146664827470472
104.81912764263522,1.2146664827470472
104.82912764263523,1.2146664827470472
104.83912764263523,1.2146664827470472
104.84912764263524,1.2146664827470475
104.85912764263523,1.2146664827470475
104.86912764263523,1.2146664827470475
104.87912764263524,1.2146664827470475
104.88912764263523,1.2146664827470475
104.89912764263524,1.2146664827470475
104.90912764263524,1.2146664827470475
104.91912764263525,1.2146664827470475
104.92912764263525,1.2146664827470475
104.93912764263524,1.2146664827470475
104.94912764263525,1.2146664827470475
104.95912764263525,1.2146664827470475
104.96912764263524,1.2146664827470475
104.97912764263525,1.2146664827470475
104.98912764263525,1.2146664827470475
104.99912764263526,1.2146664827470475
105.00912764263526,1.2146664827470475
105.01912764263525,1.2146664827470475
105.02912764263526,1.2146664827470475
105.03912764263526,1.2146664827470475
105.04912764263526,1.2146664827470475
105.05912764263526,1.2146664827470475
105.06912764263527,1.2146664827470475
105.07912764263527,1.2146664827470475
105.08912764263528,1.2146664827470477
105.09912764263527,1.2146664827470477
105.10912764263527,1.2146664827470477
105.11912764263528,1.2146664827470477
105.12912764263527,1.2146664827470477
105.13912764263527,1.2146664827470477
105.14912764263528,1.2146664827470477
105.15912764263528,1.2146664827470477
105.16912764263529,1.2146664827470477
105.17912764263528,1.2146664827470477
105.18912764263528,1.2146664827470477
105.19912764263529,1.2146664827470477
105.20912764263528,1.2146664827470477
105.21912764263529,1.2146664827470477
105.22912764263529,1.2146664827470477
105.2391276426353,1.2146664827470477
105.2491276426353,1.2146664827470477
105.25912764263529,1.214666482747048
105.2691276426353,1.214666482747048
105.2791276426353,1.214666482747048
105.2891276426353,1.214666482747048
105.2991276426353,1.214666482747048
105.3091276426353,1.214666482747048
105.31912764263531,1.214666482747048
105.32912764263531,1.214666482747048
105.3391276426353,1.214666482747048
105.34912764263531,1.214666482747048
105.35912764263531,1.214666482747048
105.3691276426353,1.214666482747048
105.37912764263531,1.214666482747048
105.38912764263532,1.214666482747048
105.39912764263532,1.214666482747048
105.40912764263533,1.214666482747048
105.41912764263532,1.214666482747048
105.42912764263532,1.214666482747048
105.43912764263533,1.214666482747048
105.44912764263532,1.214666482747048
105.45912764263532,1.214666482747048
105.46912764263533,1.214666482747048
105.47912764263533,1.214666482747048
105.48912764263534,1.214666482747048
105.49912764263533,1.214666482747048
105.50912764263533,1.214666482747048
105.51912764263534,1.214666482747048
105.52912764263533,1.214666482747048
105.53912764263534,1.214666482747048
105.54912764263534,1.214666482747048
105.55912764263535,1.214666482747048
105.56912764263535,1.2146664827470481
105.57912764263534,1.2146664827470481
105.58912764263535,1.2146664827470481
105.59912764263535,1.2146664827470481
105.60912764263534,1.2146664827470481
105.61912764263535,1.2146664827470481
105.62912764263535,1.2146664827470481
105.63912764263536,1.2146664827470481
105.64912764263536,1.2146664827470481
105.65912764263535,1.2146664827470481
105.66912764263536,1.2146664827470481
105.67912764263536,1.2146664827470481
105.68912764263536,1.2146664827470481
105.69912764263536,1.2146664827470481
105.70912764263537,1.2146664827470481
105.71912764263537,1.2146664827470481
105.72912764263538,1.2146664827470481
105.73912764263537,1.2146664827470481
105.74912764263537,1.2146664827470481
105.75912764263538,1.2146664827470481
105.76912764263537,1.2146664827470481
105.77912764263537,1.2146664827470481
105.78912764263538,1.2146664827470481
105.79912764263538,1.2146664827470481
105.80912764263539,1.2146664827470484
105.81912764263538,1.2146664827470484
105.82912764263538,1.2146664827470484
105.83912764263539,1.2146664827470484
105.84912764263538,1.2146664827470484
105.85912764263539,1.2146664827470484
105.86912764263539,1.2146664827470484
105.8791276426354,1.2146664827470484
105.8891276426354,1.2146664827470484
105.89912764263539,1.2146664827470484
105.9091276426354,1.2146664827470484
105.9191276426354,1.2146664827470484
105.9291276426354,1.2146664827470484
105.9391276426354,1.2146664827470484
105.9491276426354,1.2146664827470484
105.95912764263541,1.2146664827470484
105.96912764263541,1.2146664827470484
105.9791276426354,1.2146664827470484
105.98912764263541,1.2146664827470484
105.99912764263541,1.2146664827470484
106.0091276426354,1.2146664827470484
106.01912764263541,1.2146664827470484
106.02912764263542,1.2146664827470484
106.03912764263542,1.2146664827470484
106.04912764263543,1.2146664827470484
106.05912764263542,1.2146664827470484
106.06912764263542,1.2146664827470484
106.07912764263543,1.2146664827470484
106.08912764263542,1.2146664827470484
106.09912764263542,1.2146664827470484
106.10912764263543,1.2146664827470484
106.11912764263543,1.2146664827470484
106.12912764263544,1.2146664827470484
106.13912764263543,1.2146664827470484
106.14912764263543,1.2146664827470484
106.15912764263544,1.2146664827470484
106.16912764263543,1.2146664827470484
106.17912764263544,1.2146664827470484
106.18912764263544,1.2146664827470484
106.19912764263545,1.2146664827470484
106.20912764263545,1.2146664827470484
106.21912764263544,1.2146664827470484
106.22912764263545,1.2146664827470484
106.23912764263545,1.2146664827470484
106.24912764263544,1.2146664827470484
106.25912764263545,1.2146664827470484
106.26912764263545,1.2146664827470484
106.27912764263546,1.2146664827470486
106.28912764263546,1.2146664827470486
106.29912764263545,1.2146664827470486
106.30912764263546,1.2146664827470486
106.31912764263546,1.2146664827470486
106.32912764263546,1.2146664827470486
106.33912764263546,1.2146664827470486
106.34912764263547,1.2146664827470486
106.35912764263547,1.2146664827470486
106.36912764263548,1.2146664827470486
106.37912764263547,1.2146664827470486
106.38912764263547,1.2146664827470486
106.39912764263548,1.2146664827470486
106.40912764263547,1.2146664827470486
106.41912764263547,1.2146664827470486
106.42912764263548,1.2146664827470486
106.43912764263548,1.2146664827470486
106.44912764263549,1.2146664827470486
106.45912764263548,1.2146664827470486
106.46912764263548,1.2146664827470486
106.47912764263549,1.2146664827470486
106.48912764263548,1.2146664827470486
106.49912764263549,1.2146664827470486
106.50912764263549,1.2146664827470486
106.5191276426355,1.2146664827470486
106.5291276426355,1.2146664827470486
106.53912764263549,1.2146664827470486
106.5491276426355,1.2146664827470486
106.5591276426355,1.2146664827470486
106.5691276426355,1.2146664827470486
106.5791276426355,1.2146664827470486
106.5891276426355,1.2146664827470486
106.59912764263551,1.2146664827470486
106.60912764263551,1.2146664827470486
106.6191276426355,1.2146664827470486
106.62912764263551,1.2146664827470486
106.63912764263551,1.2146664827470486
106.6491276426355,1.2146664827470486
106.65912764263551,1.2146664827470486
106.66912764263552,1.2146664827470488
106.67912764263552,1.2146664827470488
106.68912764263553,1.2146664827470488
106.69912764263552,1.2146664827470488
106.70912764263552,1.2146664827470488
106.71912764263553,1.2146664827470488
106.72912764263552,1.2146664827470488
106.73912764263552,1.2146664827470488
106.74912764263553,1.2146664827470488
106.75912764263553,1.2146664827470488
106.76912764263554,1.2146664827470488
106.77912764263553,1.2146664827470488
106.78912764263553,1.2146664827470488
106.79912764263554,1.2146664827470488
106.80912764263553,1.2146664827470488
106.81912764263554,1.2146664827470488
106.82912764263554,1.2146664827470488
106.83912764263555,1.2146664827470488
106.84912764263555,1.2146664827470488
106.85912764263554,1.2146664827470488
106.86912764263555,1.2146664827470488
106.87912764263555,1.2146664827470488
106.88912764263554,1.2146664827470488
106.89912764263555,1.2146664827470488
106.90912764263555,1.2146664827470488
106.91912764263556,1.2146664827470488
106.92912764263556,1.2146664827470488
106.93912764263555,1.2146664827470488
106.94912764263556,1.2146664827470488
106.95912764263556,1.2146664827470488
106.96912764263556,1.2146664827470488
106.97912764263556,1.2146664827470488
106.98912764263557,1.2146664827470488
106.99912764263557,1.2146664827470488
107.00912764263558,1.2146664827470488
107.01912764263557,1.2146664827470488
107.02912764263557,1.2146664827470488
107.03912764263558,1.2146664827470488
107.04912764263557,1.2146664827470488
107.05912764263557,1.2146664827470488
107.06912764263558,1.2146664827470488
107.07912764263558,1.2146664827470488
107.08912764263559,1.2146664827470488
107.09912764263558,1.2146664827470488
107.10912764263558,1.2146664827470488
107.11912764263559,1.2146664827470488
107.12912764263558,1.2146664827470488
107.13912764263559,1.2146664827470488
107.14912764263559,1.2146664827470488
107.1591276426356,1.2146664827470488
107.1691276426356,1.2146664827470488
107.17912764263559,1.2146664827470488
107.1891276426356,1.2146664827470488
107.1991276426356,1.2146664827470488
107.2091276426356,1.2146664827470488
107.2191276426356,1.2146664827470488
107.2291276426356,1.2146664827470488
107.23912764263561,1.2146664827470488
107.24912764263561,1.2146664827470488
107.2591276426356,1.2146664827470488
107.26912764263561,1.2146664827470488
107.27912764263561,1.2146664827470488
107.2891276426356,1.2146664827470488
107.29912764263561,1.2146664827470488
107.30912764263562,1.2146664827470488
107.31912764263562,1.2146664827470488
107.32912764263563,1.2146664827470488
107.33912764263562,1.2146664827470488
107.34912764263562,1.2146664827470488
107.35912764263563,1.2146664827470488
107.36912764263562,1.2146664827470488
107.37912764263562,1.2146664827470488
107.38912764263563,1.2146664827470488
107.39912764263563,1.2146664827470488
107.40912764263564,1.2146664827470488
107.41912764263563,1.2146664827470488
107.42912764263563,1.2146664827470488
107.43912764263564,1.2146664827470488
107.44912764263563,1.2146664827470488
107.45912764263564,1.2146664827470488
107.46912764263564,1.2146664827470488
107.47912764263565,1.2146664827470488
107.48912764263565,1.2146664827470488
107.49912764263564,1.2146664827470488
107.50912764263565,1.2146664827470488
107.51912764263565,1.2146664827470488
107.52912764263564,1.2146664827470488
107.53912764263565,1.2146664827470488
107.54912764263565,1.2146664827470488
107.55912764263566,1.2146664827470488
107.56912764263566,1.2146664827470488
107.57912764263565,1.2146664827470488
107.58912764263566,1.2146664827470488
107.59912764263566,1.2146664827470488
107.60912764263566,1.214666482747049
107.61912764263566,1.214666482747049
107.62912764263567,1.214666482747049
107.63912764263567,1.214666482747049
107.64912764263568,1.214666482747049
107.65912764263567,1.214666482747049
107.66912764263567,1.214666482747049
107.67912764263568,1.214666482747049
107.68912764263567,1.214666482747049
107.69912764263567,1.214666482747049
107.70912764263568,1.214666482747049
107.71912764263568,1.214666482747049
107.72912764263569,1.214666482747049
107.73912764263568,1.214666482747049
107.74912764263568,1.214666482747049
107.75912764263569,1.214666482747049
107.76912764263568,1.214666482747049
107.77912764263569,1.214666482747049
107.78912764263569,1.214666482747049
107.7991276426357,1.214666482747049
107.8091276426357,1.214666482747049
107.81912764263569,1.214666482747049
107.8291276426357,1.214666482747049
107.8391276426357,1.214666482747049
107.8491276426357,1.214666482747049
107.8591276426357,1.214666482747049
107.8691276426357,1.214666482747049
107.87912764263571,1.214666482747049
107.88912764263571,1.214666482747049
107.8991276426357,1.214666482747049
107.90912764263571,1.214666482747049
107.91912764263571,1.214666482747049
107.9291276426357,1.214666482747049
107.93912764263571,1.214666482747049
107.94912764263572,1.214666482747049
107.95912764263572,1.214666482747049
107.96912764263573,1.214666482747049
107.97912764263572,1.214666482747049
107.98912764263572,1.214666482747049
107.99912764263573,1.214666482747049
108.00912764263572,1.214666482747049
108.01912764263572,1.214666482747049
108.02912764263573,1.214666482747049
108.03912764263573,1.214666482747049
108.04912764263574,1.214666482747049
108.05912764263573,1.214666482747049
108.06912764263573,1.214666482747049
108.07912764263574,1.214666482747049
108.08912764263573,1.214666482747049
108.09912764263574,1.214666482747049
108.10912764263574,1.214666482747049
108.11912764263575,1.214666482747049
108.12912764263575,1.214666482747049
108.13912764263574,1.214666482747049
108.14912764263575,1.214666482747049
108.15912764263575,1.214666482747049
108.16912764263574,1.214666482747049
108.17912764263575,1.214666482747049
108.18912764263575,1.214666482747049
108.19912764263576,1.214666482747049
108.20912764263576,1.214666482747049
108.21912764263575,1.214666482747049
108.22912764263576,1.214666482747049
108.23912764263576,1.214666482747049
108.24912764263576,1.214666482747049
108.25912764263576,1.214666482747049
108.26912764263577,1.214666482747049
108.27912764263577,1.214666482747049
108.28912764263578,1.214666482747049
108.29912764263577,1.214666482747049
108.30912764263577,1.214666482747049
108.31912764263578,1.214666482747049
108.32912764263577,1.214666482747049
108.33912764263577,1.214666482747049
108.34912764263578,1.214666482747049
108.35912764263578,1.214666482747049
108.36912764263579,1.214666482747049
108.37912764263578,1.214666482747049
108.38912764263578,1.214666482747049
108.39912764263579,1.214666482747049
108.40912764263578,1.214666482747049
108.41912764263579,1.214666482747049
108.42912764263579,1.214666482747049
108.4391276426358,1.214666482747049
108.4491276426358,1.214666482747049
108.45912764263579,1.214666482747049
108.4691276426358,1.214666482747049
108.4791276426358,1.214666482747049
108.4891276426358,1.214666482747049
108.4991276426358,1.214666482747049
108.5091276426358,1.214666482747049
108.51912764263581,1.214666482747049
108.52912764263581,1.214666482747049
108.5391276426358,1.214666482747049
108.54912764263581,1.214666482747049
108.55912764263581,1.214666482747049
108.5691276426358,1.214666482747049
108.57912764263581,1.214666482747049
108.58912764263582,1.214666482747049
108.59912764263582,1.214666482747049
108.60912764263583,1.214666482747049
108.61912764263582,1.214666482747049
108.62912764263582,1.214666482747049
108.63912764263583,1.214666482747049
108.64912764263582,1.214666482747049
108.65912764263582,1.214666482747049
108.66912764263583,1.214666482747049
108.67912764263583,1.214666482747049
108.68912764263584,1.214666482747049
108.69912764263583,1.214666482747049
108.70912764263583,1.214666482747049
108.71912764263584,1.214666482747049
108.72912764263583,1.214666482747049
108.73912764263584,1.2146664827470492
108.74912764263584,1.2146664827470492
108.75912764263585,1.2146664827470492
108.76912764263585,1.2146664827470492
108.77912764263584,1.2146664827470492
108.78912764263585,1.2146664827470492
108.79912764263585,1.2146664827470492
108.80912764263584,1.2146664827470492
108.81912764263585,1.2146664827470492
108.82912764263585,1.2146664827470492
108.83912764263586,1.2146664827470492
108.84912764263586,1.2146664827470492
108.85912764263585,1.2146664827470492
108.86912764263586,1.2146664827470492
108.87912764263586,1.2146664827470492
108.88912764263586,1.2146664827470492
108.89912764263586,1.2146664827470492
108.90912764263587,1.2146664827470492
108.91912764263587,1.2146664827470492
108.92912764263588,1.2146664827470492
108.93912764263587,1.2146664827470492
108.94912764263587,1.2146664827470492
108.95912764263588,1.2146664827470492
108.96912764263587,1.2146664827470492
108.97912764263587,1.2146664827470492
108.98912764263588,1.2146664827470492
108.99912764263588,1.2146664827470492
109.00912764263589,1.2146664827470492
109.01912764263588,1.2146664827470492
109.02912764263588,1.2146664827470492
109.03912764263589,1.2146664827470492
109.04912764263588,1.2146664827470492
109.05912764263589,1.2146664827470492
109.06912764263589,1.2146664827470492
109.0791276426359,1.2146664827470492
109.0891276426359,1.2146664827470492
109.09912764263589,1.2146664827470492
109.1091276426359,1.2146664827470492
109.1191276426359,1.2146664827470492
109.1291276426359,1.2146664827470492
109.1391276426359,1.2146664827470492
109.1491276426359,1.2146664827470492
109.15912764263591,1.2146664827470492
109.16912764263591,1.2146664827470492
109.1791276426359,1.2146664827470492
109.18912764263591,1.2146664827470492
109.19912764263591,1.2146664827470492
109.2091276426359,1.2146664827470492
109.21912764263591,1.2146664827470492
109.22912764263592,1.2146664827470492
109.23912764263592,1.2146664827470492
109.24912764263593,1.2146664827470492
109.25912764263592,1.2146664827470492
109.26912764263592,1.2146664827470492
109.27912764263593,1.2146664827470492
109.28912764263592,1.2146664827470492
109.29912764263592,1.2146664827470492
109.30912764263593,1.2146664827470492
109.31912764263593,1.2146664827470492
109.32912764263594,1.2146664827470492
109.33912764263593,1.2146664827470492
109.34912764263593,1.2146664827470492
109.35912764263594,1.2146664827470492
109.36912764263593,1.2146664827470492
109.37912764263594,1.2146664827470492
109.38912764263594,1.2146664827470492
109.39912764263595,1.2146664827470492
109.40912764263595,1.2146664827470492
109.41912764263594,1.2146664827470492
109.42912764263595,1.2146664827470492
109.43912764263595,1.2146664827470492
109.44912764263594,1.2146664827470492
109.45912764263595,1.2146664827470492
109.46912764263595,1.2146664827470492
109.47912764263596,1.2146664827470492
109.48912764263596,1.2146664827470492
109.49912764263595,1.2146664827470492
109.50912764263596,1.2146664827470492
109.51912764263597,1.2146664827470492
109.52912764263596,1.2146664827470492
109.53912764263596,1.2146664827470492
109.54912764263597,1.2146664827470492
109.55912764263597,1.2146664827470492
109.56912764263598,1.2146664827470492
109.57912764263597,1.2146664827470492
109.58912764263597,1.2146664827470492
109.59912764263598,1.2146664827470492
109.60912764263597,1.2146664827470492
109.61912764263597,1.2146664827470492
109.62912764263598,1.2146664827470492
109.63912764263598,1.2146664827470492
109.64912764263599,1.2146664827470492
109.65912764263598,1.2146664827470492
109.66912764263598,1.2146664827470492
109.67912764263599,1.2146664827470492
109.68912764263598,1.2146664827470492
109.69912764263599,1.2146664827470492
109.70912764263599,1.2146664827470492
109.719127642636,1.2146664827470492
109.729127642636,1.2146664827470492
109.73912764263599,1.2146664827470492
109.749127642636,1.2146664827470492
109.759127642636,1.2146664827470492
109.769127642636,1.2146664827470492
109.779127642636,1.2146664827470492
109.789127642636,1.2146664827470492
109.79912764263601,1.2146664827470492
109.80912764263601,1.2146664827470492
109.819127642636,1.2146664827470492
109.82912764263601,1.2146664827470492
109.83912764263602,1.2146664827470492
109.849127642636,1.2146664827470492
109.85912764263601,1.2146664827470492
109.86912764263602,1.2146664827470492
109.87912764263602,1.2146664827470492
109.88912764263603,1.2146664827470492
109.89912764263602,1.2146664827470492
109.90912764263602,1.2146664827470492
109.91912764263603,1.2146664827470492
109.92912764263602,1.2146664827470492
109.93912764263602,1.2146664827470492
109.94912764263603,1.2146664827470492
109.95912764263603,1.2146664827470492
109.96912764263604,1.2146664827470492
109.97912764263603,1.2146664827470492
109.98912764263603,1.2146664827470492
109.99912764263604,1.2146664827470492
110.00912764263603,1.2146664827470492
110.01912764263604,1.2146664827470492
110.02912764263604,1.2146664827470492
110.03912764263605,1.2146664827470492
110.04912764263605,1.2146664827470492
110.05912764263604,1.2146664827470492
110.06912764263605,1.2146664827470492
110.07912764263605,1.2146664827470492
110.08912764263604,1.2146664827470492
110.09912764263605,1.2146664827470492
110.10912764263605,1.2146664827470492
110.11912764263606,1.2146664827470492
110.12912764263606,1.2146664827470492
110.13912764263605,1.2146664827470492
110.14912764263606,1.2146664827470492
110.15912764263607,1.2146664827470492
110.16912764263606,1.2146664827470492
110.17912764263606,1.2146664827470492
110.18912764263607,1.2146664827470492
110.19912764263607,1.2146664827470492
110.20912764263608,1.2146664827470492
110.21912764263607,1.2146664827470492
110.22912764263607,1.2146664827470492
110.23912764263608,1.2146664827470492
110.24912764263607,1.2146664827470492
110.25912764263607,1.2146664827470492
110.26912764263608,1.2146664827470492
110.27912764263608,1.2146664827470492
110.28912764263609,1.2146664827470492
110.29912764263608,1.2146664827470492
110.30912764263608,1.2146664827470492
110.31912764263609,1.2146664827470492
110.32912764263608,1.2146664827470492
110.33912764263609,1.2146664827470492
110.34912764263609,1.2146664827470492
110.3591276426361,1.2146664827470492
110.3691276426361,1.2146664827470492
110.37912764263609,1.2146664827470492
110.3891276426361,1.2146664827470492
110.3991276426361,1.2146664827470492
110.4091276426361,1.2146664827470492
110.4191276426361,1.2146664827470492
110.4291276426361,1.2146664827470492
110.43912764263611,1.2146664827470492
110.44912764263611,1.2146664827470492
110.4591276426361,1.2146664827470492
110.46912764263611,1.2146664827470492
110.47912764263612,1.2146664827470492
110.4891276426361,1.2146664827470492
110.49912764263611,1.2146664827470492
110.50912764263612,1.2146664827470492
110.51912764263612,1.2146664827470492
110.52912764263613,1.2146664827470492
110.53912764263612,1.2146664827470492
110.54912764263612,1.2146664827470492
110.55912764263613,1.2146664827470492
110.56912764263612,1.2146664827470492
110.57912764263612,1.2146664827470492
110.58912764263613,1.2146664827470492
110.59912764263613,1.2146664827470492
110.60912764263614,1.2146664827470492
110.61912764263613,1.2146664827470492
110.62912764263613,1.2146664827470492
110.63912764263614,1.2146664827470492
110.64912764263613,1.2146664827470492
110.65912764263614,1.2146664827470492
110.66912764263614,1.2146664827470492
110.67912764263615,1.2146664827470492
110.68912764263615,1.2146664827470492
110.69912764263614,1.2146664827470492
110.70912764263615,1.2146664827470492
110.71912764263615,1.2146664827470492
110.72912764263614,1.2146664827470492
110.73912764263615,1.2146664827470492
110.74912764263615,1.2146664827470492
110.75912764263616,1.2146664827470492
110.76912764263616,1.2146664827470492
110.77912764263615,1.2146664827470492
110.78912764263616,1.2146664827470492
110.79912764263617,1.2146664827470492
110.80912764263616,1.2146664827470492
110.81912764263616,1.2146664827470492
110.82912764263617,1.2146664827470492
110.83912764263617,1.2146664827470492
110.84912764263618,1.2146664827470492
110.85912764263617,1.2146664827470492
110.86912764263617,1.2146664827470492
110.87912764263618,1.2146664827470492
110.88912764263617,1.2146664827470492
110.89912764263617,1.2146664827470492
110.90912764263618,1.2146664827470492
110.91912764263618,1.2146664827470492
110.92912764263619,1.2146664827470492
110.93912764263618,1.2146664827470492
110.94912764263618,1.2146664827470492
110.95912764263619,1.2146664827470492
110.96912764263618,1.2146664827470492
110.97912764263619,1.2146664827470492
110.98912764263619,1.2146664827470492
110.9991276426362,1.2146664827470492
111.0091276426362,1.2146664827470492
111.01912764263619,1.2146664827470492
111.0291276426362,1.2146664827470492
111.0391276426362,1.2146664827470492
111.0491276426362,1.2146664827470492
111.0591276426362,1.2146664827470492
111.0691276426362,1.2146664827470492
111.07912764263621,1.2146664827470492
111.08912764263621,1.2146664827470492
111.0991276426362,1.2146664827470492
111.10912764263621,1.2146664827470492
111.11912764263622,1.2146664827470492
111.1291276426362,1.2146664827470492
111.13912764263621,1.2146664827470492
111.14912764263622,1.2146664827470492
111.15912764263622,1.2146664827470492
111.16912764263623,1.2146664827470492
111.17912764263622,1.2146664827470492
111.18912764263622,1.2146664827470492
111.19912764263623,1.2146664827470492
111.20912764263622,1.2146664827470492
111.21912764263622,1.2146664827470492
111.22912764263623,1.2146664827470492
111.23912764263623,1.2146664827470492
111.24912764263624,1.2146664827470492
111.25912764263623,1.2146664827470492
111.26912764263624,1.2146664827470492
111.27912764263624,1.2146664827470492
111.28912764263623,1.2146664827470492
111.29912764263624,1.2146664827470492
111.30912764263624,1.2146664827470492
111.31912764263625,1.2146664827470492
111.32912764263625,1.2146664827470492
111.33912764263624,1.2146664827470492
111.34912764263625,1.2146664827470492
111.35912764263625,1.2146664827470492
111.36912764263624,1.2146664827470492
111.37912764263625,1.2146664827470492
111.38912764263625,1.2146664827470492
111.39912764263626,1.2146664827470492
111.40912764263626,1.2146664827470492
111.41912764263625,1.2146664827470492
111.42912764263626,1.2146664827470492
111.43912764263627,1.2146664827470492
111.44912764263626,1.2146664827470492
111.45912764263626,1.2146664827470492
111.46912764263627,1.2146664827470492
111.47912764263627,1.2146664827470492
111.48912764263628,1.2146664827470492
111.49912764263627,1.2146664827470492
111.50912764263627,1.2146664827470492
111.51912764263628,1.2146664827470492
111.52912764263627,1.2146664827470492
111.53912764263627,1.2146664827470492
111.54912764263628,1.2146664827470492
111.55912764263628,1.2146664827470492
111.56912764263629,1.2146664827470492
111.57912764263628,1.2146664827470492
111.58912764263629,1.2146664827470492
111.59912764263629,1.2146664827470492
111.60912764263628,1.2146664827470492
111.61912764263629,1.2146664827470492
111.62912764263629,1.2146664827470492
111.6391276426363,1.2146664827470492
111.6491276426363,1.2146664827470492
111.65912764263629,1.2146664827470492
111.6691276426363,1.2146664827470492
111.6791276426363,1.2146664827470492
111.6891276426363,1.2146664827470492
111.6991276426363,1.2146664827470492
111.7091276426363,1.2146664827470492
111.71912764263631,1.2146664827470492
111.72912764263631,1.2146664827470492
111.7391276426363,1.2146664827470492
111.74912764263631,1.2146664827470492
111.75912764263632,1.2146664827470492
111.7691276426363,1.2146664827470492
111.77912764263631,1.2146664827470492
111.78912764263632,1.2146664827470492
111.79912764263632,1.2146664827470492
111.80912764263633,1.2146664827470492
111.81912764263632,1.2146664827470492
111.82912764263632,1.2146664827470492
111.83912764263633,1.2146664827470492
111.84912764263632,1.2146664827470492
111.85912764263632,1.2146664827470492
111.86912764263633,1.2146664827470492
111.87912764263633,1.2146664827470492
111.88912764263634,1.2146664827470492
111.89912764263633,1.2146664827470492
111.90912764263634,1.2146664827470492
111.91912764263634,1.2146664827470492
111.92912764263633,1.2146664827470492
111.93912764263634,1.2146664827470492
111.94912764263634,1.2146664827470492
111.95912764263635,1.2146664827470492
111.96912764263635,1.2146664827470492
111.97912764263634,1.2146664827470492
111.98912764263635,1.2146664827470492
111.99912764263635,1.2146664827470492
112.00912764263634,1.2146664827470492
112.01912764263635,1.2146664827470492
112.02912764263635,1.2146664827470492
112.03912764263636,1.2146664827470492
112.04912764263636,1.2146664827470492
112.05912764263635,1.2146664827470492
112.06912764263636,1.2146664827470492
112.07912764263637,1.2146664827470492
112.08912764263636,1.2146664827470492
112.09912764263636,1.2146664827470492
112.10912764263637,1.2146664827470492
112.11912764263637,1.2146664827470492
112.12912764263638,1.2146664827470492
112.13912764263637,1.2146664827470492
112.14912764263637,1.2146664827470492
112.15912764263638,1.2146664827470492
112.16912764263637,1.2146664827470492
112.17912764263637,1.2146664827470492
112.18912764263638,1.2146664827470492
112.19912764263638,1.2146664827470492
112.20912764263639,1.2146664827470492
112.21912764263638,1.2146664827470492
112.22912764263639,1.2146664827470492
112.23912764263639,1.2146664827470492
112.24912764263638,1.2146664827470492
112.25912764263639,1.2146664827470492
112.26912764263639,1.2146664827470492
112.2791276426364,1.2146664827470492
112.2891276426364,1.2146664827470492
112.29912764263639,1.2146664827470492
112.3091276426364,1.2146664827470492
112.3191276426364,1.2146664827470492
112.3291276426364,1.2146664827470492
112.3391276426364,1.2146664827470492
112.3491276426364,1.2146664827470492
112.35912764263641,1.2146664827470492
112.36912764263641,1.2146664827470492
112.3791276426364,1.2146664827470492
112.38912764263641,1.2146664827470492
112.39912764263642,1.2146664827470492
112.4091276426364,1.2146664827470492
112.41912764263641,1.2146664827470492
112.42912764263642,1.2146664827470492
112.43912764263642,1.2146664827470492
112.44912764263643,1.2146664827470492
112.45912764263642,1.2146664827470492
112.46912764263642,1.2146664827470492
112.47912764263643,1.2146664827470492
112.48912764263642,1.2146664827470492
112.49912764263642,1.2146664827470492
112.50912764263643,1.2146664827470492
112.51912764263643,1.2146664827470492
112.52912764263644,1.2146664827470492
112.53912764263643,1.2146664827470492
112.54912764263644,1.2146664827470492
112.55912764263644,1.2146664827470492
112.56912764263643,1.2146664827470492
112.57912764263644,1.2146664827470492
112.58912764263644,1.2146664827470492
112.59912764263645,1.2146664827470492
112.60912764263645,1.2146664827470492
112.61912764263644,1.2146664827470492
112.62912764263645,1.2146664827470492
112.63912764263645,1.2146664827470492
112.64912764263644,1.2146664827470492
112.65912764263645,1.2146664827470492
112.66912764263645,1.2146664827470492
112.67912764263646,1.2146664827470492
112.68912764263646,1.2146664827470492
112.69912764263645,1.2146664827470492
112.70912764263646,1.2146664827470492
112.71912764263647,1.2146664827470492
112.72912764263646,1.2146664827470492
112.73912764263646,1.2146664827470492
112.74912764263647,1.2146664827470492
112.75912764263647,1.2146664827470492
112.76912764263648,1.2146664827470492
112.77912764263647,1.2146664827470492
112.78912764263647,1.2146664827470492
112.79912764263648,1.2146664827470492
112.80912764263647,1.2146664827470492
112.81912764263647,1.2146664827470492
112.82912764263648,1.2146664827470492
112.83912764263648,1.2146664827470492
112.84912764263649,1.2146664827470492
112.85912764263648,1.2146664827470492
112.86912764263649,1.2146664827470492
112.87912764263649,1.2146664827470492
112.88912764263648,1.2146664827470492
112.89912764263649,1.2146664827470492
112.90912764263649,1.2146664827470492
112.9191276426365,1.2146664827470492
112.9291276426365,1.2146664827470492
112.93912764263649,1.2146664827470492
112.9491276426365,1.2146664827470492
112.9591276426365,1.2146664827470492
112.9691276426365,1.2146664827470492
112.9791276426365,1.2146664827470492
112.9891276426365,1.2146664827470492
112.99912764263651,1.2146664827470492
113.00912764263651,1.2146664827470492
113.0191276426365,1.2146664827470492
113.02912764263651,1.2146664827470492
113.03912764263652,1.2146664827470492
113.0491276426365,1.2146664827470492
113.05912764263651,1.2146664827470492
113.06912764263652,1.2146664827470492
113.07912764263652,1.2146664827470492
113.08912764263653,1.2146664827470492
113.09912764263652,1.2146664827470492
113.10912764263652,1.2146664827470492
113.11912764263653,1.2146664827470492
113.12912764263652,1.2146664827470492
113.13912764263652,1.2146664827470492
113.14912764263653,1.2146664827470492
113.15912764263653,1.2146664827470492
113.16912764263654,1.2146664827470492
113.17912764263653,1.2146664827470492
113.18912764263654,1.2146664827470492
113.19912764263654,1.2146664827470492
113.20912764263653,1.2146664827470492
113.21912764263654,1.2146664827470492
113.22912764263654,1.2146664827470492
113.23912764263655,1.2146664827470492
113.24912764263655,1.2146664827470492
113.25912764263654,1.2146664827470492
113.26912764263655,1.2146664827470492
113.27912764263655,1.2146664827470492
113.28912764263654,1.2146664827470492
113.29912764263655,1.2146664827470492
113.30912764263655,1.2146664827470492
113.31912764263656,1.2146664827470492
113.32912764263656,1.2146664827470492
113.33912764263656,1.2146664827470492
113.34912764263656,1.2146664827470492
113.35912764263657,1.2146664827470492
113.36912764263656,1.2146664827470492
113.37912764263656,1.2146664827470492
113.38912764263657,1.2146664827470492
113.39912764263657,1.2146664827470492
113.40912764263658,1.2146664827470492
113.41912764263657,1.2146664827470492
113.42912764263657,1.2146664827470492
113.43912764263658,1.2146664827470492
113.44912764263657,1.2146664827470492
113.45912764263657,1.2146664827470492
113.46912764263658,1.2146664827470492
113.47912764263658,1.2146664827470492
113.48912764263659,1.2146664827470492
113.49912764263658,1.2146664827470492
113.50912764263659,1.2146664827470492
113.51912764263659,1.2146664827470492
113.52912764263658,1.2146664827470492
113.53912764263659,1.2146664827470492
113.54912764263659,1.2146664827470492
113.5591276426366,1.2146664827470492
113.5691276426366,1.2146664827470492
113.57912764263659,1.2146664827470492
113.5891276426366,1.2146664827470492
113.5991276426366,1.2146664827470492
113.6091276426366,1.2146664827470492
113.6191276426366,1.2146664827470492
113.6291276426366,1.2146664827470492
113.63912764263661,1.2146664827470492
113.64912764263661,1.2146664827470492
113.6591276426366,1.2146664827470492
113.66912764263661,1.2146664827470492
113.67912764263662,1.2146664827470492
113.6891276426366,1.2146664827470492
113.69912764263661,1.2146664827470492
113.70912764263662,1.2146664827470492
113.71912764263662,1.2146664827470492
113.72912764263663,1.2146664827470492
113.73912764263662,1.2146664827470492
113.74912764263662,1.2146664827470492
113.75912764263663,1.2146664827470492
113.76912764263662,1.2146664827470492
113.77912764263662,1.2146664827470492
113.78912764263663,1.2146664827470492
113.79912764263663,1.2146664827470492
113.80912764263664,1.2146664827470492
113.81912764263663,1.2146664827470492
113.82912764263664,1.2146664827470492
113.83912764263664,1.2146664827470492
113.84912764263663,1.2146664827470492
113.85912764263664,1.2146664827470492
113.86912764263664,1.2146664827470492
113.87912764263665,1.2146664827470492
113.88912764263665,1.2146664827470492
113.89912764263664,1.2146664827470492
113.90912764263665,1.2146664827470492
113.91912764263665,1.2146664827470492
113.92912764263664,1.2146664827470492
113.93912764263665,1.2146664827470492
113.94912764263665,1.2146664827470492
113.95912764263666,1.2146664827470492
113.96912764263666,1.2146664827470492
113.97912764263666,1.2146664827470492
113.98912764263666,1.2146664827470492
113.99912764263667,1.2146664827470492
114.00912764263666,1.2146664827470492
114.01912764263666,1.2146664827470492
114.02912764263667,1.2146664827470492
114.03912764263667,1.2146664827470492
114.04912764263668,1.2146664827470492
114.05912764263667,1.2146664827470492
114.06912764263667,1.2146664827470492
114.07912764263668,1.2146664827470492
114.08912764263667,1.2146664827470492
114.09912764263667,1.2146664827470492
114.10912764263668,1.2146664827470492
114.11912764263668,1.2146664827470492
114.12912764263669,1.2146664827470492
114.13912764263668,1.2146664827470492
114.14912764263669,1.2146664827470492
114.15912764263669,1.2146664827470492
114.16912764263668,1.2146664827470492
114.17912764263669,1.2146664827470492
114.18912764263669,1.2146664827470492
114.1991276426367,1.2146664827470492
114.2091276426367,1.2146664827470492
114.21912764263669,1.2146664827470492
114.2291276426367,1.2146664827470492
114.2391276426367,1.2146664827470492
114.2491276426367,1.2146664827470492
114.2591276426367,1.2146664827470492
114.2691276426367,1.2146664827470492
114.27912764263671,1.2146664827470492
114.28912764263671,1.2146664827470492
114.2991276426367,1.2146664827470492
114.30912764263671,1.2146664827470492
114.31912764263672,1.2146664827470492
114.3291276426367,1.2146664827470492
114.33912764263671,1.2146664827470492
114.34912764263672,1.2146664827470492
114.35912764263672,1.2146664827470492
114.36912764263673,1.2146664827470492
114.37912764263672,1.2146664827470492
114.38912764263672,1.2146664827470492
114.39912764263673,1.2146664827470492
114.40912764263672,1.2146664827470492
114.41912764263672,1.2146664827470492
114.42912764263673,1.2146664827470492
114.43912764263673,1.2146664827470492
114.44912764263674,1.2146664827470492
114.45912764263673,1.2146664827470492
114.46912764263674,1.2146664827470492
114.47912764263674,1.2146664827470492
114.48912764263673,1.2146664827470492
114.49912764263674,1.2146664827470492
114.50912764263674,1.2146664827470492
114.51912764263675,1.2146664827470492
114.52912764263675,1.2146664827470492
114.53912764263674,1.2146664827470492
114.54912764263675,1.2146664827470492
114.55912764263675,1.2146664827470492
114.56912764263674,1.2146664827470492
114.57912764263675,1.2146664827470492
114.58912764263675,1.2146664827470492
114.59912764263676,1.2146664827470492
114.60912764263676,1.2146664827470492
114.61912764263676,1.2146664827470492
114.62912764263676,1.2146664827470492
114.63912764263677,1.2146664827470492
114.64912764263676,1.2146664827470492
114.65912764263676,1.2146664827470492
114.66912764263677,1.2146664827470492
114.67912764263677,1.2146664827470492
114.68912764263678,1.2146664827470492
114.69912764263677,1.2146664827470492
114.70912764263677,1.2146664827470492
114.71912764263678,1.2146664827470492
114.72912764263677,1.2146664827470492
114.73912764263677,1.2146664827470492
114.74912764263678,1.2146664827470492
114.75912764263678,1.2146664827470492
114.76912764263679,1.2146664827470492
114.77912764263678,1.2146664827470492
114.78912764263679,1.2146664827470492
114.79912764263679,1.2146664827470492
114.80912764263678,1.2146664827470492
114.81912764263679,1.2146664827470492
114.82912764263679,1.2146664827470492
114.8391276426368,1.2146664827470492
114.8491276426368,1.2146664827470492
114.85912764263679,1.2146664827470492
114.8691276426368,1.2146664827470492
114.8791276426368,1.2146664827470492
114.8891276426368,1.2146664827470492
114.8991276426368,1.2146664827470492
114.9091276426368,1.2146664827470492
114.91912764263681,1.2146664827470492
114.92912764263681,1.2146664827470492
114.9391276426368,1.2146664827470492
114.94912764263681,1.2146664827470492
114.95912764263682,1.2146664827470492
114.9691276426368,1.2146664827470492
114.97912764263681,1.2146664827470492
114.98912764263682,1.2146664827470492
114.99912764263682,1.2146664827470492
115.00912764263683,1.2146664827470492
115.01912764263682,1.2146664827470492
115.02912764263682,1.2146664827470492
115.03912764263683,1.2146664827470492
115.04912764263682,1.2146664827470492
115.05912764263682,1.2146664827470492
115.06912764263683,1.2146664827470492
115.07912764263683,1.2146664827470492
115.08912764263684,1.2146664827470492
115.09912764263683,1.2146664827470492
115.10912764263684,1.2146664827470492
115.11912764263684,1.2146664827470492
115.12912764263683,1.2146664827470492
115.13912764263684,1.2146664827470492
115.14912764263684,1.2146664827470492
115.15912764263685,1.2146664827470492
115.16912764263685,1.2146664827470492
115.17912764263684,1.2146664827470492
115.18912764263685,1.2146664827470492
115.19912764263685,1.2146664827470492
115.20912764263684,1.2146664827470492
115.21912764263685,1.2146664827470492
115.22912764263685,1.2146664827470492
115.23912764263686,1.2146664827470492
115.24912764263686,1.2146664827470492
115.25912764263686,1.2146664827470492
115.26912764263686,1.2146664827470492
115.27912764263687,1.2146664827470492
115.28912764263686,1.2146664827470492
115.29912764263686,1.2146664827470492
115.30912764263687,1.2146664827470492
115.31912764263687,1.2146664827470492
115.32912764263688,1.2146664827470492
115.33912764263687,1.2146664827470492
115.34912764263687,1.2146664827470492
115.35912764263688,1.2146664827470492
115.36912764263687,1.2146664827470492
115.37912764263687,1.2146664827470492
115.38912764263688,1.2146664827470492
115.39912764263688,1.2146664827470492
115.40912764263689,1.2146664827470492
115.41912764263688,1.2146664827470492
115.42912764263689,1.2146664827470492
115.43912764263689,1.2146664827470492
115.44912764263688,1.2146664827470492
115.45912764263689,1.2146664827470492
115.46912764263689,1.2146664827470492
115.4791276426369,1.2146664827470492
115.4891276426369,1.2146664827470492
115.49912764263689,1.2146664827470492
115.5091276426369,1.2146664827470492
115.5191276426369,1.2146664827470492
115.5291276426369,1.2146664827470492
115.5391276426369,1.2146664827470492
115.5491276426369,1.2146664827470492
115.55912764263691,1.2146664827470492
115.56912764263691,1.2146664827470492
115.5791276426369,1.2146664827470492
115.58912764263691,1.2146664827470492
115.59912764263692,1.2146664827470492
115.6091276426369,1.2146664827470492
115.61912764263691,1.2146664827470492
115.62912764263692,1.2146664827470492
115.63912764263692,1.2146664827470492
115.64912764263693,1.2146664827470492
115.65912764263692,1.2146664827470492
115.66912764263692,1.2146664827470492
115.67912764263693,1.2146664827470492
115.68912764263692,1.2146664827470492
115.69912764263692,1.2146664827470492
115.70912764263693,1.2146664827470492
115.71912764263693,1.2146664827470492
115.72912764263694,1.2146664827470492
115.73912764263693,1.2146664827470492
115.74912764263694,1.2146664827470492
115.75912764263694,1.2146664827470492
115.76912764263693,1.2146664827470492
115.77912764263694,1.2146664827470492
115.78912764263694,1.2146664827470492
115.79912764263695,1.2146664827470492
115.80912764263695,1.2146664827470492
115.81912764263694,1.2146664827470492
115.82912764263695,1.2146664827470492
115.83912764263695,1.2146664827470492
115.84912764263694,1.2146664827470492
115.85912764263695,1.2146664827470492
115.86912764263695,1.2146664827470492
115.87912764263696,1.2146664827470492
115.88912764263696,1.2146664827470492
115.89912764263696,1.2146664827470492
115.90912764263696,1.2146664827470492
115.91912764263697,1.2146664827470492
115.92912764263696,1.2146664827470492
115.93912764263696,1.2146664827470492
115.94912764263697,1.2146664827470492
115.95912764263697,1.2146664827470492
115.96912764263698,1.2146664827470492
115.97912764263697,1.2146664827470492
115.98912764263697,1.2146664827470492
115.99912764263698,1.2146664827470492
116.00912764263697,1.2146664827470492
116.01912764263697,1.2146664827470492
116.02912764263698,1.2146664827470492
116.03912764263698,1.2146664827470492
116.04912764263699,1.2146664827470492
116.05912764263698,1.2146664827470492
116.06912764263699,1.2146664827470492
116.07912764263699,1.2146664827470492
116.08912764263698,1.2146664827470492
116.09912764263699,1.2146664827470492
116.10912764263699,1.2146664827470492
116.119127642637,1.2146664827470492
116.129127642637,1.2146664827470492
116.13912764263699,1.2146664827470492
116.149127642637,1.2146664827470492
116.159127642637,1.2146664827470492
116.169127642637,1.2146664827470492
116.179127642637,1.2146664827470492
116.189127642637,1.2146664827470492
116.19912764263701,1.2146664827470492
116.20912764263701,1.2146664827470492
116.219127642637,1.2146664827470492
116.22912764263701,1.2146664827470492
116.23912764263702,1.2146664827470492
116.249127642637,1.2146664827470492
116.25912764263701,1.2146664827470492
116.26912764263702,1.2146664827470492
116.27912764263702,1.2146664827470492
116.28912764263703,1.2146664827470492
116.29912764263702,1.2146664827470492
116.30912764263702,1.2146664827470492
116.31912764263703,1.2146664827470492
116.32912764263702,1.2146664827470492
116.33912764263702,1.2146664827470492
116.34912764263703,1.2146664827470492
116.35912764263703,1.2146664827470492
116.36912764263704,1.2146664827470492
116.37912764263703,1.2146664827470492
116.38912764263704,1.2146664827470492
116.39912764263704,1.2146664827470492
116.40912764263703,1.2146664827470492
116.41912764263704,1.2146664827470492
116.42912764263704,1.2146664827470492
116.43912764263705,1.2146664827470492
116.44912764263705,1.2146664827470492
116.45912764263704,1.2146664827470492
116.46912764263705,1.2146664827470492
116.47912764263705,1.2146664827470492
116.48912764263704,1.2146664827470492
116.49912764263705,1.2146664827470492
116.50912764263705,1.2146664827470492
116.51912764263706,1.2146664827470492
116.52912764263706,1.2146664827470492
116.53912764263706,1.2146664827470492
116.54912764263706,1.2146664827470492
116.55912764263707,1.2146664827470492
116.56912764263706,1.2146664827470492
116.57912764263706,1.2146664827470492
116.58912764263707,1.2146664827470492
116.59912764263707,1.2146664827470492
116.60912764263708,1.2146664827470492
116.61912764263707,1.2146664827470492
116.62912764263707,1.2146664827470492
116.63912764263708,1.2146664827470492
116.64912764263707,1.2146664827470492
116.65912764263707,1.2146664827470492
116.66912764263708,1.2146664827470492
116.67912764263708,1.2146664827470492
116.68912764263709,1.2146664827470492
116.69912764263708,1.2146664827470492
116.70912764263709,1.2146664827470492
116.71912764263709,1.2146664827470492
116.72912764263708,1.2146664827470492
116.73912764263709,1.2146664827470492
116.74912764263709,1.2146664827470492
116.7591276426371,1.2146664827470492
116.7691276426371,1.2146664827470492
116.77912764263709,1.2146664827470492
116.7891276426371,1.2146664827470492
116.7991276426371,1.2146664827470492
116.8091276426371,1.2146664827470492
116.8191276426371,1.2146664827470492
116.8291276426371,1.2146664827470492
116.83912764263711,1.2146664827470492
116.84912764263711,1.2146664827470492
116.8591276426371,1.2146664827470492
116.86912764263711,1.2146664827470492
116.87912764263712,1.2146664827470492
116.8891276426371,1.2146664827470492
116.89912764263711,1.2146664827470492
116.90912764263712,1.2146664827470492
116.91912764263712,1.2146664827470492
116.92912764263713,1.2146664827470492
116.93912764263712,1.2146664827470492
116.94912764263712,1.2146664827470492
116.95912764263713,1.2146664827470492
116.96912764263712,1.2146664827470492
116.97912764263712,1.2146664827470492
116.98912764263713,1.2146664827470492
116.99912764263713,1.2146664827470492
117.00912764263714,1.2146664827470492
117.01912764263713,1.2146664827470492
117.02912764263714,1.2146664827470492
117.03912764263714,1.2146664827470492
117.04912764263713,1.2146664827470492
117.05912764263714,1.2146664827470492
117.06912764263714,1.2146664827470492
117.07912764263715,1.2146664827470492
117.08912764263715,1.2146664827470492
117.09912764263714,1.2146664827470492
117.10912764263715,1.2146664827470492
117.11912764263715,1.2146664827470492
117.12912764263714,1.2146664827470492
117.13912764263715,1.2146664827470492
117.14912764263715,1.2146664827470492
117.15912764263716,1.2146664827470492
117.16912764263716,1.2146664827470492
117.17912764263716,1.2146664827470492
117.18912764263716,1.2146664827470492
117.19912764263717,1.2146664827470492
117.20912764263716,1.2146664827470492
117.21912764263716,1.2146664827470492
117.22912764263717,1.2146664827470492
117.23912764263717,1.2146664827470492
117.24912764263718,1.2146664827470492
117.25912764263717,1.2146664827470492
117.26912764263717,1.2146664827470492
117.27912764263718,1.2146664827470492
117.28912764263717,1.2146664827470492
117.29912764263717,1.2146664827470492
117.30912764263718,1.2146664827470492
117.31912764263718,1.2146664827470492
117.32912764263719,1.2146664827470492
117.33912764263718,1.2146664827470492
117.34912764263719,1.2146664827470492
117.35912764263719,1.2146664827470492
117.36912764263718,1.2146664827470492
117.37912764263719,1.2146664827470492
117.38912764263719,1.2146664827470492
117.3991276426372,1.2146664827470492
117.4091276426372,1.2146664827470492
117.41912764263719,1.2146664827470492
117.4291276426372,1.2146664827470492
117.4391276426372,1.2146664827470492
117.4491276426372,1.2146664827470492
117.4591276426372,1.2146664827470492
117.4691276426372,1.2146664827470492
117.47912764263721,1.2146664827470492
117.48912764263721,1.2146664827470492
117.4991276426372,1.2146664827470492
117.50912764263721,1.2146664827470492
117.51912764263722,1.2146664827470492
117.5291276426372,1.2146664827470492
117.53912764263721,1.2146664827470492
117.54912764263722,1.2146664827470492
117.55912764263722,1.2146664827470492
117.56912764263723,1.2146664827470492
117.57912764263722,1.2146664827470492
117.58912764263722,1.2146664827470492
117.59912764263723,1.2146664827470492
117.60912764263722,1.2146664827470492
117.61912764263722,1.2146664827470492
117.62912764263723,1.2146664827470492
117.63912764263723,1.2146664827470492
117.64912764263724,1.2146664827470492
117.65912764263723,1.2146664827470492
117.66912764263724,1.2146664827470492
117.67912764263724,1.2146664827470492
117.68912764263723,1.2146664827470492
117.69912764263724,1.2146664827470492
117.70912764263724,1.2146664827470492
117.71912764263725,1.2146664827470492
117.72912764263725,1.2146664827470492
117.73912764263724,1.2146664827470492
117.74912764263725,1.2146664827470492
117.75912764263725,1.2146664827470492
117.76912764263724,1.2146664827470492
117.77912764263725,1.2146664827470492
117.78912764263725,1.2146664827470492
117.79912764263726,1.2146664827470492
117.80912764263726,1.2146664827470492
117.81912764263726,1.2146664827470492
117.82912764263726,1.2146664827470492
117.83912764263727,1.2146664827470492
117.84912764263726,1.2146664827470492
117.85912764263726,1.2146664827470492
117.86912764263727,1.2146664827470492
117.87912764263727,1.2146664827470492
117.88912764263728,1.2146664827470492
117.89912764263727,1.2146664827470492
117.90912764263727,1.2146664827470492
117.91912764263728,1.2146664827470492
117.92912764263727,1.2146664827470492
117.93912764263727,1.2146664827470492
117.94912764263728,1.2146664827470492
117.95912764263728,1.2146664827470492
117.96912764263729,1.2146664827470492
117.97912764263728,1.2146664827470492
117.98912764263729,1.2146664827470492
117.99912764263729,1.2146664827470492
118.00912764263728,1.2146664827470492
118.01912764263729,1.2146664827470492
118.02912764263729,1.2146664827470492
118.0391276426373,1.2146664827470492
118.0491276426373,1.2146664827470492
118.05912764263729,1.2146664827470492
118.0691276426373,1.2146664827470492
118.0791276426373,1.2146664827470492
118.0891276426373,1.2146664827470492
118.0991276426373,1.2146664827470492
118.1091276426373,1.2146664827470492
118.11912764263731,1.2146664827470492
118.12912764263731,1.2146664827470492
118.1391276426373,1.2146664827470492
118.14912764263731,1.2146664827470492
118.15912764263732,1.2146664827470492
118.1691276426373,1.2146664827470492
118.17912764263731,1.2146664827470492
118.18912764263732,1.2146664827470492
118.19912764263732,1.2146664827470492
118.20912764263733,1.2146664827470492
118.21912764263732,1.2146664827470492
118.22912764263732,1.2146664827470492
118.23912764263733,1.2146664827470492
118.24912764263732,1.2146664827470492
118.25912764263732,1.2146664827470492
118.26912764263733,1.2146664827470492
118.27912764263733,1.2146664827470492
118.28912764263734,1.2146664827470492
118.29912764263733,1.2146664827470492
118.30912764263734,1.2146664827470492
118.31912764263734,1.2146664827470492
118.32912764263733,1.2146664827470492
118.33912764263734,1.2146664827470492
118.34912764263734,1.2146664827470492
118.35912764263735,1.2146664827470492
118.36912764263735,1.2146664827470492
118.37912764263734,1.2146664827470492
118.38912764263735,1.2146664827470492
118.39912764263735,1.2146664827470492
118.40912764263734,1.2146664827470492
118.41912764263735,1.2146664827470492
118.42912764263735,1.2146664827470492
118.43912764263736,1.2146664827470492
118.44912764263736,1.2146664827470492
118.45912764263736,1.2146664827470492
118.46912764263736,1.2146664827470492
118.47912764263737,1.2146664827470492
118.48912764263736,1.2146664827470492
118.49912764263736,1.2146664827470492
118.50912764263737,1.2146664827470492
118.51912764263737,1.2146664827470492
118.52912764263738,1.2146664827470492
118.53912764263737,1.2146664827470492
118.54912764263737,1.2146664827470492
118.55912764263738,1.2146664827470492
118.56912764263737,1.2146664827470492
118.57912764263737,1.2146664827470492
118.58912764263738,1.2146664827470492
118.59912764263738,1.2146664827470492
118.60912764263739,1.2146664827470492
118.61912764263738,1.2146664827470492
118.62912764263739,1.2146664827470492
118.63912764263739,1.2146664827470492
118.64912764263738,1.2146664827470492
118.65912764263739,1.2146664827470492
118.66912764263739,1.2146664827470492
118.6791276426374,1.2146664827470492
118.6891276426374,1.2146664827470492
118.6991276426374,1.2146664827470492
118.7091276426374,1.2146664827470492
118.7191276426374,1.2146664827470492
118.7291276426374,1.2146664827470492
118.7391276426374,1.2146664827470492
118.7491276426374,1.2146664827470492
118.75912764263741,1.2146664827470492
118.76912764263741,1.2146664827470492
118.7791276426374,1.2146664827470492
118.78912764263741,1.2146664827470492
118.79912764263742,1.2146664827470492
118.8091276426374,1.2146664827470492
118.81912764263741,1.2146664827470492
118.82912764263742,1.2146664827470492
118.83912764263742,1.2146664827470492
118.84912764263743,1.2146664827470492
118.85912764263742,1.2146664827470492
118.86912764263742,1.2146664827470492
118.87912764263743,1.2146664827470492
118.88912764263742,1.2146664827470492
118.89912764263742,1.2146664827470492
118.90912764263743,1.2146664827470492
118.91912764263743,1.2146664827470492
118.92912764263744,1.2146664827470492
118.93912764263743,1.2146664827470492
118.94912764263744,1.2146664827470492
118.95912764263744,1.2146664827470492
118.96912764263743,1.2146664827470492
118.97912764263744,1.2146664827470492
118.98912764263744,1.2146664827470492
118.99912764263745,1.2146664827470492
119.00912764263745,1.2146664827470492
119.01912764263744,1.2146664827470492
119.02912764263745,1.2146664827470492
119.03912764263745,1.2146664827470492
119.04912764263744,1.2146664827470492
119.05912764263745,1.2146664827470492
119.06912764263745,1.2146664827470492
119.07912764263746,1.2146664827470492
119.08912764263746,1.2146664827470492
119.09912764263746,1.2146664827470492
119.10912764263746,1.2146664827470492
119.11912764263747,1.2146664827470492
119.12912764263746,1.2146664827470492
119.13912764263746,1.2146664827470492
119.14912764263747,1.2146664827470492
119.15912764263747,1.2146664827470492
119.16912764263748,1.2146664827470492
119.17912764263747,1.2146664827470492
119.18912764263747,1.2146664827470492
119.19912764263748,1.2146664827470492
119.20912764263747,1.2146664827470492
119.21912764263747,1.2146664827470492
119.22912764263748,1.2146664827470492
119.23912764263748,1.2146664827470492
119.24912764263749,1.2146664827470492
119.25912764263748,1.2146664827470492
119.26912764263749,1.2146664827470492
119.27912764263749,1.2146664827470492
119.28912764263748,1.2146664827470492
119.29912764263749,1.2146664827470492
119.30912764263749,1.2146664827470492
119.3191276426375,1.2146664827470492
119.3291276426375,1.2146664827470492
119.3391276426375,1.2146664827470492
119.3491276426375,1.2146664827470492
119.3591276426375,1.2146664827470492
119.3691276426375,1.2146664827470492
119.3791276426375,1.2146664827470492
119.3891276426375,1.2146664827470492
119.39912764263751,1.2146664827470492
119.40912764263751,1.2146664827470492
119.4191276426375,1.2146664827470492
119.42912764263751,1.2146664827470492
119.43912764263752,1.2146664827470492
119.4491276426375,1.2146664827470492
119.45912764263751,1.2146664827470492
119.46912764263752,1.2146664827470492
119.47912764263752,1.2146664827470492
119.48912764263753,1.2146664827470492
119.49912764263752,1.2146664827470492
119.50912764263752,1.2146664827470492
119.51912764263753,1.2146664827470492
119.52912764263752,1.2146664827470492
119.53912764263752,1.2146664827470492
119.54912764263753,1.2146664827470492
119.55912764263753,1.2146664827470492
119.56912764263754,1.2146664827470492
119.57912764263753,1.2146664827470492
119.58912764263754,1.2146664827470492
119.59912764263754,1.2146664827470492
119.60912764263753,1.2146664827470492
119.61912764263754,1.2146664827470492
119.62912764263754,1.2146664827470492
119.63912764263755,1.2146664827470492
119.64912764263755,1.2146664827470492
119.65912764263754,1.2146664827470492
119.66912764263755,1.2146664827470492
119.67912764263755,1.2146664827470492
119.68912764263754,1.2146664827470492
119.69912764263755,1.2146664827470492
119.70912764263755,1.2146664827470492
119.71912764263756,1.2146664827470492
119.72912764263756,1.2146664827470492
119.73912764263756,1.2146664827470492
119.74912764263756,1.2146664827470492
119.75912764263757,1.2146664827470492
119.76912764263756,1.2146664827470492
119.77912764263756,1.2146664827470492
119.78912764263757,1.2146664827470492
119.79912764263757,1.2146664827470492
119.80912764263758,1.2146664827470492
119.81912764263757,1.2146664827470492
119.82912764263757,1.2146664827470492
119.83912764263758,1.2146664827470492
119.84912764263757,1.2146664827470492
119.85912764263757,1.2146664827470492
119.86912764263758,1.2146664827470492
119.87912764263758,1.2146664827470492
119.88912764263759,1.2146664827470492
119.89912764263758,1.2146664827470492
119.90912764263759,1.2146664827470492
119.91912764263759,1.2146664827470492
119.92912764263758,1.2146664827470492
119.93912764263759,1.2146664827470492
119.94912764263759,1.2146664827470492
119.9591276426376,1.2146664827470492
119.9691276426376,1.2146664827470492
119.9791276426376,1.2146664827470492
119.9891276426376,1.2146664827470492
119.9991276426376,1.2146664827470492
120.0091276426376,1.2146664827470492
120.0191276426376,1.2146664827470492
120.0291276426376,1.2146664827470492
120.03912764263761,1.2146664827470492
120.04912764263761,1.2146664827470492
120.0591276426376,1.2146664827470492
120.06912764263761,1.2146664827470492
120.07912764263762,1.2146664827470492
120.0891276426376,1.2146664827470492
120.09912764263761,1.2146664827470492
120.10912764263762,1.2146664827470492
120.11912764263762,1.2146664827470492
120.12912764263763,1.2146664827470492
120.13912764263762,1.2146664827470492
120.14912764263762,1.2146664827470492
120.15912764263763,1.2146664827470492
120.16912764263762,1.2146664827470492
120.17912764263762,1.2146664827470492
120.18912764263763,1.2146664827470492
120.19912764263763,1.2146664827470492
120.20912764263764,1.2146664827470492
120.21912764263763,1.2146664827470492
120.22912764263764,1.2146664827470492
120.23912764263764,1.2146664827470492
120.24912764263763,1.2146664827470492
120.25912764263764,1.2146664827470492
120.26912764263764,1.2146664827470492
120.27912764263765,1.2146664827470492
120.28912764263765,1.2146664827470492
120.29912764263764,1.2146664827470492
120.30912764263765,1.2146664827470492
120.31912764263765,1.2146664827470492
120.32912764263764,1.2146664827470492
120.33912764263765,1.2146664827470492
120.34912764263765,1.2146664827470492
120.35912764263766,1.2146664827470492
120.36912764263766,1.2146664827470492
120.37912764263766,1.2146664827470492
120.38912764263766,1.2146664827470492
120.39912764263767,1.2146664827470492
120.40912764263766,1.2146664827470492
120.41912764263766,1.2146664827470492
120.42912764263767,1.2146664827470492
120.43912764263767,1.2146664827470492
120.44912764263768,1.2146664827470492
120.45912764263767,1.2146664827470492
120.46912764263767,1.2146664827470492
120.47912764263768,1.2146664827470492
120.48912764263767,1.2146664827470492
120.49912764263767,1.2146664827470492
120.50912764263768,1.2146664827470492
120.51912764263768,1.2146664827470492
120.52912764263769,1.2146664827470492
120.53912764263768,1.2146664827470492
120.54912764263769,1.2146664827470492
120.55912764263769,1.2146664827470492
120.56912764263768,1.2146664827470492
120.57912764263769,1.2146664827470492
120.58912764263769,1.2146664827470492
120.5991276426377,1.2146664827470492
120.6091276426377,1.2146664827470492
120.6191276426377,1.2146664827470492
120.6291276426377,1.2146664827470492
120.6391276426377,1.2146664827470492
120.6491276426377,1.2146664827470492
120.6591276426377,1.2146664827470492
120.6691276426377,1.2146664827470492
120.67912764263771,1.2146664827470492
120.68912764263771,1.2146664827470492
120.6991276426377,1.2146664827470492
120.70912764263771,1.2146664827470492
120.71912764263772,1.2146664827470492
120.7291276426377,1.2146664827470492
120.73912764263771,1.2146664827470492
120.74912764263772,1.2146664827470492
120.75912764263772,1.2146664827470492
120.76912764263773,1.2146664827470492
120.77912764263772,1.2146664827470492
120.78912764263772,1.2146664827470492
120.79912764263773,1.2146664827470492
120.80912764263772,1.2146664827470492
120.81912764263772,1.2146664827470492
120.82912764263773,1.2146664827470492
120.83912764263773,1.2146664827470492
120.84912764263774,1.2146664827470492
120.85912764263773,1.2146664827470492
120.86912764263774,1.2146664827470492
120.87912764263774,1.2146664827470492
120.88912764263773,1.2146664827470492
120.89912764263774,1.2146664827470492
120.90912764263774,1.2146664827470492
120.91912764263775,1.2146664827470492
120.92912764263775,1.2146664827470492
120.93912764263774,1.2146664827470492
120.94912764263775,1.2146664827470492
120.95912764263775,1.2146664827470492
120.96912764263774,1.2146664827470492
120.97912764263775,1.2146664827470492
120.98912764263775,1.2146664827470492
120.99912764263776,1.2146664827470492
121.00912764263776,1.2146664827470492
121.01912764263776,1.2146664827470492
121.02912764263776,1.2146664827470492
121.03912764263777,1.2146664827470492
121.04912764263776,1.2146664827470492
121.05912764263776,1.2146664827470492
121.06912764263777,1.2146664827470492
121.07912764263777,1.2146664827470492
121.08912764263778,1.2146664827470492
121.09912764263777,1.2146664827470492
121.10912764263777,1.2146664827470492
121.11912764263778,1.2146664827470492
121.12912764263777,1.2146664827470492
121.13912764263777,1.2146664827470492
121.14912764263778,1.2146664827470492
121.15912764263778,1.2146664827470492
121.16912764263779,1.2146664827470492
121.17912764263778,1.2146664827470492
121.18912764263779,1.2146664827470492
121.19912764263779,1.2146664827470492
121.20912764263778,1.2146664827470492
121.21912764263779,1.2146664827470492
121.22912764263779,1.2146664827470492
121.2391276426378,1.2146664827470492
121.2491276426378,1.2146664827470492
121.2591276426378,1.2146664827470492
121.2691276426378,1.2146664827470492
121.2791276426378,1.2146664827470492
121.2891276426378,1.2146664827470492
121.2991276426378,1.2146664827470492
121.3091276426378,1.2146664827470492
121.31912764263781,1.2146664827470492
121.32912764263781,1.2146664827470492
121.3391276426378,1.2146664827470492
121.34912764263781,1.2146664827470492
121.35912764263782,1.2146664827470492
121.3691276426378,1.2146664827470492
121.37912764263781,1.2146664827470492
121.38912764263782,1.2146664827470492
121.39912764263782,1.2146664827470492
121.40912764263783,1.2146664827470492
121.41912764263782,1.2146664827470492
121.42912764263782,1.2146664827470492
121.43912764263783,1.2146664827470492
121.44912764263782,1.2146664827470492
121.45912764263782,1.2146664827470492
121.46912764263783,1.2146664827470492
121.47912764263783,1.2146664827470492
121.48912764263784,1.2146664827470492
121.49912764263783,1.2146664827470492
121.50912764263784,1.2146664827470492
121.51912764263784,1.2146664827470492
121.52912764263783,1.2146664827470492
121.53912764263784,1.2146664827470492
121.54912764263784,1.2146664827470492
121.55912764263785,1.2146664827470492
121.56912764263785,1.2146664827470492
121.57912764263784,1.2146664827470492
121.58912764263785,1.2146664827470492
121.59912764263785,1.2146664827470492
121.60912764263784,1.2146664827470492
121.61912764263785,1.2146664827470492
121.62912764263785,1.2146664827470492
121.63912764263786,1.2146664827470492
121.64912764263786,1.2146664827470492
121.65912764263786,1.2146664827470492
121.66912764263786,1.2146664827470492
121.67912764263787,1.2146664827470492
121.68912764263786,1.2146664827470492
121.69912764263786,1.2146664827470492
121.70912764263787,1.2146664827470492
121.71912764263787,1.2146664827470492
121.72912764263788,1.2146664827470492
121.73912764263787,1.2146664827470492
121.74912764263787,1.2146664827470492
121.75912764263788,1.2146664827470492
121.76912764263787,1.2146664827470492
121.77912764263787,1.2146664827470492
121.78912764263788,1.2146664827470492
121.79912764263788,1.2146664827470492
121.80912764263789,1.2146664827470492
121.81912764263788,1.2146664827470492
121.82912764263789,1.2146664827470492
121.83912764263789,1.2146664827470492
121.84912764263788,1.2146664827470492
121.85912764263789,1.2146664827470492
121.86912764263789,1.2146664827470492
121.8791276426379,1.2146664827470492
121.8891276426379,1.2146664827470492
121.8991276426379,1.2146664827470492
121.9091276426379,1.2146664827470492
121.9191276426379,1.2146664827470492
121.9291276426379,1.2146664827470492
121.9391276426379,1.2146664827470492
121.9491276426379,1.2146664827470492
121.95912764263791,1.2146664827470492
121.96912764263791,1.2146664827470492
121.9791276426379,1.2146664827470492
121.98912764263791,1.2146664827470492
121.99912764263792,1.2146664827470492
122.0091276426379,1.2146664827470492
122.01912764263791,1.2146664827470492
122.02912764263792,1.2146664827470492
122.03912764263792,1.2146664827470492
122.04912764263793,1.2146664827470492
122.05912764263792,1.2146664827470492
122.06912764263792,1.2146664827470492
122.07912764263793,1.2146664827470492
122.08912764263792,1.2146664827470492
122.09912764263792,1.2146664827470492
122.10912764263793,1.2146664827470492
122.11912764263793,1.2146664827470492
122.12912764263794,1.2146664827470492
122.13912764263793,1.2146664827470492
122.14912764263794,1.2146664827470492
122.15912764263794,1.2146664827470492
122.16912764263793,1.2146664827470492
122.17912764263794,1.2146664827470492
122.18912764263794,1.2146664827470492
122.19912764263795,1.2146664827470492
122.20912764263795,1.2146664827470492
122.21912764263794,1.2146664827470492
122.22912764263795,1.2146664827470492
122.23912764263795,1.2146664827470492
122.24912764263794,1.2146664827470492
122.25912764263795,1.2146664827470492
122.26912764263795,1.2146664827470492
122.27912764263796,1.2146664827470492
122.28912764263796,1.2146664827470492
122.29912764263796,1.2146664827470492
122.30912764263796,1.2146664827470492
122.31912764263797,1.2146664827470492
122.32912764263796,1.2146664827470492
122.33912764263796,1.2146664827470492
122.34912764263797,1.2146664827470492
122.35912764263797,1.2146664827470492
122.36912764263798,1.2146664827470492
122.37912764263797,1.2146664827470492
122.38912764263797,1.2146664827470492
122.39912764263798,1.2146664827470492
122.40912764263797,1.2146664827470492
122.41912764263797,1.2146664827470492
122.42912764263798,1.2146664827470492
122.43912764263798,1.2146664827470492
122.44912764263799,1.2146664827470492
122.45912764263798,1.2146664827470492
122.46912764263799,1.2146664827470492
122.47912764263799,1.2146664827470492
122.48912764263798,1.2146664827470492
122.49912764263799,1.2146664827470492
122.50912764263799,1.2146664827470492
122.519127642638,1.2146664827470492
122.529127642638,1.2146664827470492
122.539127642638,1.2146664827470492
122.549127642638,1.2146664827470492
122.559127642638,1.2146664827470492
122.569127642638,1.2146664827470492
122.579127642638,1.2146664827470492
122.589127642638,1.2146664827470492
122.59912764263801,1.2146664827470492
122.60912764263801,1.2146664827470492
122.619127642638,1.2146664827470492
122.62912764263801,1.2146664827470492
122.63912764263802,1.2146664827470492
122.649127642638,1.2146664827470492
122.65912764263801,1.2146664827470492
122.66912764263802,1.2146664827470492
122.67912764263802,1.2146664827470492
122.68912764263803,1.2146664827470492
122.69912764263802,1.2146664827470492
122.70912764263802,1.2146664827470492
122.71912764263803,1.2146664827470492
122.72912764263802,1.2146664827470492
122.73912764263802,1.2146664827470492
122.74912764263803,1.2146664827470492
122.75912764263803,1.2146664827470492
122.76912764263804,1.2146664827470492
122.77912764263803,1.2146664827470492
122.78912764263804,1.2146664827470492
122.79912764263804,1.2146664827470492
122.80912764263803,1.2146664827470492
122.81912764263804,1.2146664827470492
122.82912764263804,1.2146664827470492
122.83912764263805,1.2146664827470492
122.84912764263805,1.2146664827470492
122.85912764263804,1.2146664827470492
122.86912764263805,1.2146664827470492
122.87912764263805,1.2146664827470492
122.88912764263804,1.2146664827470492
122.89912764263805,1.2146664827470492
122.90912764263805,1.2146664827470492
122.91912764263806,1.2146664827470492
122.92912764263806,1.2146664827470492
122.93912764263806,1.2146664827470492
122.94912764263806,1.2146664827470492
122.95912764263807,1.2146664827470492
122.96912764263806,1.2146664827470492
122.97912764263806,1.2146664827470492
122.98912764263807,1.2146664827470492
122.99912764263807,1.2146664827470492
123.00912764263808,1.2146664827470492
123.01912764263807,1.2146664827470492
123.02912764263807,1.2146664827470492
123.03912764263808,1.2146664827470492
123.04912764263807,1.2146664827470492
123.05912764263807,1.2146664827470492
123.06912764263808,1.2146664827470492
123.07912764263808,1.2146664827470492
123.08912764263809,1.2146664827470492
123.09912764263808,1.2146664827470492
123.10912764263809,1.2146664827470492
123.11912764263809,1.2146664827470492
123.12912764263808,1.2146664827470492
123.13912764263809,1.2146664827470492
123.14912764263809,1.2146664827470492
123.1591276426381,1.2146664827470492
123.1691276426381,1.2146664827470492
123.1791276426381,1.2146664827470492
123.1891276426381,1.2146664827470492
123.1991276426381,1.2146664827470492
123.2091276426381,1.2146664827470492
123.2191276426381,1.2146664827470492
123.2291276426381,1.2146664827470492
123.23912764263811,1.2146664827470492
123.24912764263811,1.2146664827470492
123.2591276426381,1.2146664827470492
123.26912764263811,1.2146664827470492
123.27912764263812,1.2146664827470492
123.2891276426381,1.2146664827470492
123.29912764263811,1.2146664827470492
123.30912764263812,1.2146664827470492
123.31912764263812,1.2146664827470492
123.32912764263813,1.2146664827470492
123.33912764263812,1.2146664827470492
123.34912764263812,1.2146664827470492
123.35912764263813,1.2146664827470492
123.36912764263812,1.2146664827470492
123.37912764263812,1.2146664827470492
123.38912764263813,1.2146664827470492
123.39912764263813,1.2146664827470492
123.40912764263814,1.2146664827470492
123.41912764263813,1.2146664827470492
123.42912764263814,1.2146664827470492
123.43912764263814,1.2146664827470492
123.44912764263813,1.2146664827470492
123.45912764263814,1.2146664827470492
123.46912764263814,1.2146664827470492
123.47912764263815,1.2146664827470492
123.48912764263815,1.2146664827470492
123.49912764263814,1.2146664827470492
123.50912764263815,1.2146664827470492
123.51912764263815,1.2146664827470492
123.52912764263814,1.2146664827470492
123.53912764263815,1.2146664827470492
123.54912764263815,1.2146664827470492
123.55912764263816,1.2146664827470492
123.56912764263816,1.2146664827470492
123.57912764263816,1.2146664827470492
123.58912764263816,1.2146664827470492
123.59912764263817,1.2146664827470492
123.60912764263816,1.2146664827470492
123.61912764263816,1.2146664827470492
123.62912764263817,1.2146664827470492
123.63912764263817,1.2146664827470492
123.64912764263818,1.2146664827470492
123.65912764263817,1.2146664827470492
123.66912764263817,1.2146664827470492
123.67912764263818,1.2146664827470492
123.68912764263817,1.2146664827470492
123.69912764263817,1.2146664827470492
123.70912764263818,1.2146664827470492
123.71912764263818,1.2146664827470492
123.72912764263819,1.2146664827470492
123.73912764263818,1.2146664827470492
123.74912764263819,1.2146664827470492
123.75912764263819,1.2146664827470492
123.76912764263818,1.2146664827470492
123.77912764263819,1.2146664827470492
123.78912764263819,1.2146664827470492
123.7991276426382,1.2146664827470492
123.8091276426382,1.2146664827470492
123.8191276426382,1.2146664827470492
123.8291276426382,1.2146664827470492
123.8391276426382,1.2146664827470492
123.8491276426382,1.2146664827470492
123.8591276426382,1.2146664827470492
123.8691276426382,1.2146664827470492
123.87912764263821,1.2146664827470492
123.88912764263821,1.2146664827470492
123.8991276426382,1.2146664827470492
123.90912764263821,1.2146664827470492
123.91912764263822,1.2146664827470492
123.9291276426382,1.2146664827470492
123.93912764263821,1.2146664827470492
123.94912764263822,1.2146664827470492
123.95912764263822,1.2146664827470492
123.96912764263823,1.2146664827470492
123.97912764263822,1.2146664827470492
123.98912764263822,1.2146664827470492
123.99912764263823,1.2146664827470492
124.00912764263822,1.2146664827470492
124.01912764263822,1.2146664827470492
124.02912764263823,1.2146664827470492
124.03912764263823,1.2146664827470492
124.04912764263824,1.2146664827470492
124.05912764263823,1.2146664827470492
124.06912764263824,1.2146664827470492
124.07912764263824,1.2146664827470492
124.08912764263823,1.2146664827470492
124.09912764263824,1.2146664827470492
124.10912764263824,1.2146664827470492
124.11912764263825,1.2146664827470492
124.12912764263825,1.2146664827470492
124.13912764263824,1.2146664827470492
124.14912764263825,1.2146664827470492
124.15912764263825,1.2146664827470492
124.16912764263824,1.2146664827470492
124.17912764263825,1.2146664827470492
124.18912764263825,1.2146664827470492
124.19912764263826,1.2146664827470492
124.20912764263826,1.2146664827470492
124.21912764263826,1.2146664827470492
124.22912764263826,1.2146664827470492
124.23912764263827,1.2146664827470492
124.24912764263826,1.2146664827470492
124.25912764263826,1.2146664827470492
124.26912764263827,1.2146664827470492
124.27912764263827,1.2146664827470492
124.28912764263828,1.2146664827470492
124.29912764263827,1.2146664827470492
124.30912764263827,1.2146664827470492
124.31912764263828,1.2146664827470492
124.32912764263827,1.2146664827470492
124.33912764263827,1.2146664827470492
124.34912764263828,1.2146664827470492
124.35912764263828,1.2146664827470492
124.36912764263829,1.2146664827470492
124.37912764263828,1.2146664827470492
124.38912764263829,1.2146664827470492
124.39912764263829,1.2146664827470492
124.40912764263828,1.2146664827470492
124.41912764263829,1.2146664827470492
124.42912764263829,1.2146664827470492
124.4391276426383,1.2146664827470492
124.4491276426383,1.2146664827470492
124.4591276426383,1.2146664827470492
124.4691276426383,1.2146664827470492
124.4791276426383,1.2146664827470492
124.4891276426383,1.2146664827470492
124.4991276426383,1.2146664827470492
124.5091276426383,1.2146664827470492
124.51912764263831,1.2146664827470492
124.52912764263831,1.2146664827470492
124.5391276426383,1.2146664827470492
124.54912764263831,1.2146664827470492
124.55912764263832,1.2146664827470492
124.5691276426383,1.2146664827470492
124.57912764263831,1.2146664827470492
124.58912764263832,1.2146664827470492
124.59912764263832,1.2146664827470492
124.60912764263833,1.2146664827470492
124.61912764263832,1.2146664827470492
124.62912764263832,1.2146664827470492
124.63912764263833,1.2146664827470492
124.64912764263832,1.2146664827470492
124.65912764263832,1.2146664827470492
124.66912764263833,1.2146664827470492
124.67912764263833,1.2146664827470492
124.68912764263834,1.2146664827470492
124.69912764263833,1.2146664827470492
124.70912764263834,1.2146664827470492
124.71912764263834,1.2146664827470492
124.72912764263833,1.2146664827470492
124.73912764263834,1.2146664827470492
124.74912764263834,1.2146664827470492
124.75912764263835,1.2146664827470492
124.76912764263835,1.2146664827470492
124.77912764263834,1.2146664827470492
124.78912764263835,1.2146664827470492
124.79912764263835,1.2146664827470492
124.80912764263834,1.2146664827470492
124.81912764263835,1.2146664827470492
124.82912764263835,1.2146664827470492
124.83912764263836,1.2146664827470492
124.84912764263836,1.2146664827470492
124.85912764263836,1.2146664827470492
124.86912764263836,1.2146664827470492
124.87912764263837,1.2146664827470492
124.88912764263836,1.2146664827470492
124.89912764263836,1.2146664827470492
124.90912764263837,1.2146664827470492
124.91912764263837,1.2146664827470492
124.92912764263838,1.2146664827470492
124.93912764263837,1.2146664827470492
124.94912764263837,1.2146664827470492
124.95912764263838,1.2146664827470492
124.96912764263837,1.2146664827470492
124.97912764263837,1.2146664827470492
124.98912764263838,1.2146664827470492
124.99912764263838,1.2146664827470492
125.00912764263839,1.2146664827470492
125.01912764263838,1.2146664827470492
125.02912764263839,1.2146664827470492
125.03912764263839,1.2146664827470492
125.04912764263838,1.2146664827470492
125.05912764263839,1.2146664827470492
125.06912764263839,1.2146664827470492
125.0791276426384,1.2146664827470492
125.0891276426384,1.2146664827470492
125.0991276426384,1.2146664827470492
125.1091276426384,1.2146664827470492
125.1191276426384,1.2146664827470492
125.1291276426384,1.2146664827470492
125.1391276426384,1.2146664827470492
125.1491276426384,1.2146664827470492
125.15912764263841,1.2146664827470492
125.16912764263841,1.2146664827470492
125.1791276426384,1.2146664827470492
125.18912764263841,1.2146664827470492
125.19912764263842,1.2146664827470492
125.2091276426384,1.2146664827470492
125.21912764263841,1.2146664827470492
125.22912764263842,1.2146664827470492
125.23912764263842,1.2146664827470492
125.24912764263843,1.2146664827470492
125.25912764263842,1.2146664827470492
125.26912764263842,1.2146664827470492
125.27912764263843,1.2146664827470492
125.28912764263842,1.2146664827470492
125.29912764263842,1.2146664827470492
125.30912764263843,1.2146664827470492
125.31912764263843,1.2146664827470492
125.32912764263844,1.2146664827470492
125.33912764263843,1.2146664827470492
125.34912764263844,1.2146664827470492
125.35912764263844,1.2146664827470492
125.36912764263843,1.2146664827470492
125.37912764263844,1.2146664827470492
125.38912764263844,1.2146664827470492
125.39912764263845,1.2146664827470492
125.40912764263845,1.2146664827470492
125.41912764263844,1.2146664827470492
125.42912764263845,1.2146664827470492
125.43912764263845,1.2146664827470492
125.44912764263844,1.2146664827470492
125.45912764263845,1.2146664827470492
125.46912764263845,1.2146664827470492
125.47912764263846,1.2146664827470492
125.48912764263846,1.2146664827470492
125.49912764263846,1.2146664827470492
125.50912764263846,1.2146664827470492
125.51912764263847,1.2146664827470492
125.52912764263846,1.2146664827470492
125.53912764263846,1.2146664827470492
125.54912764263847,1.2146664827470492
125.55912764263847,1.2146664827470492
125.56912764263848,1.2146664827470492
125.57912764263847,1.2146664827470492
125.58912764263847,1.2146664827470492
125.59912764263848,1.2146664827470492
125.60912764263847,1.2146664827470492
125.61912764263847,1.2146664827470492
125.62912764263848,1.2146664827470492
125.63912764263848,1.2146664827470492
125.64912764263849,1.2146664827470492
125.65912764263848,1.2146664827470492
125.66912764263849,1.2146664827470492
125.67912764263849,1.2146664827470492
125.68912764263848,1.2146664827470492
125.69912764263849,1.2146664827470492
125.70912764263849,1.2146664827470492
125.7191276426385,1.2146664827470492
125.7291276426385,1.2146664827470492
125.7391276426385,1.2146664827470492
125.7491276426385,1.2146664827470492
125.7591276426385,1.2146664827470492
125.7691276426385,1.2146664827470492
125.7791276426385,1.2146664827470492
125.7891276426385,1.2146664827470492
125.79912764263851,1.2146664827470492
125.80912764263851,1.2146664827470492
125.8191276426385,1.2146664827470492
125.82912764263851,1.2146664827470492
125.83912764263852,1.2146664827470492
125.8491276426385,1.2146664827470492
125.85912764263851,1.2146664827470492
125.86912764263852,1.2146664827470492
125.87912764263852,1.2146664827470492
125.88912764263853,1.2146664827470492
125.89912764263852,1.2146664827470492
125.90912764263852,1.2146664827470492
125.91912764263853,1.2146664827470492
125.92912764263852,1.2146664827470492
125.93912764263852,1.2146664827470492
125.94912764263853,1.2146664827470492
125.95912764263853,1.2146664827470492
125.96912764263854,1.2146664827470492
125.97912764263853,1.2146664827470492
125.98912764263854,1.2146664827470492
125.99912764263854,1.2146664827470492
126.00912764263853,1.2146664827470492
126.01912764263854,1.2146664827470492
126.02912764263854,1.2146664827470492
126.03912764263855,1.2146664827470492
126.04912764263855,1.2146664827470492
126.05912764263854,1.2146664827470492
126.06912764263855,1.2146664827470492
126.07912764263855,1.2146664827470492
126.08912764263854,1.2146664827470492
126.09912764263855,1.2146664827470492
126.10912764263855,1.2146664827470492
126.11912764263856,1.2146664827470492
126.12912764263857,1.2146664827470492
126.13912764263856,1.2146664827470492
126.14912764263856,1.2146664827470492
126.15912764263857,1.2146664827470492
126.16912764263856,1.2146664827470492
126.17912764263856,1.2146664827470492
126.18912764263857,1.2146664827470492
126.19912764263857,1.2146664827470492
126.20912764263858,1.2146664827470492
126.21912764263857,1.2146664827470492
126.22912764263857,1.2146664827470492
126.23912764263858,1.2146664827470492
126.24912764263857,1.2146664827470492
126.25912764263857,1.2146664827470492
126.26912764263858,1.2146664827470492
126.27912764263858,1.2146664827470492
126.28912764263859,1.2146664827470492
126.29912764263858,1.2146664827470492
126.30912764263859,1.2146664827470492
126.31912764263859,1.2146664827470492
126.32912764263858,1.2146664827470492
126.33912764263859,1.2146664827470492
126.34912764263859,1.2146664827470492
126.3591276426386,1.2146664827470492
126.3691276426386,1.2146664827470492
126.3791276426386,1.2146664827470492
126.3891276426386,1.2146664827470492
126.3991276426386,1.2146664827470492
126.4091276426386,1.2146664827470492
126.4191276426386,1.2146664827470492
126.4291276426386,1.2146664827470492
126.43912764263861,1.2146664827470492
126.44912764263862,1.2146664827470492
126.4591276426386,1.2146664827470492
126.46912764263861,1.2146664827470492
126.47912764263862,1.2146664827470492
126.4891276426386,1.2146664827470492
126.49912764263861,1.2146664827470492
126.50912764263862,1.2146664827470492
126.51912764263862,1.2146664827470492
126.52912764263863,1.2146664827470492
126.53912764263862,1.2146664827470492
126.54912764263862,1.2146664827470492
126.55912764263863,1.2146664827470492
126.56912764263862,1.2146664827470492
126.57912764263862,1.2146664827470492
126.58912764263863,1.2146664827470492
126.59912764263863,1.2146664827470492
126.60912764263864,1.2146664827470492
126.61912764263863,1.2146664827470492
126.62912764263864,1.2146664827470492
126.63912764263864,1.2146664827470492
126.64912764263863,1.2146664827470492
126.65912764263864,1.2146664827470492
126.66912764263864,1.2146664827470492
126.67912764263865,1.2146664827470492
126.68912764263865,1.2146664827470492
126.69912764263864,1.2146664827470492
126.70912764263865,1.2146664827470492
126.71912764263865,1.2146664827470492
126.72912764263864,1.2146664827470492
126.73912764263865,1.2146664827470492
126.74912764263865,1.2146664827470492
126.75912764263866,1.2146664827470492
126.76912764263867,1.2146664827470492
126.77912764263866,1.2146664827470492
126.78912764263866,1.2146664827470492
126.79912764263867,1.2146664827470492
126.80912764263866,1.2146664827470492
126.81912764263866,1.2146664827470492
126.82912764263867,1.2146664827470492
126.83912764263867,1.2146664827470492
126.84912764263868,1.2146664827470492
126.85912764263867,1.2146664827470492
126.86912764263867,1.2146664827470492
126.87912764263868,1.2146664827470492
126.88912764263867,1.2146664827470492
126.89912764263867,1.2146664827470492
126.90912764263868,1.2146664827470492
126.91912764263868,1.2146664827470492
126.92912764263869,1.2146664827470492
126.93912764263868,1.2146664827470492
126.94912764263869,1.2146664827470492
126.95912764263869,1.2146664827470492
126.96912764263868,1.2146664827470492
126.97912764263869,1.2146664827470492
126.98912764263869,1.2146664827470492
126.9991276426387,1.2146664827470492
127.0091276426387,1.2146664827470492
127.0191276426387,1.2146664827470492
127.0291276426387,1.2146664827470492
127.0391276426387,1.2146664827470492
127.0491276426387,1.2146664827470492
127.0591276426387,1.2146664827470492
127.0691276426387,1.2146664827470492
127.07912764263871,1.2146664827470492
127.08912764263872,1.2146664827470492
127.0991276426387,1.2146664827470492
127.10912764263871,1.2146664827470492
127.11912764263872,1.2146664827470492
127.12912764263871,1.2146664827470492
127.13912764263871,1.2146664827470492
127.14912764263872,1.2146664827470492
127.15912764263872,1.2146664827470492
127.16912764263873,1.2146664827470492
127.17912764263872,1.2146664827470492
127.18912764263872,1.2146664827470492
127.19912764263873,1.2146664827470492
127.20912764263872,1.2146664827470492
127.21912764263872,1.2146664827470492
127.22912764263873,1.2146664827470492
127.23912764263873,1.2146664827470492
127.24912764263874,1.2146664827470492
127.25912764263873,1.2146664827470492
127.26912764263874,1.2146664827470492
127.27912764263874,1.2146664827470492
127.28912764263873,1.2146664827470492
127.29912764263874,1.2146664827470492
127.30912764263874,1.2146664827470492
127.31912764263875,1.2146664827470492
127.32912764263875,1.2146664827470492
127.33912764263874,1.2146664827470492
127.34912764263875,1.2146664827470492
127.35912764263875,1.2146664827470492
127.36912764263874,1.2146664827470492
127.37912764263875,1.2146664827470492
127.38912764263875,1.2146664827470492
127.39912764263876,1.2146664827470492
127.40912764263877,1.2146664827470492
127.41912764263876,1.2146664827470492
127.42912764263876,1.2146664827470492
127.43912764263877,1.2146664827470492
127.44912764263876,1.2146664827470492
127.45912764263876,1.2146664827470492
127.46912764263877,1.2146664827470492
127.47912764263877,1.2146664827470492
127.48912764263878,1.2146664827470492
127.49912764263877,1.2146664827470492
127.50912764263877,1.2146664827470492
127.51912764263878,1.2146664827470492
127.52912764263877,1.2146664827470492
127.53912764263877,1.2146664827470492
127.54912764263878,1.2146664827470492
127.55912764263879,1.2146664827470492
127.56912764263879,1.2146664827470492
127.57912764263878,1.2146664827470492
127.58912764263879,1.2146664827470492
127.59912764263879,1.2146664827470492
127.60912764263878,1.2146664827470492
127.61912764263879,1.2146664827470492
127.62912764263879,1.2146664827470492
127.6391276426388,1.2146664827470492
127.6491276426388,1.2146664827470492
127.6591276426388,1.2146664827470492
127.6691276426388,1.2146664827470492
127.6791276426388,1.2146664827470492
127.6891276426388,1.2146664827470492
127.6991276426388,1.2146664827470492
127.7091276426388,1.2146664827470492
127.71912764263881,1.2146664827470492
127.72912764263882,1.2146664827470492
127.7391276426388,1.2146664827470492
127.74912764263881,1.2146664827470492
127.75912764263882,1.2146664827470492
127.76912764263881,1.2146664827470492
127.77912764263881,1.2146664827470492
127.78912764263882,1.2146664827470492
127.79912764263882,1.2146664827470492
127.80912764263883,1.2146664827470492
127.81912764263882,1.2146664827470492
127.82912764263882,1.2146664827470492
127.83912764263883,1.2146664827470492
127.84912764263882,1.2146664827470492
127.85912764263882,1.2146664827470492
127.86912764263883,1.2146664827470492
127.87912764263884,1.2146664827470492
127.88912764263884,1.2146664827470492
127.89912764263883,1.2146664827470492
127.90912764263884,1.2146664827470492
127.91912764263884,1.2146664827470492
127.92912764263883,1.2146664827470492
127.93912764263884,1.2146664827470492
127.94912764263884,1.2146664827470492
127.95912764263885,1.2146664827470492
127.96912764263885,1.2146664827470492
127.97912764263884,1.2146664827470492
127.98912764263885,1.2146664827470492
127.99912764263885,1.2146664827470492
128.00912764263884,1.2146664827470492
128.01912764263886,1.2146664827470492
128.02912764263885,1.2146664827470492
128.03912764263885,1.2146664827470492
128.04912764263887,1.2146664827470492
128.05912764263886,1.2146664827470492
128.06912764263888,1.2146664827470492
128.07912764263887,1.2146664827470492
128.08912764263886,1.2146664827470492
128.09912764263888,1.2146664827470492
128.10912764263887,1.2146664827470492
128.11912764263886,1.2146664827470492
128.12912764263888,1.2146664827470492
128.13912764263887,1.2146664827470492
128.14912764263886,1.2146664827470492
128.15912764263888,1.2146664827470492
128.16912764263887,1.2146664827470492
128.1791276426389,1.2146664827470492
128.18912764263888,1.2146664827470492
128.19912764263887,1.2146664827470492
128.2091276426389,1.2146664827470492
128.21912764263888,1.2146664827470492
128.2291276426389,1.2146664827470492
128.2391276426389,1.2146664827470492
128.24912764263888,1.2146664827470492
128.2591276426389,1.2146664827470492
128.2691276426389,1.2146664827470492
128.27912764263888,1.2146664827470492
128.2891276426389,1.2146664827470492
128.2991276426389,1.2146664827470492
128.30912764263888,1.2146664827470492
128.3191276426389,1.2146664827470492
128.3291276426389,1.2146664827470492
128.3391276426389,1.2146664827470492
128.3491276426389,1.2146664827470492
128.3591276426389,1.2146664827470492
128.36912764263892,1.2146664827470492
128.3791276426389,1.2146664827470492
128.38912764263893,1.2146664827470492
128.39912764263892,1.2146664827470492
128.4091276426389,1.2146664827470492
128.41912764263893,1.2146664827470492
128.42912764263892,1.2146664827470492
128.4391276426389,1.2146664827470492
128.44912764263893,1.2146664827470492
128.45912764263892,1.2146664827470492
128.4691276426389,1.2146664827470492
128.47912764263893,1.2146664827470492
128.48912764263892,1.2146664827470492
128.49912764263894,1.2146664827470492
128.50912764263893,1.2146664827470492
128.51912764263892,1.2146664827470492
128.52912764263894,1.2146664827470492
128.53912764263893,1.2146664827470492
128.54912764263895,1.2146664827470492
128.55912764263894,1.2146664827470492
128.56912764263893,1.2146664827470492
128.57912764263895,1.2146664827470492
128.58912764263894,1.2146664827470492
128.59912764263893,1.2146664827470492
128.60912764263895,1.2146664827470492
128.61912764263894,1.2146664827470492
128.62912764263893,1.2146664827470492
128.63912764263895,1.2146664827470492
128.64912764263894,1.2146664827470492
128.65912764263896,1.2146664827470492
128.66912764263895,1.2146664827470492
128.67912764263895,1.2146664827470492
128.68912764263897,1.2146664827470492
128.69912764263896,1.2146664827470492
128.70912764263898,1.2146664827470492
128.71912764263897,1.2146664827470492
128.72912764263896,1.2146664827470492
128.73912764263898,1.2146664827470492
128.74912764263897,1.2146664827470492
128.75912764263896,1.2146664827470492
128.76912764263898,1.2146664827470492
128.77912764263897,1.2146664827470492
128.78912764263896,1.2146664827470492
128.79912764263898,1.2146664827470492
128.80912764263897,1.2146664827470492
128.819127642639,1.2146664827470492
128.82912764263898,1.2146664827470492
128.83912764263897,1.2146664827470492
128.849127642639,1.2146664827470492
128.85912764263898,1.2146664827470492
128.869127642639,1.2146664827470492
128.879127642639,1.2146664827470492
128.88912764263898,1.2146664827470492
128.899127642639,1.2146664827470492
128.909127642639,1.2146664827470492
128.91912764263898,1.2146664827470492
128.929127642639,1.2146664827470492
128.939127642639,1.2146664827470492
128.94912764263898,1.2146664827470492
128.959127642639,1.2146664827470492
128.969127642639,1.2146664827470492
128.979127642639,1.2146664827470492
128.989127642639,1.2146664827470492
128.999127642639,1.2146664827470492
129.00912764263902,1.2146664827470492
129.019127642639,1.2146664827470492
129.02912764263903,1.2146664827470492
129.03912764263902,1.2146664827470492
129.049127642639,1.2146664827470492
129.05912764263903,1.2146664827470492
129.06912764263902,1.2146664827470492
129.079127642639,1.2146664827470492
129.08912764263903,1.2146664827470492
129.09912764263902,1.2146664827470492
129.109127642639,1.2146664827470492
129.11912764263903,1.2146664827470492
129.12912764263902,1.2146664827470492
129.13912764263904,1.2146664827470492
129.14912764263903,1.2146664827470492
129.15912764263902,1.2146664827470492
129.16912764263904,1.2146664827470492
129.17912764263903,1.2146664827470492
129.18912764263905,1.2146664827470492
129.19912764263904,1.2146664827470492
129.20912764263903,1.2146664827470492
129.21912764263905,1.2146664827470492
129.22912764263904,1.2146664827470492
129.23912764263903,1.2146664827470492
129.24912764263905,1.2146664827470492
129.25912764263904,1.2146664827470492
129.26912764263903,1.2146664827470492
129.27912764263905,1.2146664827470492
129.28912764263904,1.2146664827470492
129.29912764263906,1.2146664827470492
129.30912764263906,1.2146664827470492
129.31912764263905,1.2146664827470492
129.32912764263907,1.2146664827470492
129.33912764263906,1.2146664827470492
129.34912764263908,1.2146664827470492
129.35912764263907,1.2146664827470492
129.36912764263906,1.2146664827470492
129.37912764263908,1.2146664827470492
129.38912764263907,1.2146664827470492
129.39912764263906,1.2146664827470492
129.40912764263908,1.2146664827470492
129.41912764263907,1.2146664827470492
129.42912764263906,1.2146664827470492
129.43912764263908,1.2146664827470492
129.44912764263907,1.2146664827470492
129.4591276426391,1.2146664827470492
129.46912764263908,1.2146664827470492
129.47912764263907,1.2146664827470492
129.4891276426391,1.2146664827470492
129.49912764263908,1.2146664827470492
129.5091276426391,1.2146664827470492
129.5191276426391,1.2146664827470492
129.52912764263908,1.2146664827470492
129.5391276426391,1.2146664827470492
129.5491276426391,1.2146664827470492
129.55912764263908,1.214666482747049
129.5691276426391,1.214666482747049
129.5791276426391,1.214666482747049
129.58912764263908,1.214666482747049
129.5991276426391,1.214666482747049
129.6091276426391,1.214666482747049
129.6191276426391,1.214666482747049
129.6291276426391,1.214666482747049
129.6391276426391,1.214666482747049
129.64912764263912,1.214666482747049
129.6591276426391,1.214666482747049
129.66912764263913,1.214666482747049
129.67912764263912,1.214666482747049
129.6891276426391,1.214666482747049
129.69912764263913,1.214666482747049
129.70912764263912,1.214666482747049
129.7191276426391,1.214666482747049
129.72912764263913,1.214666482747049
129.73912764263912,1.214666482747049
129.7491276426391,1.214666482747049
129.75912764263913,1.214666482747049
129.76912764263912,1.214666482747049
129.77912764263914,1.214666482747049
129.78912764263913,1.214666482747049
129.79912764263912,1.214666482747049
129.80912764263914,1.214666482747049
129.81912764263913,1.214666482747049
129.82912764263915,1.214666482747049
129.83912764263914,1.214666482747049
129.84912764263913,1.214666482747049
129.85912764263915,1.214666482747049
129.86912764263914,1.214666482747049
129.87912764263913,1.214666482747049
129.88912764263915,1.214666482747049
129.89912764263914,1.214666482747049
129.90912764263913,1.214666482747049
129.91912764263915,1.214666482747049
129.92912764263914,1.214666482747049
129.93912764263916,1.214666482747049
129.94912764263916,1.214666482747049
129.95912764263915,1.214666482747049
129.96912764263917,1.214666482747049
129.97912764263916,1.214666482747049
129.98912764263918,1.214666482747049
129.99912764263917,1.214666482747049
130.00912764263916,1.214666482747049
130.01912764263918,1.214666482747049
130.02912764263917,1.214666482747049
130.03912764263916,1.214666482747049
130.04912764263918,1.214666482747049
130.05912764263917,1.214666482747049
130.06912764263916,1.214666482747049
130.07912764263918,1.214666482747049
130.08912764263917,1.214666482747049
130.0991276426392,1.214666482747049
130.10912764263918,1.214666482747049
130.11912764263917,1.214666482747049
130.1291276426392,1.214666482747049
130.13912764263918,1.214666482747049
130.1491276426392,1.214666482747049
130.1591276426392,1.214666482747049
130.16912764263918,1.214666482747049
130.1791276426392,1.214666482747049
130.1891276426392,1.214666482747049
130.19912764263918,1.214666482747049
130.2091276426392,1.214666482747049
130.2191276426392,1.214666482747049
130.22912764263918,1.214666482747049
130.2391276426392,1.214666482747049
130.2491276426392,1.214666482747049
130.2591276426392,1.214666482747049
130.2691276426392,1.214666482747049
130.2791276426392,1.214666482747049
130.28912764263922,1.214666482747049
130.2991276426392,1.214666482747049
130.30912764263923,1.214666482747049
130.31912764263922,1.214666482747049
130.3291276426392,1.214666482747049
130.33912764263923,1.214666482747049
130.34912764263922,1.214666482747049
130.3591276426392,1.214666482747049
130.36912764263923,1.214666482747049
130.37912764263922,1.214666482747049
130.3891276426392,1.214666482747049
130.39912764263923,1.214666482747049
130.40912764263922,1.214666482747049
130.41912764263924,1.214666482747049
130.42912764263923,1.214666482747049
130.43912764263922,1.214666482747049
130.44912764263924,1.214666482747049
130.45912764263923,1.214666482747049
130.46912764263925,1.214666482747049
130.47912764263924,1.214666482747049
130.48912764263923,1.214666482747049
130.49912764263925,1.214666482747049
130.50912764263924,1.214666482747049
130.51912764263923,1.214666482747049
130.52912764263925,1.214666482747049
130.53912764263924,1.214666482747049
130.54912764263923,1.214666482747049
130.55912764263925,1.214666482747049
130.56912764263924,1.2146664827470488
130.57912764263926,1.2146664827470488
130.58912764263926,1.2146664827470488
130.59912764263925,1.2146664827470488
130.60912764263927,1.2146664827470488
130.61912764263926,1.2146664827470488
130.62912764263928,1.2146664827470488
130.63912764263927,1.2146664827470488
130.64912764263926,1.2146664827470488
130.65912764263928,1.2146664827470488
130.66912764263927,1.2146664827470488
130.67912764263926,1.2146664827470488
130.68912764263928,1.2146664827470488
130.69912764263927,1.2146664827470488
130.70912764263926,1.2146664827470488
130.71912764263928,1.2146664827470488
130.72912764263927,1.2146664827470488
130.7391276426393,1.2146664827470488
130.74912764263928,1.2146664827470488
130.75912764263927,1.2146664827470488
130.7691276426393,1.2146664827470488
130.77912764263928,1.2146664827470488
130.7891276426393,1.2146664827470488
130.7991276426393,1.2146664827470488
130.80912764263928,1.2146664827470488
130.8191276426393,1.2146664827470488
130.8291276426393,1.2146664827470488
130.83912764263928,1.2146664827470488
130.8491276426393,1.2146664827470488
130.8591276426393,1.2146664827470488
130.86912764263928,1.2146664827470488
130.8791276426393,1.2146664827470488
130.8891276426393,1.2146664827470488
130.89912764263931,1.2146664827470488
130.9091276426393,1.2146664827470488
130.9191276426393,1.2146664827470488
130.92912764263932,1.2146664827470488
130.9391276426393,1.2146664827470488
130.94912764263933,1.2146664827470488
130.95912764263932,1.2146664827470488
130.9691276426393,1.2146664827470488
130.97912764263933,1.2146664827470488
130.98912764263932,1.2146664827470488
130.9991276426393,1.2146664827470488
131.00912764263933,1.2146664827470488
131.01912764263932,1.2146664827470488
131.0291276426393,1.2146664827470488
131.03912764263933,1.2146664827470488
131.04912764263932,1.2146664827470486
131.05912764263934,1.2146664827470486
131.06912764263933,1.2146664827470486
131.07912764263932,1.2146664827470486
131.08912764263934,1.2146664827470486
131.09912764263933,1.2146664827470486
131.10912764263935,1.2146664827470486
131.11912764263934,1.2146664827470486
131.12912764263933,1.2146664827470486
131.13912764263935,1.2146664827470486
131.14912764263934,1.2146664827470486
131.15912764263933,1.2146664827470486
131.16912764263935,1.2146664827470486
131.17912764263934,1.2146664827470486
131.18912764263933,1.2146664827470486
131.19912764263935,1.2146664827470486
131.20912764263934,1.2146664827470486
131.21912764263936,1.2146664827470486
131.22912764263936,1.2146664827470486
131.23912764263935,1.2146664827470486
131.24912764263937,1.2146664827470486
131.25912764263936,1.2146664827470486
131.26912764263938,1.2146664827470486
131.27912764263937,1.2146664827470486
131.28912764263936,1.2146664827470486
131.29912764263938,1.2146664827470486
131.30912764263937,1.2146664827470486
131.31912764263936,1.2146664827470486
131.32912764263938,1.2146664827470486
131.33912764263937,1.2146664827470486
131.34912764263936,1.2146664827470486
131.35912764263938,1.2146664827470486
131.36912764263937,1.2146664827470484
131.3791276426394,1.2146664827470484
131.38912764263938,1.2146664827470484
131.39912764263937,1.2146664827470484
131.4091276426394,1.2146664827470484
131.41912764263938,1.2146664827470484
131.4291276426394,1.2146664827470484
131.4391276426394,1.2146664827470484
131.44912764263938,1.2146664827470484
131.4591276426394,1.2146664827470484
131.4691276426394,1.2146664827470484
131.47912764263938,1.2146664827470484
131.4891276426394,1.2146664827470484
131.4991276426394,1.2146664827470484
131.50912764263938,1.2146664827470484
131.5191276426394,1.2146664827470484
131.5291276426394,1.2146664827470484
131.53912764263941,1.2146664827470484
131.5491276426394,1.2146664827470484
131.5591276426394,1.2146664827470484
131.56912764263942,1.2146664827470484
131.5791276426394,1.2146664827470484
131.58912764263943,1.2146664827470484
131.59912764263942,1.2146664827470484
131.6091276426394,1.2146664827470481
131.61912764263943,1.2146664827470481
131.62912764263942,1.2146664827470481
131.6391276426394,1.2146664827470481
131.64912764263943,1.2146664827470481
131.65912764263942,1.2146664827470481
131.6691276426394,1.2146664827470481
131.67912764263943,1.2146664827470481
131.68912764263942,1.2146664827470481
131.69912764263944,1.2146664827470481
131.70912764263943,1.2146664827470481
131.71912764263942,1.2146664827470481
131.72912764263944,1.2146664827470481
131.73912764263943,1.2146664827470481
131.74912764263945,1.2146664827470481
131.75912764263944,1.2146664827470481
131.76912764263943,1.2146664827470481
131.77912764263945,1.2146664827470481
131.78912764263944,1.2146664827470481
131.79912764263943,1.214666482747048
131.80912764263945,1.214666482747048
131.81912764263944,1.214666482747048
131.82912764263943,1.214666482747048
131.83912764263945,1.214666482747048
131.84912764263944,1.214666482747048
131.85912764263946,1.214666482747048
131.86912764263946,1.214666482747048
131.87912764263945,1.214666482747048
131.88912764263947,1.214666482747048
131.89912764263946,1.214666482747048
131.90912764263948,1.214666482747048
131.91912764263947,1.214666482747048
131.92912764263946,1.214666482747048
131.93912764263948,1.214666482747048
131.94912764263947,1.214666482747048
131.95912764263946,1.2146664827470477
131.96912764263948,1.2146664827470477
131.97912764263947,1.2146664827470477
131.98912764263946,1.2146664827470477
131.99912764263948,1.2146664827470477
132.00912764263947,1.2146664827470477
132.0191276426395,1.2146664827470477
132.02912764263948,1.2146664827470477
132.03912764263947,1.2146664827470477
132.0491276426395,1.2146664827470477
132.05912764263948,1.2146664827470477
132.0691276426395,1.2146664827470477
132.0791276426395,1.2146664827470477
132.08912764263948,1.2146664827470475
132.0991276426395,1.2146664827470475
132.1091276426395,1.2146664827470475
132.11912764263948,1.2146664827470475
132.1291276426395,1.2146664827470475
132.1391276426395,1.2146664827470475
132.14912764263948,1.2146664827470475
132.1591276426395,1.2146664827470475
132.1691276426395,1.2146664827470475
132.17912764263951,1.2146664827470475
132.1891276426395,1.2146664827470475
132.1991276426395,1.2146664827470475
132.20912764263952,1.2146664827470472
132.2191276426395,1.2146664827470472
132.22912764263953,1.2146664827470472
132.23912764263952,1.2146664827470472
132.2491276426395,1.2146664827470472
132.25912764263953,1.2146664827470472
132.26912764263952,1.2146664827470472
132.2791276426395,1.2146664827470472
132.28912764263953,1.2146664827470472
132.29912764263952,1.2146664827470472
132.3091276426395,1.2146664827470472
132.31912764263953,1.214666482747047
132.32912764263952,1.214666482747047
132.33912764263954,1.214666482747047
132.34912764263953,1.214666482747047
132.35912764263952,1.214666482747047
132.36912764263954,1.214666482747047
132.37912764263953,1.214666482747047
132.38912764263955,1.214666482747047
132.39912764263954,1.214666482747047
132.40912764263953,1.214666482747047
132.41912764263955,1.2146664827470468
132.42912764263954,1.2146664827470468
132.43912764263953,1.2146664827470468
132.44912764263955,1.2146664827470468
132.45912764263954,1.2146664827470468
132.46912764263953,1.2146664827470468
132.47912764263955,1.2146664827470468
132.48912764263955,1.2146664827470468
132.49912764263956,1.2146664827470466
132.50912764263956,1.2146664827470466
132.51912764263955,1.2146664827470466
132.52912764263957,1.2146664827470466
132.53912764263956,1.2146664827470466
132.54912764263958,1.2146664827470466
132.55912764263957,1.2146664827470466
132.56912764263956,1.2146664827470466
132.57912764263958,1.2146664827470464
132.58912764263957,1.2146664827470464
132.59912764263956,1.2146664827470464
132.60912764263958,1.2146664827470464
132.61912764263957,1.2146664827470464
132.62912764263956,1.2146664827470464
132.63912764263958,1.2146664827470464
132.64912764263957,1.2146664827470464
132.6591276426396,1.2146664827470461
132.66912764263958,1.2146664827470461
132.67912764263957,1.2146664827470461
132.6891276426396,1.2146664827470461
132.69912764263958,1.2146664827470461
132.7091276426396,1.2146664827470461
132.7191276426396,1.2146664827470461
132.72912764263958,1.214666482747046
132.7391276426396,1.214666482747046
132.7491276426396,1.214666482747046
132.75912764263958,1.214666482747046
132.7691276426396,1.214666482747046
132.7791276426396,1.214666482747046
132.78912764263958,1.2146664827470457
132.7991276426396,1.2146664827470457
132.8091276426396,1.2146664827470457
132.81912764263961,1.2146664827470457
132.8291276426396,1.2146664827470457
132.8391276426396,1.2146664827470457
132.84912764263962,1.2146664827470455
132.8591276426396,1.2146664827470455
132.86912764263963,1.2146664827470455
132.87912764263962,1.2146664827470455
132.8891276426396,1.2146664827470455
132.89912764263963,1.2146664827470455
132.90912764263962,1.2146664827470453
132.9191276426396,1.2146664827470453
132.92912764263963,1.2146664827470453
132.93912764263962,1.2146664827470453
132.9491276426396,1.2146664827470453
132.95912764263963,1.214666482747045
132.96912764263962,1.214666482747045
132.97912764263964,1.214666482747045
132.98912764263963,1.214666482747045
132.99912764263962,1.214666482747045
133.00912764263964,1.2146664827470448
133.01912764263963,1.2146664827470448
133.02912764263965,1.2146664827470448
133.03912764263964,1.2146664827470448
133.04912764263963,1.2146664827470448
133.05912764263965,1.2146664827470446
133.06912764263964,1.2146664827470446
133.07912764263963,1.2146664827470446
133.08912764263965,1.2146664827470446
133.09912764263964,1.2146664827470446
133.10912764263963,1.2146664827470444
133.11912764263965,1.2146664827470444
133.12912764263965,1.2146664827470444
133.13912764263966,1.2146664827470444
133.14912764263966,1.2146664827470441
133.15912764263965,1.2146664827470441
133.16912764263967,1.2146664827470441
133.17912764263966,1.2146664827470441
133.18912764263968,1.214666482747044
133.19912764263967,1.214666482747044
133.20912764263966,1.214666482747044
133.21912764263968,1.214666482747044
133.22912764263967,1.214666482747044
133.23912764263966,1.2146664827470437
133.24912764263968,1.2146664827470437
133.25912764263967,1.2146664827470437
133.26912764263966,1.2146664827470435
133.27912764263968,1.2146664827470435
133.28912764263967,1.2146664827470435
133.2991276426397,1.2146664827470435
133.30912764263968,1.2146664827470433
133.31912764263967,1.2146664827470433
133.3291276426397,1.2146664827470433
133.33912764263968,1.2146664827470433
133.3491276426397,1.214666482747043
133.3591276426397,1.214666482747043
133.36912764263968,1.214666482747043
133.3791276426397,1.2146664827470428
133.3891276426397,1.2146664827470428
133.39912764263968,1.2146664827470428
133.4091276426397,1.2146664827470428
133.4191276426397,1.2146664827470426
133.42912764263968,1.2146664827470426
133.4391276426397,1.2146664827470426
133.4491276426397,1.2146664827470424
133.45912764263971,1.2146664827470424
133.4691276426397,1.2146664827470424
133.4791276426397,1.2146664827470421
133.48912764263972,1.2146664827470421
133.4991276426397,1.2146664827470421
133.50912764263973,1.214666482747042
133.51912764263972,1.214666482747042
133.5291276426397,1.214666482747042
133.53912764263973,1.2146664827470417
133.54912764263972,1.2146664827470417
133.5591276426397,1.2146664827470417
133.56912764263973,1.2146664827470415
133.57912764263972,1.2146664827470415
133.5891276426397,1.2146664827470415
133.59912764263973,1.2146664827470413
133.60912764263972,1.2146664827470413
133.61912764263974,1.2146664827470413
133.62912764263973,1.214666482747041
133.63912764263972,1.214666482747041
133.64912764263974,1.2146664827470408
133.65912764263973,1.2146664827470408
133.66912764263975,1.2146664827470408
133.67912764263974,1.2146664827470406
133.68912764263973,1.2146664827470406
133.69912764263975,1.2146664827470404
133.70912764263974,1.2146664827470404
133.71912764263973,1.2146664827470404
133.72912764263975,1.2146664827470401
133.73912764263974,1.2146664827470401
133.74912764263973,1.21466648274704
133.75912764263975,1.21466648274704
133.76912764263975,1.2146664827470397
133.77912764263976,1.2146664827470397
133.78912764263976,1.2146664827470397
133.79912764263975,1.2146664827470395
133.80912764263977,1.2146664827470395
133.81912764263976,1.2146664827470393
133.82912764263978,1.2146664827470393
133.83912764263977,1.214666482747039
133.84912764263976,1.214666482747039
133.85912764263978,1.2146664827470388
133.86912764263977,1.2146664827470388
133.87912764263976,1.2146664827470386
133.88912764263978,1.2146664827470386
133.89912764263977,1.2146664827470384
133.90912764263976,1.2146664827470384
133.91912764263978,1.2146664827470381
133.92912764263977,1.2146664827470381
133.9391276426398,1.214666482747038
133.94912764263978,1.214666482747038
133.95912764263977,1.2146664827470377
133.9691276426398,1.2146664827470377
133.97912764263978,1.2146664827470375
133.9891276426398,1.2146664827470375
133.9991276426398,1.2146664827470373
134.00912764263978,1.2146664827470373
134.0191276426398,1.214666482747037
134.0291276426398,1.214666482747037
134.03912764263978,1.2146664827470368
134.0491276426398,1.2146664827470368
134.0591276426398,1.2146664827470366
134.06912764263978,1.2146664827470364
134.0791276426398,1.2146664827470364
134.0891276426398,1.2146664827470361
134.09912764263981,1.2146664827470361
134.1091276426398,1.214666482747036
134.1191276426398,1.2146664827470357
134.12912764263982,1.2146664827470357
134.1391276426398,1.2146664827470355
134.14912764263983,1.2146664827470353
134.15912764263982,1.2146664827470353
134.1691276426398,1.214666482747035
134.17912764263983,1.214666482747035
134.18912764263982,1.2146664827470348
134.1991276426398,1.2146664827470346
134.20912764263983,1.2146664827470346
134.21912764263982,1.2146664827470344
134.2291276426398,1.2146664827470341
134.23912764263983,1.2146664827470341
134.24912764263982,1.214666482747034
134.25912764263984,1.2146664827470337
134.26912764263983,1.2146664827470335
134.27912764263982,1.2146664827470335
134.28912764263984,1.2146664827470333
134.29912764263983,1.214666482747033
134.30912764263985,1.214666482747033
134.31912764263984,1.2146664827470328
134.32912764263983,1.2146664827470326
134.33912764263985,1.2146664827470324
134.34912764263984,1.2146664827470324
134.35912764263983,1.2146664827470322
134.36912764263985,1.214666482747032
134.37912764263984,1.2146664827470317
134.38912764263983,1.2146664827470315
134.39912764263985,1.2146664827470315
134.40912764263985,1.2146664827470313
134.41912764263986,1.214666482747031
134.42912764263986,1.2146664827470308
134.43912764263985,1.2146664827470306
134.44912764263987,1.2146664827470304
134.45912764263986,1.2146664827470304
134.46912764263988,1.2146664827470302
134.47912764263987,1.21466648274703
134.48912764263986,1.2146664827470297
134.49912764263988,1.2146664827470295
134.50912764263987,1.2146664827470293
134.51912764263986,1.214666482747029
134.52912764263988,1.2146664827470288
134.53912764263987,1.2146664827470286
134.54912764263986,1.2146664827470284
134.55912764263988,1.2146664827470284
134.56912764263987,1.2146664827470282
134.5791276426399,1.214666482747028
134.58912764263988,1.2146664827470277
134.59912764263987,1.2146664827470275
134.6091276426399,1.2146664827470273
134.61912764263988,1.214666482747027
134.6291276426399,1.2146664827470268
134.6391276426399,1.2146664827470266
134.64912764263988,1.2146664827470264
134.6591276426399,1.2146664827470262
134.6691276426399,1.214666482747026
134.67912764263988,1.2146664827470255
134.6891276426399,1.2146664827470253
134.6991276426399,1.214666482747025
134.70912764263988,1.2146664827470248
134.7191276426399,1.2146664827470246
134.7291276426399,1.2146664827470244
134.73912764263991,1.2146664827470242
134.7491276426399,1.214666482747024
134.7591276426399,1.2146664827470237
134.76912764263992,1.2146664827470233
134.7791276426399,1.214666482747023
134.78912764263993,1.2146664827470228
134.79912764263992,1.2146664827470226
134.8091276426399,1.2146664827470224
134.81912764263993,1.214666482747022
134.82912764263992,1.2146664827470217
134.8391276426399,1.2146664827470215
134.84912764263993,1.2146664827470213
134.85912764263992,1.2146664827470208
134.8691276426399,1.2146664827470206
134.87912764263993,1.2146664827470204
134.88912764263992,1.2146664827470202
134.89912764263994,1.2146664827470197
134.90912764263993,1.2146664827470195
134.91912764263992,1.2146664827470193
134.92912764263994,1.2146664827470188
134.93912764263993,1.2146664827470186
134.94912764263995,1.2146664827470182
134.95912764263994,1.214666482747018
134.96912764263993,1.2146664827470177
134.97912764263995,1.2146664827470173
134.98912764263994,1.214666482747017
134.99912764263993,1.2146664827470166
135.00912764263995,1.2146664827470164
135.01912764263994,1.214666482747016
135.02912764263993,1.2146664827470157
135.03912764263995,1.2146664827470153
135.04912764263995,1.214666482747015
135.05912764263996,1.2146664827470146
135.06912764263996,1.2146664827470144
135.07912764263995,1.214666482747014
135.08912764263997,1.2146664827470137
135.09912764263996,1.2146664827470133
135.10912764263998,1.2146664827470128
135.11912764263997,1.2146664827470126
135.12912764263996,1.2146664827470122
135.13912764263998,1.2146664827470117
135.14912764263997,1.2146664827470115
135.15912764263996,1.214666482747011
135.16912764263998,1.2146664827470106
135.17912764263997,1.2146664827470104
135.18912764263996,1.21466648274701
135.19912764263998,1.2146664827470095
135.20912764263997,1.214666482747009
135.21912764264,1.2146664827470086
135.22912764263998,1.2146664827470084
135.23912764263997,1.214666482747008
135.24912764264,1.2146664827470075
135.25912764263998,1.214666482747007
135.26912764264,1.2146664827470066
135.27912764264,1.2146664827470062
135.28912764263998,1.2146664827470057
135.29912764264,1.2146664827470053
135.30912764264,1.2146664827470048
135.31912764263998,1.2146664827470044
135.32912764264,1.214666482747004
135.33912764264,1.2146664827470035
135.34912764263998,1.214666482747003
135.35912764264,1.2146664827470026
135.36912764264,1.2146664827470022
135.37912764264001,1.2146664827470017
135.38912764264,1.2146664827470013
135.39912764264,1.2146664827470008
135.40912764264002,1.2146664827470004
135.41912764264,1.2146664827469997
135.42912764264003,1.2146664827469993
135.43912764264002,1.2146664827469988
135.44912764264,1.2146664827469984
135.45912764264003,1.214666482746998
135.46912764264002,1.2146664827469973
135.47912764264,1.2146664827469968
135.48912764264003,1.2146664827469964
135.49912764264002,1.2146664827469957
135.50912764264,1.2146664827469953
135.51912764264003,1.2146664827469946
135.52912764264002,1.2146664827469942
135.53912764264004,1.2146664827469935
135.54912764264003,1.214666482746993
135.55912764264002,1.2146664827469924
135.56912764264004,1.214666482746992
135.57912764264003,1.2146664827469913
135.58912764264005,1.2146664827469908
135.59912764264004,1.2146664827469902
135.60912764264003,1.2146664827469897
135.61912764264005,1.214666482746989
135.62912764264004,1.2146664827469884
135.63912764264003,1.214666482746988
135.64912764264005,1.2146664827469873
135.65912764264004,1.2146664827469866
135.66912764264003,1.214666482746986
135.67912764264005,1.2146664827469853
135.68912764264005,1.2146664827469849
135.69912764264006,1.2146664827469842
135.70912764264006,1.2146664827469835
135.71912764264005,1.2146664827469829
135.72912764264007,1.2146664827469822
135.73912764264006,1.2146664827469815
135.74912764264008,1.2146664827469809
135.75912764264007,1.2146664827469802
135.76912764264006,1.2146664827469795
135.77912764264008,1.2146664827469789
135.78912764264007,1.2146664827469782
135.79912764264006,1.2146664827469773
135.80912764264008,1.2146664827469766
135.81912764264007,1.214666482746976
135.82912764264006,1.2146664827469753
135.83912764264008,1.2146664827469744
135.84912764264007,1.2146664827469738
135.8591276426401,1.214666482746973
135.86912764264008,1.2146664827469722
135.87912764264007,1.2146664827469715
135.8891276426401,1.2146664827469709
135.89912764264008,1.21466648274697
135.9091276426401,1.2146664827469693
135.9191276426401,1.2146664827469684
135.92912764264008,1.2146664827469675
135.9391276426401,1.2146664827469669
135.9491276426401,1.214666482746966
135.95912764264008,1.214666482746965
135.9691276426401,1.2146664827469644
135.9791276426401,1.2146664827469635
135.98912764264009,1.2146664827469627
135.9991276426401,1.2146664827469618
136.0091276426401,1.2146664827469609
136.01912764264011,1.2146664827469602
136.0291276426401,1.2146664827469593
136.0391276426401,1.2146664827469584
136.04912764264012,1.2146664827469575
136.0591276426401,1.2146664827469567
136.06912764264013,1.2146664827469555
136.07912764264012,1.2146664827469547
136.0891276426401,1.2146664827469538
136.09912764264013,1.2146664827469529
136.10912764264012,1.214666482746952
136.1191276426401,1.2146664827469509
136.12912764264013,1.21466648274695
136.13912764264012,1.214666482746949
136.1491276426401,1.214666482746948
136.15912764264013,1.214666482746947
136.16912764264012,1.214666482746946
136.17912764264014,1.214666482746945
136.18912764264013,1.214666482746944
136.19912764264012,1.2146664827469429
136.20912764264014,1.214666482746942
136.21912764264013,1.214666482746941
136.22912764264015,1.2146664827469398
136.23912764264014,1.2146664827469387
136.24912764264013,1.2146664827469376
136.25912764264015,1.2146664827469367
136.26912764264014,1.2146664827469356
136.27912764264013,1.2146664827469345
136.28912764264015,1.2146664827469331
136.29912764264014,1.214666482746932
136.30912764264014,1.214666482746931
136.31912764264015,1.2146664827469298
136.32912764264015,1.2146664827469287
136.33912764264016,1.2146664827469273
136.34912764264016,1.2146664827469262
136.35912764264015,1.2146664827469251
136.36912764264017,1.2146664827469238
136.37912764264016,1.2146664827469227
136.38912764264018,1.2146664827469213
136.39912764264017,1.21466648274692
136.40912764264016,1.214666482746919
136.41912764264018,1.2146664827469176
136.42912764264017,1.2146664827469162
136.43912764264016,1.214666482746915
136.44912764264018,1.2146664827469138
136.45912764264017,1.2146664827469125
136.46912764264016,1.2146664827469111
136.47912764264018,1.2146664827469098
136.48912764264017,1.2146664827469082
136.4991276426402,1.214666482746907
136.50912764264018,1.2146664827469056
136.51912764264017,1.2146664827469043
136.5291276426402,1.2146664827469027
136.53912764264018,1.2146664827469014
136.5491276426402,1.2146664827468998
136.5591276426402,1.2146664827468985
136.56912764264018,1.214666482746897
136.5791276426402,1.2146664827468956
136.5891276426402,1.214666482746894
136.59912764264018,1.2146664827468925
136.6091276426402,1.214666482746891
136.6191276426402,1.2146664827468894
136.62912764264019,1.2146664827468878
136.6391276426402,1.2146664827468863
136.6491276426402,1.2146664827468847
136.65912764264021,1.2146664827468832
136.6691276426402,1.2146664827468814
136.6791276426402,1.2146664827468798
136.68912764264022,1.2146664827468783
136.6991276426402,1.2146664827468765
136.70912764264023,1.214666482746875
136.71912764264022,1.2146664827468732
136.7291276426402,1.2146664827468714
136.73912764264023,1.2146664827468698
136.74912764264022,1.214666482746868
136.7591276426402,1.2146664827468663
136.76912764264023,1.2146664827468645
136.77912764264022,1.2146664827468627
136.7891276426402,1.214666482746861
136.79912764264023,1.214666482746859
136.80912764264022,1.2146664827468572
136.81912764264024,1.2146664827468554
136.82912764264023,1.2146664827468534
136.83912764264022,1.2146664827468516
136.84912764264024,1.2146664827468496
136.85912764264023,1.2146664827468476
136.86912764264025,1.2146664827468459
136.87912764264024,1.2146664827468439
136.88912764264023,1.2146664827468419
136.89912764264025,1.2146664827468399
136.90912764264024,1.2146664827468379
136.91912764264023,1.2146664827468356
136.92912764264025,1.2146664827468336
136.93912764264024,1.2146664827468316
136.94912764264024,1.2146664827468294
136.95912764264025,1.2146664827468274
136.96912764264025,1.2146664827468252
136.97912764264026,1.214666482746823
136.98912764264026,1.2146664827468208
136.99912764264025,1.2146664827468185
137.00912764264027,1.2146664827468163
137.01912764264026,1.214666482746814
137.02912764264028,1.2146664827468119
137.03912764264027,1.2146664827468097
137.04912764264026,1.2146664827468072
137.05912764264028,1.214666482746805
137.06912764264027,1.2146664827468026
137.07912764264026,1.2146664827468001
137.08912764264028,1.214666482746798
137.09912764264027,1.2146664827467955
137.10912764264026,1.214666482746793
137.11912764264028,1.2146664827467906
137.12912764264027,1.214666482746788
137.1391276426403,1.2146664827467855
137.14912764264028,1.214666482746783
137.15912764264027,1.2146664827467804
137.1691276426403,1.2146664827467777
137.17912764264028,1.2146664827467752
137.1891276426403,1.2146664827467726
137.1991276426403,1.21466648274677
137.20912764264028,1.2146664827467673
137.2191276426403,1.2146664827467644
137.2291276426403,1.2146664827467617
137.23912764264028,1.214666482746759
137.2491276426403,1.2146664827467561
137.2591276426403,1.2146664827467533
137.26912764264029,1.2146664827467504
137.2791276426403,1.2146664827467477
137.2891276426403,1.2146664827467446
137.29912764264031,1.2146664827467417
137.3091276426403,1.2146664827467388
137.3191276426403,1.214666482746736
137.32912764264032,1.2146664827467328
137.3391276426403,1.2146664827467297
137.34912764264033,1.2146664827467268
137.35912764264032,1.2146664827467237
137.3691276426403,1.2146664827467206
137.37912764264033,1.2146664827467173
137.38912764264032,1.2146664827467142
137.3991276426403,1.214666482746711
137.40912764264033,1.2146664827467077
137.41912764264032,1.2146664827467044
137.4291276426403,1.214666482746701
137.43912764264033,1.2146664827466978
137.44912764264032,1.2146664827466944
137.45912764264034,1.214666482746691
137.46912764264033,1.2146664827466875
137.47912764264032,1.2146664827466842
137.48912764264034,1.2146664827466807
137.49912764264033,1.214666482746677
137.50912764264035,1.2146664827466735
137.51912764264034,1.21466648274667
137.52912764264033,1.2146664827466664
137.53912764264035,1.2146664827466627
137.54912764264034,1.214666482746659
137.55912764264033,1.2146664827466553
137.56912764264035,1.2146664827466516
137.57912764264034,1.2146664827466476
137.58912764264034,1.2146664827466438
137.59912764264035,1.21466648274664
137.60912764264035,1.214666482746636
137.61912764264036,1.214666482746632
137.62912764264036,1.214666482746628
137.63912764264035,1.214666482746624
137.64912764264037,1.21466648274662
137.65912764264036,1.214666482746616
137.66912764264038,1.2146664827466118
137.67912764264037,1.2146664827466076
137.68912764264036,1.2146664827466034
137.69912764264038,1.2146664827465992
137.70912764264037,1.214666482746595
137.71912764264036,1.2146664827465905
137.72912764264038,1.214666482746586
137.73912764264037,1.2146664827465818
137.74912764264036,1.2146664827465774
137.75912764264038,1.2146664827465727
137.76912764264037,1.2146664827465683
137.7791276426404,1.2146664827465636
137.78912764264038,1.214666482746559
137.79912764264037,1.2146664827465543
137.8091276426404,1.2146664827465496
137.81912764264038,1.214666482746545
137.8291276426404,1.21466648274654
137.8391276426404,1.2146664827465352
137.84912764264038,1.2146664827465303
137.8591276426404,1.2146664827465254
137.8691276426404,1.2146664827465206
137.87912764264038,1.2146664827465155
137.8891276426404,1.2146664827465103
137.8991276426404,1.2146664827465052
137.90912764264039,1.2146664827465001
137.9191276426404,1.2146664827464948
137.9291276426404,1.2146664827464897
137.93912764264041,1.2146664827464844
137.9491276426404,1.2146664827464788
137.9591276426404,1.2146664827464735
137.96912764264042,1.214666482746468
137.9791276426404,1.2146664827464626
137.98912764264043,1.214666482746457
137.99912764264042,1.2146664827464513
138.0091276426404,1.2146664827464457
138.01912764264043,1.21466648274644
138.02912764264042,1.2146664827464342
138.0391276426404,1.2146664827464284
138.04912764264043,1.2146664827464224
138.05912764264042,1.2146664827464164
138.0691276426404,1.2146664827464104
138.07912764264043,1.2146664827464044
138.08912764264042,1.2146664827463984
138.09912764264044,1.2146664827463922
138.10912764264043,1.214666482746386
138.11912764264042,1.2146664827463798
138.12912764264044,1.2146664827463733
138.13912764264043,1.214666482746367
138.14912764264045,1.2146664827463605
138.15912764264044,1.214666482746354
138.16912764264043,1.2146664827463474
138.17912764264045,1.2146664827463407
138.18912764264044,1.214666482746334
138.19912764264043,1.2146664827463274
138.20912764264045,1.2146664827463205
138.21912764264044,1.2146664827463136
138.22912764264044,1.2146664827463067
138.23912764264045,1.2146664827462996
138.24912764264045,1.2146664827462925
138.25912764264046,1.2146664827462854
138.26912764264046,1.2146664827462783
138.27912764264045,1.214666482746271
138.28912764264047,1.2146664827462637
138.29912764264046,1.214666482746256
138.30912764264048,1.2146664827462488
138.31912764264047,1.2146664827462412
138.32912764264046,1.2146664827462335
138.33912764264048,1.214666482746226
138.34912764264047,1.2146664827462181
138.35912764264046,1.2146664827462104
138.36912764264048,1.2146664827462024
138.37912764264047,1.2146664827461944
138.38912764264046,1.2146664827461864
138.39912764264048,1.2146664827461782
138.40912764264047,1.21466648274617
138.4191276426405,1.2146664827461617
138.42912764264048,1.2146664827461533
138.43912764264047,1.2146664827461449
138.4491276426405,1.2146664827461364
138.45912764264048,1.2146664827461278
138.4691276426405,1.214666482746119
138.4791276426405,1.2146664827461104
138.48912764264048,1.2146664827461016
138.4991276426405,1.2146664827460927
138.5091276426405,1.2146664827460838
138.51912764264048,1.2146664827460747
138.5291276426405,1.2146664827460656
138.5391276426405,1.2146664827460563
138.54912764264049,1.214666482746047
138.5591276426405,1.2146664827460376
138.5691276426405,1.214666482746028
138.57912764264051,1.2146664827460185
138.5891276426405,1.2146664827460087
138.5991276426405,1.214666482745999
138.60912764264052,1.2146664827459892
138.6191276426405,1.2146664827459792
138.62912764264053,1.2146664827459692
138.63912764264052,1.214666482745959
138.6491276426405,1.2146664827459488
138.65912764264053,1.2146664827459386
138.66912764264052,1.2146664827459281
138.6791276426405,1.2146664827459177
138.68912764264053,1.214666482745907
138.69912764264052,1.2146664827458964
138.7091276426405,1.2146664827458855
138.71912764264053,1.2146664827458746
138.72912764264052,1.2146664827458638
138.73912764264054,1.2146664827458526
138.74912764264053,1.2146664827458413
138.75912764264052,1.21466648274583
138.76912764264054,1.2146664827458187
138.77912764264053,1.2146664827458071
138.78912764264055,1.2146664827457956
138.79912764264054,1.2146664827457838
138.80912764264053,1.214666482745772
138.81912764264055,1.21466648274576
138.82912764264054,1.214666482745748
138.83912764264053,1.2146664827457359
138.84912764264055,1.2146664827457236
138.85912764264054,1.2146664827457112
138.86912764264054,1.2146664827456988
138.87912764264055,1.2146664827456861
138.88912764264055,1.2146664827456735
138.89912764264056,1.2146664827456606
138.90912764264056,1.2146664827456477
138.91912764264055,1.2146664827456346
138.92912764264057,1.2146664827456213
138.93912764264056,1.214666482745608
138.94912764264058,1.2146664827455946
138.95912764264057,1.214666482745581
138.96912764264056,1.2146664827455673
138.97912764264058,1.2146664827455536
138.98912764264057,1.2146664827455396
138.99912764264056,1.2146664827455256
139.00912764264058,1.2146664827455114
139.01912764264057,1.2146664827454972
139.02912764264056,1.2146664827454827
139.03912764264058,1.214666482745468
139.04912764264057,1.2146664827454534
139.0591276426406,1.2146664827454385
139.06912764264058,1.2146664827454234
139.07912764264057,1.2146664827454083
139.0891276426406,1.2146664827453932
139.09912764264058,1.2146664827453777
139.1091276426406,1.2146664827453622
139.1191276426406,1.2146664827453466
139.12912764264058,1.2146664827453308
139.1391276426406,1.2146664827453149
139.1491276426406,1.2146664827452986
139.15912764264058,1.2146664827452824
139.1691276426406,1.214666482745266
139.1791276426406,1.2146664827452496
139.18912764264059,1.2146664827452327
139.1991276426406,1.2146664827452158
139.2091276426406,1.214666482745199
139.21912764264061,1.2146664827451819
139.2291276426406,1.2146664827451645
139.2391276426406,1.214666482745147
139.24912764264062,1.2146664827451294
139.2591276426406,1.2146664827451115
139.26912764264063,1.2146664827450937
139.27912764264062,1.2146664827450755
139.2891276426406,1.2146664827450573
139.29912764264063,1.2146664827450389
139.30912764264062,1.2146664827450202
139.3191276426406,1.2146664827450013
139.32912764264063,1.2146664827449825
139.33912764264062,1.2146664827449634
139.3491276426406,1.214666482744944
139.35912764264063,1.2146664827449245
139.36912764264062,1.214666482744905
139.37912764264064,1.214666482744885
139.38912764264063,1.214666482744865
139.39912764264062,1.2146664827448448
139.40912764264064,1.2146664827448246
139.41912764264063,1.214666482744804
139.42912764264065,1.2146664827447833
139.43912764264064,1.2146664827447622
139.44912764264063,1.214666482744741
139.45912764264065,1.2146664827447198
139.46912764264064,1.2146664827446985
139.47912764264063,1.2146664827446767
139.48912764264065,1.2146664827446547
139.49912764264064,1.2146664827446327
139.50912764264064,1.2146664827446103
139.51912764264065,1.2146664827445879
139.52912764264065,1.2146664827445652
139.53912764264066,1.2146664827445424
139.54912764264066,1.2146664827445193
139.55912764264065,1.214666482744496
139.56912764264067,1.2146664827444724
139.57912764264066,1.2146664827444487
139.58912764264068,1.2146664827444247
139.59912764264067,1.2146664827444005
139.60912764264066,1.214666482744376
139.61912764264068,1.2146664827443516
139.62912764264067,1.2146664827443268
139.63912764264066,1.2146664827443017
139.64912764264068,1.2146664827442764
139.65912764264067,1.2146664827442508
139.66912764264066,1.214666482744225
139.67912764264068,1.2146664827441993
139.68912764264067,1.214666482744173
139.6991276426407,1.2146664827441467
139.70912764264068,1.2146664827441198
139.71912764264067,1.214666482744093
139.7291276426407,1.2146664827440659
139.73912764264068,1.2146664827440385
139.7491276426407,1.2146664827440108
139.7591276426407,1.2146664827439828
139.76912764264068,1.2146664827439548
139.7791276426407,1.2146664827439264
139.7891276426407,1.2146664827438978
139.79912764264068,1.214666482743869
139.8091276426407,1.2146664827438396
139.8191276426407,1.2146664827438103
139.82912764264069,1.2146664827437805
139.8391276426407,1.2146664827437506
139.8491276426407,1.2146664827437204
139.85912764264071,1.21466648274369
139.8691276426407,1.214666482743659
139.8791276426407,1.214666482743628
139.88912764264072,1.2146664827435967
139.8991276426407,1.2146664827435651
139.90912764264073,1.2146664827435332
139.91912764264072,1.214666482743501
139.9291276426407,1.2146664827434686
139.93912764264073,1.2146664827434357
139.94912764264072,1.2146664827434028
139.9591276426407,1.2146664827433693
139.96912764264073,1.2146664827433358
139.97912764264072,1.2146664827433018
139.9891276426407,1.2146664827432676
139.99912764264073,1.214666482743233
140.00912764264072,1.214666482743198
140.01912764264074,1.214666482743163
140.02912764264073,1.2146664827431275
140.03912764264072,1.2146664827430917
140.04912764264074,1.2146664827430556
140.05912764264073,1.2146664827430191
140.06912764264075,1.2146664827429823
140.07912764264074,1.2146664827429452
140.08912764264073,1.214666482742908
140.09912764264075,1.21466648274287
140.10912764264074,1.214666482742832
140.11912764264073,1.2146664827427935
140.12912764264075,1.2146664827427547
140.13912764264074,1.2146664827427156
140.14912764264074,1.214666482742676
140.15912764264075,1.2146664827426361
140.16912764264075,1.214666482742596
140.17912764264076,1.2146664827425555
140.18912764264076,1.2146664827425147
140.19912764264075,1.2146664827424734
140.20912764264077,1.2146664827424316
140.21912764264076,1.2146664827423896
140.22912764264078,1.2146664827423472
140.23912764264077,1.2146664827423044
140.24912764264076,1.2146664827422613
140.25912764264078,1.2146664827422178
140.26912764264077,1.2146664827421738
140.27912764264076,1.2146664827421296
140.28912764264078,1.2146664827420848
140.29912764264077,1.2146664827420397
140.30912764264076,1.2146664827419942
140.31912764264078,1.2146664827419482
140.32912764264077,1.214666482741902
140.3391276426408,1.2146664827418552
140.34912764264078,1.214666482741808
140.35912764264077,1.2146664827417606
140.3691276426408,1.2146664827417126
140.37912764264078,1.2146664827416642
140.3891276426408,1.2146664827416154
140.3991276426408,1.214666482741566
140.40912764264078,1.2146664827415163
140.4191276426408,1.2146664827414662
140.4291276426408,1.2146664827414155
140.43912764264078,1.2146664827413645
140.4491276426408,1.2146664827413132
140.4591276426408,1.2146664827412612
140.46912764264079,1.2146664827412086
140.4791276426408,1.2146664827411557
140.4891276426408,1.2146664827411024
140.49912764264081,1.2146664827410487
140.5091276426408,1.2146664827409943
140.5191276426408,1.2146664827409395
140.52912764264082,1.2146664827408844
140.5391276426408,1.2146664827408284
140.54912764264083,1.2146664827407723
140.55912764264082,1.2146664827407156
140.5691276426408,1.2146664827406584
140.57912764264083,1.2146664827406006
140.58912764264082,1.2146664827405422
140.5991276426408,1.2146664827404836
140.60912764264083,1.2146664827404243
140.61912764264082,1.2146664827403644
140.6291276426408,1.214666482740304
140.63912764264083,1.2146664827402431
140.64912764264082,1.2146664827401819
140.65912764264084,1.21466648274012
140.66912764264083,1.2146664827400573
140.67912764264082,1.2146664827399942
140.68912764264084,1.2146664827399307
140.69912764264083,1.2146664827398665
140.70912764264085,1.2146664827398017
140.71912764264084,1.2146664827397364
140.72912764264083,1.2146664827396705
140.73912764264085,1.214666482739604
140.74912764264084,1.214666482739537
140.75912764264083,1.2146664827394693
140.76912764264085,1.2146664827394011
140.77912764264084,1.2146664827393323
140.78912764264084,1.2146664827392628
140.79912764264085,1.2146664827391926
140.80912764264085,1.214666482739122
140.81912764264086,1.2146664827390508
140.82912764264086,1.2146664827389788
140.83912764264085,1.2146664827389062
140.84912764264087,1.214666482738833
140.85912764264086,1.2146664827387592
140.86912764264088,1.2146664827386846
140.87912764264087,1.2146664827386096
140.88912764264086,1.2146664827385338
140.89912764264088,1.2146664827384572
140.90912764264087,1.2146664827383802
140.91912764264086,1.2146664827383022
140.92912764264088,1.2146664827382239
140.93912764264087,1.2146664827381446
140.94912764264086,1.2146664827380647
140.95912764264088,1.214666482737984
140.96912764264087,1.2146664827379028
140.9791276426409,1.2146664827378209
140.98912764264088,1.214666482737738
140.99912764264087,1.2146664827376545
141.0091276426409,1.2146664827375704
141.01912764264088,1.2146664827374856
141.0291276426409,1.2146664827373999
141.0391276426409,1.2146664827373135
141.04912764264088,1.2146664827372262
141.0591276426409,1.2146664827371383
141.0691276426409,1.2146664827370495
141.07912764264088,1.21466648273696
141.0891276426409,1.2146664827368698
141.0991276426409,1.2146664827367788
141.10912764264089,1.2146664827366869
141.1191276426409,1.2146664827365943
141.1291276426409,1.2146664827365008
141.13912764264091,1.2146664827364064
141.1491276426409,1.2146664827363114
141.1591276426409,1.2146664827362155
141.16912764264092,1.2146664827361187
141.1791276426409,1.214666482736021
141.18912764264093,1.2146664827359224
141.19912764264092,1.2146664827358231
141.2091276426409,1.214666482735723
141.21912764264093,1.2146664827356217
141.22912764264092,1.2146664827355198
141.2391276426409,1.214666482735417
141.24912764264093,1.2146664827353133
141.25912764264092,1.2146664827352085
141.2691276426409,1.214666482735103
141.27912764264093,1.2146664827349964
141.28912764264092,1.2146664827348892
141.29912764264094,1.2146664827347808
141.30912764264093,1.2146664827346714
141.31912764264092,1.2146664827345612
141.32912764264094,1.21466648273445
141.33912764264093,1.2146664827343379
141.34912764264095,1.2146664827342246
141.35912764264094,1.2146664827341105
141.36912764264093,1.2146664827339952
141.37912764264095,1.2146664827338791
141.38912764264094,1.214666482733762
141.39912764264093,1.2146664827336437
141.40912764264095,1.2146664827335247
141.41912764264094,1.2146664827334044
141.42912764264094,1.2146664827332831
141.43912764264095,1.2146664827331608
141.44912764264095,1.2146664827330373
141.45912764264096,1.214666482732913
141.46912764264096,1.2146664827327873
141.47912764264095,1.2146664827326608
141.48912764264097,1.214666482732533
141.49912764264096,1.214666482732404
141.50912764264098,1.2146664827322742
141.51912764264097,1.2146664827321432
141.52912764264096,1.2146664827320108
141.53912764264098,1.2146664827318774
141.54912764264097,1.214666482731743
141.55912764264096,1.2146664827316072
141.56912764264098,1.2146664827314704
141.57912764264097,1.2146664827313323
141.58912764264096,1.214666482731193
141.59912764264098,1.2146664827310525
141.60912764264097,1.2146664827309108
141.619127642641,1.214666482730768
141.62912764264098,1.214666482730624
141.63912764264097,1.2146664827304785
141.649127642641,1.2146664827303317
141.65912764264098,1.2146664827301838
141.669127642641,1.2146664827300346
141.679127642641,1.214666482729884
141.68912764264098,1.2146664827297324
141.699127642641,1.2146664827295792
141.709127642641,1.214666482729425
141.71912764264098,1.214666482729269
141.729127642641,1.214666482729112
141.739127642641,1.2146664827289535
141.74912764264099,1.2146664827287936
141.759127642641,1.2146664827286324
141.769127642641,1.2146664827284699
141.77912764264101,1.2146664827283058
141.789127642641,1.2146664827281404
141.799127642641,1.2146664827279736
141.80912764264102,1.2146664827278053
141.819127642641,1.2146664827276354
141.82912764264103,1.2146664827274642
141.83912764264102,1.2146664827272917
141.849127642641,1.2146664827271174
141.85912764264103,1.2146664827269418
141.86912764264102,1.2146664827267646
141.879127642641,1.2146664827265858
141.88912764264103,1.2146664827264058
141.89912764264102,1.214666482726224
141.909127642641,1.2146664827260405
141.91912764264103,1.2146664827258555
141.92912764264102,1.214666482725669
141.93912764264104,1.214666482725481
141.94912764264103,1.214666482725291
141.95912764264102,1.2146664827250997
141.96912764264104,1.2146664827249067
141.97912764264103,1.214666482724712
141.98912764264105,1.2146664827245157
141.99912764264104,1.2146664827243177
142.00912764264103,1.2146664827241178
142.01912764264105,1.2146664827239164
142.02912764264104,1.2146664827237132
142.03912764264103,1.2146664827235083
142.04912764264105,1.2146664827233016
142.05912764264104,1.214666482723093
142.06912764264104,1.2146664827228828
142.07912764264105,1.2146664827226707
142.08912764264105,1.214666482722457
142.09912764264106,1.214666482722241
142.10912764264106,1.2146664827220235
142.11912764264105,1.214666482721804
142.12912764264107,1.214666482721583
142.13912764264106,1.2146664827213596
142.14912764264108,1.2146664827211344
142.15912764264107,1.2146664827209075
142.16912764264106,1.2146664827206786
142.17912764264108,1.2146664827204474
142.18912764264107,1.2146664827202145
142.19912764264106,1.2146664827199796
142.20912764264108,1.2146664827197426
142.21912764264107,1.2146664827195037
142.22912764264106,1.2146664827192628
142.23912764264108,1.2146664827190197
142.24912764264107,1.2146664827187745
142.2591276426411,1.2146664827185274
142.26912764264108,1.214666482718278
142.27912764264107,1.2146664827180265
142.2891276426411,1.2146664827177729
142.29912764264108,1.214666482717517
142.3091276426411,1.214666482717259
142.3191276426411,1.214666482716999
142.32912764264108,1.2146664827167366
142.3391276426411,1.214666482716472
142.3491276426411,1.214666482716205
142.35912764264108,1.214666482715936
142.3691276426411,1.2146664827156644
142.3791276426411,1.2146664827153906
142.38912764264109,1.2146664827151146
142.3991276426411,1.2146664827148361
142.4091276426411,1.2146664827145552
142.41912764264112,1.2146664827142721
142.4291276426411,1.2146664827139864
142.4391276426411,1.2146664827136984
142.44912764264112,1.214666482713408
142.4591276426411,1.2146664827131148
142.46912764264113,1.2146664827128193
142.47912764264112,1.2146664827125213
142.4891276426411,1.2146664827122209
142.49912764264113,1.2146664827119178
142.50912764264112,1.214666482711612
142.5191276426411,1.2146664827113038
142.52912764264113,1.214666482710993
142.53912764264112,1.2146664827106795
142.5491276426411,1.2146664827103633
142.55912764264113,1.2146664827100444
142.56912764264112,1.2146664827097229
142.57912764264114,1.2146664827093985
142.58912764264113,1.2146664827090714
142.59912764264112,1.2146664827087417
142.60912764264114,1.214666482708409
142.61912764264113,1.2146664827080735
142.62912764264115,1.2146664827077354
142.63912764264114,1.214666482707394
142.64912764264113,1.2146664827070501
142.65912764264115,1.214666482706703
142.66912764264114,1.2146664827063531
142.67912764264113,1.2146664827060003
142.68912764264115,1.2146664827056444
142.69912764264114,1.2146664827052855
142.70912764264114,1.2146664827049236
142.71912764264115,1.2146664827045588
142.72912764264115,1.2146664827041906
142.73912764264117,1.2146664827038194
142.74912764264116,1.2146664827034452
142.75912764264115,1.2146664827030675
142.76912764264117,1.214666482702687
142.77912764264116,1.214666482702303
142.78912764264118,1.214666482701916
142.79912764264117,1.2146664827015254
142.80912764264116,1.2146664827011318
142.81912764264118,1.2146664827007347
142.82912764264117,1.2146664827003344
142.83912764264116,1.2146664826999307
142.84912764264118,1.2146664826995235
142.85912764264117,1.214666482699113
142.86912764264116,1.2146664826986988
142.87912764264118,1.2146664826982814
142.88912764264117,1.2146664826978602
142.8991276426412,1.2146664826974356
142.90912764264118,1.2146664826970073
142.91912764264117,1.2146664826965756
142.9291276426412,1.21466648269614
142.93912764264118,1.214666482695701
142.9491276426412,1.214666482695258
142.9591276426412,1.2146664826948115
142.96912764264118,1.2146664826943612
142.9791276426412,1.214666482693907
142.9891276426412,1.2146664826934492
142.99912764264118,1.2146664826929874
143.0091276426412,1.2146664826925218
143.0191276426412,1.2146664826920521
143.02912764264119,1.2146664826915787
143.0391276426412,1.2146664826911011
143.0491276426412,1.2146664826906197
143.05912764264122,1.214666482690134
143.0691276426412,1.2146664826896445
143.0791276426412,1.2146664826891507
143.08912764264122,1.2146664826886526
143.0991276426412,1.2146664826881506
143.10912764264123,1.2146664826876443
143.11912764264122,1.2146664826871338
143.1291276426412,1.214666482686619
143.13912764264123,1.2146664826860998
143.14912764264122,1.2146664826855762
143.1591276426412,1.2146664826850484
143.16912764264123,1.2146664826845162
143.17912764264122,1.2146664826839793
143.1891276426412,1.214666482683438
143.19912764264123,1.2146664826828921
143.20912764264122,1.2146664826823417
143.21912764264124,1.2146664826817868
143.22912764264123,1.2146664826812272
143.23912764264122,1.2146664826806628
143.24912764264124,1.2146664826800937
143.25912764264123,1.21466648267952
143.26912764264125,1.2146664826789413
143.27912764264124,1.2146664826783578
143.28912764264123,1.2146664826777696
143.29912764264125,1.2146664826771763
143.30912764264124,1.214666482676578
143.31912764264123,1.2146664826759748
143.32912764264125,1.2146664826753666
143.33912764264124,1.2146664826747533
143.34912764264124,1.214666482674135
143.35912764264125,1.2146664826735112
143.36912764264125,1.2146664826728824
143.37912764264127,1.2146664826722482
143.38912764264126,1.214666482671609
143.39912764264125,1.2146664826709643
143.40912764264127,1.2146664826703142
143.41912764264126,1.2146664826696587
143.42912764264128,1.2146664826689977
143.43912764264127,1.2146664826683313
143.44912764264126,1.2146664826676592
143.45912764264128,1.2146664826669815
143.46912764264127,1.2146664826662983
143.47912764264126,1.2146664826656093
143.48912764264128,1.2146664826649147
143.49912764264127,1.2146664826642142
143.50912764264126,1.2146664826635079
143.51912764264128,1.2146664826627958
143.52912764264127,1.2146664826620777
143.5391276426413,1.2146664826613536
143.54912764264128,1.2146664826606235
143.55912764264127,1.2146664826598872
143.5691276426413,1.214666482659145
143.57912764264128,1.2146664826583964
143.5891276426413,1.2146664826576419
143.5991276426413,1.214666482656881
143.60912764264128,1.2146664826561135
143.6191276426413,1.21466648265534
143.6291276426413,1.21466648265456
143.63912764264128,1.2146664826537734
143.6491276426413,1.2146664826529803
143.6591276426413,1.2146664826521807
143.66912764264129,1.2146664826513744
143.6791276426413,1.2146664826505613
143.6891276426413,1.2146664826497418
143.69912764264132,1.214666482648915
143.7091276426413,1.2146664826480817
143.7191276426413,1.2146664826472415
143.72912764264132,1.2146664826463944
143.7391276426413,1.2146664826455402
143.74912764264133,1.214666482644679
143.75912764264132,1.2146664826438105
143.7691276426413,1.2146664826429348
143.77912764264133,1.214666482642052
143.78912764264132,1.2146664826411617
143.7991276426413,1.2146664826402642
143.80912764264133,1.2146664826393592
143.81912764264132,1.2146664826384468
143.8291276426413,1.2146664826375269
143.83912764264133,1.2146664826365992
143.84912764264132,1.214666482635664
143.85912764264134,1.214666482634721
143.86912764264133,1.2146664826337703
143.87912764264132,1.2146664826328117
143.88912764264134,1.2146664826318452
143.89912764264133,1.2146664826308706
143.90912764264135,1.214666482629888
143.91912764264134,1.2146664826288973
143.92912764264133,1.2146664826278986
143.93912764264135,1.2146664826268916
143.94912764264134,1.2146664826258762
143.95912764264133,1.2146664826248523
143.96912764264135,1.2146664826238203
143.97912764264134,1.2146664826227795
143.98912764264134,1.2146664826217304
143.99912764264135,1.2146664826206723
144.00912764264135,1.2146664826196059
144.01912764264137,1.2146664826185305
144.02912764264136,1.2146664826174463
144.03912764264135,1.2146664826163531
144.04912764264137,1.214666482615251
144.05912764264136,1.2146664826141398
144.06912764264138,1.2146664826130193
144.07912764264137,1.2146664826118898
144.08912764264136,1.214666482610751
144.09912764264138,1.2146664826096027
144.10912764264137,1.214666482608445
144.11912764264136,1.214666482607278
144.12912764264138,1.214666482606101
144.13912764264137,1.2146664826049147
144.14912764264136,1.2146664826037188
144.15912764264138,1.2146664826025126
144.16912764264137,1.214666482601297
144.1791276426414,1.214666482600071
144.18912764264138,1.2146664825988351
144.19912764264137,1.2146664825975892
144.2091276426414,1.214666482596333
144.21912764264138,1.2146664825950664
144.2291276426414,1.2146664825937894
144.2391276426414,1.2146664825925022
144.24912764264138,1.2146664825912041
144.2591276426414,1.2146664825898956
144.2691276426414,1.2146664825885765
144.27912764264138,1.2146664825872464
144.2891276426414,1.2146664825859055
144.2991276426414,1.2146664825845535
144.30912764264139,1.2146664825831905
144.3191276426414,1.2146664825818163
144.3291276426414,1.214666482580431
144.33912764264142,1.2146664825790343
144.3491276426414,1.2146664825776263
144.3591276426414,1.2146664825762066
144.36912764264142,1.2146664825747755
144.3791276426414,1.2146664825733324
144.38912764264143,1.2146664825718778
144.39912764264142,1.2146664825704112
144.4091276426414,1.2146664825689328
144.41912764264143,1.2146664825674423
144.42912764264142,1.2146664825659395
144.4391276426414,1.2146664825644244
144.44912764264143,1.214666482562897
144.45912764264142,1.2146664825613571
144.4691276426414,1.2146664825598048
144.47912764264143,1.2146664825582398
144.48912764264142,1.214666482556662
144.49912764264144,1.2146664825550713
144.50912764264143,1.2146664825534677
144.51912764264142,1.214666482551851
144.52912764264144,1.2146664825502211
144.53912764264143,1.2146664825485782
144.54912764264145,1.2146664825469218
144.55912764264144,1.2146664825452518
144.56912764264143,1.2146664825435682
144.57912764264145,1.214666482541871
144.58912764264144,1.21466648254016
144.59912764264143,1.214666482538435
144.60912764264145,1.2146664825366962
144.61912764264144,1.2146664825349431
144.62912764264144,1.2146664825331757
144.63912764264145,1.214666482531394
144.64912764264145,1.2146664825295979
144.65912764264147,1.214666482527787
144.66912764264146,1.2146664825259617
144.67912764264145,1.2146664825241216
144.68912764264147,1.2146664825222664
144.69912764264146,1.214666482520396
144.70912764264148,1.2146664825185107
144.71912764264147,1.21466648251661
144.72912764264146,1.214666482514694
144.73912764264148,1.2146664825127624
144.74912764264147,1.214666482510815
144.75912764264146,1.2146664825088522
144.76912764264148,1.2146664825068731
144.77912764264147,1.2146664825048783
144.78912764264146,1.2146664825028672
144.79912764264148,1.2146664825008398
144.80912764264147,1.214666482498796
144.8191276426415,1.2146664824967357
144.82912764264148,1.2146664824946587
144.83912764264147,1.2146664824925648
144.8491276426415,1.2146664824904543
144.85912764264148,1.2146664824883264
144.8691276426415,1.2146664824861815
144.8791276426415,1.2146664824840192
144.88912764264148,1.2146664824818394
144.8991276426415,1.214666482479642
144.9091276426415,1.214666482477427
144.91912764264148,1.214666482475194
144.9291276426415,1.214666482472943
144.9391276426415,1.2146664824706737
144.94912764264149,1.2146664824683864
144.9591276426415,1.2146664824660804
144.9691276426415,1.2146664824637559
144.97912764264152,1.2146664824614126
144.9891276426415,1.2146664824590505
144.9991276426415,1.2146664824566693
145.00912764264152,1.2146664824542688
145.0191276426415,1.2146664824518492
145.02912764264153,1.21466648244941
145.03912764264152,1.214666482446951
145.0491276426415,1.2146664824444724
145.05912764264153,1.214666482441974
145.06912764264152,1.2146664824394553
145.0791276426415,1.2146664824369162
145.08912764264153,1.214666482434357
145.09912764264152,1.214666482431777
145.1091276426415,1.2146664824291764
145.11912764264153,1.2146664824265547
145.12912764264152,1.2146664824239122
145.13912764264154,1.2146664824212483
145.14912764264153,1.2146664824185631
145.15912764264152,1.2146664824158562
145.16912764264154,1.2146664824131277
145.17912764264153,1.2146664824103772
145.18912764264155,1.2146664824076048
145.19912764264154,1.21466648240481
145.20912764264153,1.2146664824019928
145.21912764264155,1.2146664823991529
145.22912764264154,1.2146664823962905
145.23912764264153,1.2146664823934048
145.24912764264155,1.2146664823904962
145.25912764264154,1.2146664823875644
145.26912764264154,1.214666482384609
145.27912764264155,1.21466648238163
145.28912764264155,1.214666482378627
145.29912764264157,1.2146664823756
145.30912764264156,1.2146664823725488
145.31912764264155,1.2146664823694733
145.32912764264157,1.214666482366373
145.33912764264156,1.214666482363248
145.34912764264158,1.214666482360098
145.35912764264157,1.2146664823569229
145.36912764264156,1.2146664823537223
145.37912764264158,1.2146664823504962
145.38912764264157,1.2146664823472442
145.39912764264156,1.2146664823439663
145.40912764264158,1.2146664823406623
145.41912764264157,1.2146664823373319
145.42912764264156,1.2146664823339748
145.43912764264158,1.214666482330591
145.44912764264157,1.2146664823271802
145.4591276426416,1.2146664823237423
145.46912764264158,1.2146664823202769
145.47912764264157,1.2146664823167839
145.4891276426416,1.214666482313263
145.49912764264158,1.214666482309714
145.5091276426416,1.2146664823061366
145.5191276426416,1.214666482302531
145.52912764264158,1.2146664822988966
145.5391276426416,1.214666482295233
145.5491276426416,1.2146664822915405
145.55912764264158,1.2146664822878186
145.5691276426416,1.2146664822840672
145.5791276426416,1.2146664822802857
145.58912764264159,1.2146664822764743
145.5991276426416,1.2146664822726325
145.6091276426416,1.21466648226876
145.61912764264162,1.214666482264857
145.6291276426416,1.214666482260923
145.6391276426416,1.2146664822569575
145.64912764264162,1.2146664822529607
145.6591276426416,1.2146664822489321
145.66912764264163,1.2146664822448714
145.67912764264162,1.2146664822407787
145.6891276426416,1.2146664822366533
145.69912764264163,1.2146664822324953
145.70912764264162,1.2146664822283042
145.7191276426416,1.21466648222408
145.72912764264163,1.2146664822198223
145.73912764264162,1.2146664822155309
145.7491276426416,1.2146664822112052
145.75912764264163,1.2146664822068456
145.76912764264162,1.214666482202451
145.77912764264164,1.2146664821980222
145.78912764264163,1.214666482193558
145.79912764264162,1.2146664821890585
145.80912764264164,1.2146664821845232
145.81912764264163,1.2146664821799522
145.82912764264165,1.214666482175345
145.83912764264164,1.2146664821707014
145.84912764264163,1.2146664821660211
145.85912764264165,1.2146664821613038
145.86912764264164,1.2146664821565492
145.87912764264163,1.214666482151757
145.88912764264165,1.2146664821469269
145.89912764264164,1.2146664821420585
145.90912764264164,1.214666482137152
145.91912764264166,1.2146664821322066
145.92912764264165,1.2146664821272222
145.93912764264167,1.2146664821221984
145.94912764264166,1.2146664821171351
145.95912764264165,1.2146664821120317
145.96912764264167,1.2146664821068882
145.97912764264166,1.214666482101704
145.98912764264168,1.214666482096479
145.99912764264167,1.2146664820912128
146.00912764264166,1.2146664820859052
146.01912764264168,1.2146664820805557
146.02912764264167,1.214666482075164
146.03912764264166,1.21466648206973
146.04912764264168,1.2146664820642532
146.05912764264167,1.2146664820587332
146.06912764264166,1.2146664820531698
146.07912764264168,1.2146664820475628
146.08912764264167,1.2146664820419115
146.0991276426417,1.2146664820362159
146.10912764264168,1.2146664820304753
146.11912764264167,1.21466648202469
146.1291276426417,1.2146664820188589
146.13912764264168,1.214666482012982
146.1491276426417,1.214666482007059
146.1591276426417,1.2146664820010895
146.16912764264168,1.2146664819950732
146.1791276426417,1.2146664819890096
146.1891276426417,1.2146664819828985
146.19912764264168,1.2146664819767394
146.2091276426417,1.214666481970532
146.2191276426417,1.2146664819642758
146.22912764264169,1.2146664819579707
146.2391276426417,1.2146664819516162
146.2491276426417,1.214666481945212
146.25912764264172,1.2146664819387574
146.2691276426417,1.2146664819322524
146.2791276426417,1.2146664819256963
146.28912764264172,1.2146664819190889
146.2991276426417,1.2146664819124298
146.30912764264173,1.2146664819057187
146.31912764264172,1.214666481898955
146.3291276426417,1.2146664818921384
146.33912764264173,1.2146664818852684
146.34912764264172,1.2146664818783448
146.3591276426417,1.214666481871367
146.36912764264173,1.214666481864335
146.37912764264172,1.2146664818572477
146.3891276426417,1.2146664818501052
146.39912764264173,1.2146664818429067
146.40912764264172,1.2146664818356523
146.41912764264174,1.214666481828341
146.42912764264173,1.2146664818209727
146.43912764264172,1.214666481813547
146.44912764264174,1.2146664818060633
146.45912764264173,1.2146664817985213
146.46912764264175,1.2146664817909205
146.47912764264174,1.2146664817832604
146.48912764264173,1.2146664817755406
146.49912764264175,1.2146664817677606
146.50912764264174,1.2146664817599202
146.51912764264173,1.2146664817520185
146.52912764264175,1.2146664817440553
146.53912764264174,1.2146664817360302
146.54912764264174,1.2146664817279427
146.55912764264176,1.214666481719792
146.56912764264175,1.2146664817115782
146.57912764264177,1.2146664817033004
146.58912764264176,1.2146664816949582
146.59912764264175,1.2146664816865511
146.60912764264177,1.2146664816780788
146.61912764264176,1.2146664816695405
146.62912764264178,1.214666481660936
146.63912764264177,1.2146664816522645
146.64912764264176,1.214666481643526
146.65912764264178,1.2146664816347192
146.66912764264177,1.2146664816258443
146.67912764264176,1.2146664816169006
146.68912764264178,1.2146664816078874
146.69912764264177,1.2146664815988044
146.70912764264176,1.2146664815896508
146.71912764264178,1.2146664815804264
146.72912764264177,1.2146664815711303
146.7391276426418,1.2146664815617623
146.74912764264178,1.2146664815523218
146.75912764264177,1.214666481542808
146.7691276426418,1.2146664815332207
146.77912764264178,1.214666481523559
146.7891276426418,1.2146664815138226
146.7991276426418,1.214666481504011
146.80912764264178,1.214666481494123
146.8191276426418,1.214666481484159
146.8291276426418,1.2146664814741177
146.83912764264178,1.214666481463999
146.8491276426418,1.214666481453802
146.8591276426418,1.214666481443526
146.86912764264179,1.2146664814331707
146.8791276426418,1.2146664814227355
146.8891276426418,1.2146664814122197
146.89912764264182,1.2146664814016226
146.9091276426418,1.2146664813909438
146.9191276426418,1.2146664813801826
146.92912764264182,1.2146664813693382
146.9391276426418,1.2146664813584103
146.94912764264183,1.2146664813473982
146.95912764264182,1.214666481336301
146.9691276426418,1.2146664813251185
146.97912764264183,1.2146664813138497
146.98912764264182,1.2146664813024939
146.9991276426418,1.2146664812910508
147.00912764264183,1.2146664812795196
147.01912764264182,1.2146664812678996
147.0291276426418,1.21466648125619
147.03912764264183,1.2146664812443904
147.04912764264182,1.2146664812325
147.05912764264184,1.2146664812205181
147.06912764264183,1.2146664812084442
147.07912764264182,1.2146664811962773
147.08912764264184,1.2146664811840169
147.09912764264183,1.2146664811716623
147.10912764264185,1.2146664811592127
147.11912764264184,1.2146664811466676
147.12912764264183,1.214666481134026
147.13912764264185,1.2146664811212875
147.14912764264184,1.214666481108451
147.15912764264183,1.2146664810955163
147.16912764264185,1.214666481082482
147.17912764264184,1.214666481069348
147.18912764264184,1.2146664810561132
147.19912764264186,1.2146664810427767
147.20912764264185,1.2146664810293382
147.21912764264187,1.2146664810157966
147.22912764264186,1.2146664810021512
147.23912764264185,1.2146664809884016
147.24912764264187,1.2146664809745462
147.25912764264186,1.2146664809605852
147.26912764264188,1.2146664809465169
147.27912764264187,1.214666480932341
147.28912764264186,1.214666480918057
147.29912764264188,1.2146664809036634
147.30912764264187,1.2146664808891596
147.31912764264186,1.214666480874545
147.32912764264188,1.2146664808598189
147.33912764264187,1.21466648084498
147.34912764264186,1.214666480830028
147.35912764264188,1.2146664808149616
147.36912764264187,1.21466648079978
147.3791276426419,1.2146664807844827
147.38912764264188,1.2146664807690686
147.39912764264187,1.2146664807535368
147.4091276426419,1.2146664807378864
147.41912764264188,1.2146664807221166
147.4291276426419,1.2146664807062266
147.4391276426419,1.2146664806902154
147.44912764264188,1.2146664806740823
147.4591276426419,1.2146664806578262
147.4691276426419,1.2146664806414462
147.47912764264188,1.2146664806249412
147.4891276426419,1.2146664806083107
147.4991276426419,1.2146664805915537
147.5091276426419,1.214666480574669
147.5191276426419,1.2146664805576557
147.5291276426419,1.214666480540513
147.53912764264192,1.2146664805232399
147.5491276426419,1.2146664805058354
147.5591276426419,1.2146664804882987
147.56912764264192,1.2146664804706286
147.5791276426419,1.2146664804528242
147.58912764264193,1.2146664804348843
147.59912764264192,1.2146664804168084
147.6091276426419,1.2146664803985951
147.61912764264193,1.2146664803802436
147.62912764264192,1.2146664803617528
147.6391276426419,1.2146664803431215
147.64912764264193,1.214666480324349
147.65912764264192,1.214666480305434
147.6691276426419,1.2146664802863756
147.67912764264193,1.2146664802671727
147.68912764264192,1.2146664802478242
147.69912764264194,1.214666480228329
147.70912764264193,1.214666480208686
147.71912764264192,1.2146664801888944
147.72912764264194,1.2146664801689528
147.73912764264193,1.2146664801488603
147.74912764264195,1.2146664801286156
147.75912764264194,1.2146664801082176
147.76912764264193,1.2146664800876654
147.77912764264195,1.2146664800669578
147.78912764264194,1.2146664800460936
147.79912764264193,1.2146664800250715
147.80912764264195,1.2146664800038904
147.81912764264194,1.2146664799825493
147.82912764264194,1.2146664799610472
147.83912764264196,1.2146664799393823
147.84912764264195,1.214666479917554
147.85912764264197,1.2146664798955609
147.86912764264196,1.2146664798734017
147.87912764264195,1.2146664798510753
147.88912764264197,1.2146664798285804
147.89912764264196,1.214666479805916
147.90912764264198,1.2146664797830804
147.91912764264197,1.2146664797600726
147.92912764264196,1.2146664797368916
147.93912764264198,1.2146664797135358
147.94912764264197,1.214666479690004
147.95912764264196,1.214666479666295
147.96912764264198,1.2146664796424074
147.97912764264197,1.21466647961834
147.98912764264196,1.2146664795940914
147.99912764264198,1.2146664795696602
148.00912764264197,1.2146664795450453
148.019127642642,1.2146664795202453
148.02912764264198,1.2146664794952586
148.03912764264197,1.2146664794700843
148.049127642642,1.2146664794447206
148.05912764264198,1.2146664794191664
148.069127642642,1.21466647939342
148.079127642642,1.2146664793674804
148.08912764264198,1.214666479341346
148.099127642642,1.2146664793150155
148.109127642642,1.2146664792884871
148.11912764264198,1.2146664792617596
148.129127642642,1.2146664792348318
148.139127642642,1.214666479207702
148.149127642642,1.2146664791803685
148.159127642642,1.2146664791528303
148.169127642642,1.2146664791250856
148.17912764264202,1.214666479097133
148.189127642642,1.2146664790689712
148.199127642642,1.214666479040598
148.20912764264202,1.2146664790120127
148.219127642642,1.2146664789832133
148.22912764264203,1.2146664789541985
148.23912764264202,1.2146664789249664
148.249127642642,1.2146664788955155
148.25912764264203,1.2146664788658446
148.26912764264202,1.2146664788359516
148.279127642642,1.2146664788058352
148.28912764264203,1.2146664787754937
148.29912764264202,1.2146664787449255
148.309127642642,1.214666478714129
148.31912764264203,1.2146664786831023
148.32912764264202,1.214666478651844
148.33912764264204,1.2146664786203525
148.34912764264203,1.2146664785886259
148.35912764264202,1.2146664785566623
148.36912764264204,1.2146664785244605
148.37912764264203,1.2146664784920185
148.38912764264205,1.2146664784593346
148.39912764264204,1.2146664784264072
148.40912764264203,1.2146664783932342
148.41912764264205,1.214666478359814
148.42912764264204,1.214666478326145
148.43912764264203,1.214666478292225
148.44912764264205,1.2146664782580527
148.45912764264204,1.2146664782236258
148.46912764264204,1.214666478188943
148.47912764264206,1.2146664781540017
148.48912764264205,1.2146664781188008
148.49912764264207,1.214666478083338
148.50912764264206,1.2146664780476117
148.51912764264205,1.2146664780116196
148.52912764264207,1.2146664779753602
148.53912764264206,1.2146664779388314
148.54912764264208,1.2146664779020313
148.55912764264207,1.2146664778649576
148.56912764264206,1.214666477827609
148.57912764264208,1.214666477789983
148.58912764264207,1.214666477752078
148.59912764264206,1.2146664777138914
148.60912764264208,1.214666477675422
148.61912764264207,1.214666477636667
148.62912764264206,1.2146664775976246
148.63912764264208,1.214666477558293
148.64912764264207,1.21466647751867
148.6591276426421,1.2146664774787532
148.66912764264208,1.214666477438541
148.67912764264207,1.214666477398031
148.6891276426421,1.214666477357221
148.69912764264208,1.214666477316109
148.7091276426421,1.214666477274693
148.7191276426421,1.2146664772329703
148.72912764264208,1.214666477190939
148.7391276426421,1.214666477148597
148.7491276426421,1.214666477105942
148.75912764264208,1.2146664770629718
148.7691276426421,1.214666477019684
148.7791276426421,1.2146664769760767
148.7891276426421,1.214666476932147
148.7991276426421,1.214666476887893
148.8091276426421,1.2146664768433124
148.81912764264212,1.2146664767984028
148.8291276426421,1.2146664767531619
148.8391276426421,1.2146664767075872
148.84912764264212,1.2146664766616764
148.8591276426421,1.2146664766154271
148.86912764264213,1.2146664765688369
148.87912764264212,1.2146664765219033
148.8891276426421,1.214666476474624
148.89912764264213,1.2146664764269963
148.90912764264212,1.214666476379018
148.9191276426421,1.2146664763306865
148.92912764264213,1.214666476281999
148.93912764264212,1.2146664762329535
148.9491276426421,1.214666476183547
148.95912764264213,1.2146664761337773
148.96912764264212,1.2146664760836414
148.97912764264214,1.2146664760331372
148.98912764264213,1.2146664759822614
148.99912764264212,1.214666475931012
149.00912764264214,1.2146664758793861
149.01912764264213,1.214666475827381
149.02912764264215,1.214666475774994
149.03912764264214,1.2146664757222225
149.04912764264213,1.2146664756690637
149.05912764264215,1.2146664756155148
149.06912764264214,1.214666475561573
149.07912764264213,1.2146664755072358
149.08912764264215,1.2146664754525
149.09912764264215,1.214666475397363
149.10912764264214,1.214666475341822
149.11912764264216,1.214666475285874
149.12912764264215,1.2146664752295162
149.13912764264217,1.2146664751727456
149.14912764264216,1.2146664751155596
149.15912764264215,1.2146664750579548
149.16912764264217,1.2146664749999285
149.17912764264216,1.2146664749414777
149.18912764264218,1.2146664748825993
149.19912764264217,1.2146664748232903
149.20912764264216,1.2146664747635478
149.21912764264218,1.2146664747033686
149.22912764264217,1.2146664746427496
149.23912764264216,1.214666474581688
149.24912764264218,1.21466647452018
149.25912764264217,1.2146664744582232
149.26912764264216,1.214666474395814
149.27912764264218,1.2146664743329494
149.28912764264217,1.2146664742696258
149.2991276426422,1.2146664742058406
149.30912764264218,1.21466647414159
149.31912764264217,1.2146664740768711
149.3291276426422,1.2146664740116804
149.33912764264218,1.2146664739460145
149.3491276426422,1.21466647387987
149.3591276426422,1.214666473813244
149.36912764264218,1.2146664737461326
149.3791276426422,1.2146664736785326
149.3891276426422,1.2146664736104407
149.39912764264218,1.2146664735418533
149.4091276426422,1.2146664734727668
149.4191276426422,1.2146664734031776
149.4291276426422,1.2146664733330825
149.4391276426422,1.214666473262478
149.4491276426422,1.2146664731913601
149.45912764264222,1.2146664731197254
149.4691276426422,1.2146664730475705
149.4791276426422,1.2146664729748915
149.48912764264222,1.2146664729016847
149.4991276426422,1.2146664728279464
149.50912764264223,1.214666472753673
149.51912764264222,1.2146664726788607
149.5291276426422,1.2146664726035057
149.53912764264223,1.2146664725276042
149.54912764264222,1.2146664724511522
149.5591276426422,1.2146664723741463
149.56912764264223,1.2146664722965823
149.57912764264222,1.2146664722184561
149.5891276426422,1.2146664721397642
149.59912764264223,1.2146664720605025
149.60912764264222,1.2146664719806668
149.61912764264224,1.2146664719002533
149.62912764264223,1.214666471819258
149.63912764264222,1.2146664717376765
149.64912764264224,1.2146664716555051
149.65912764264223,1.2146664715727395
149.66912764264225,1.2146664714893756
149.67912764264224,1.214666471405409
149.68912764264223,1.214666471320836
149.69912764264225,1.2146664712356519
149.70912764264224,1.2146664711498525
149.71912764264223,1.2146664710634336
149.72912764264225,1.214666470976391
149.73912764264225,1.21466647088872
149.74912764264224,1.2146664708004167
149.75912764264226,1.2146664707114765
149.76912764264225,1.2146664706218948
149.77912764264227,1.2146664705316672
149.78912764264226,1.2146664704407892
149.79912764264225,1.2146664703492565
149.80912764264227,1.2146664702570642
149.81912764264226,1.2146664701642078
149.82912764264228,1.214666470070683
149.83912764264227,1.2146664699764849
149.84912764264226,1.2146664698816085
149.85912764264228,1.2146664697860496
149.86912764264227,1.2146664696898035
149.87912764264226,1.2146664695928648
149.88912764264228,1.2146664694952294
149.89912764264227,1.214666469396892
149.90912764264226,1.2146664692978482
149.91912764264228,1.2146664691980924
149.92912764264227,1.21466646909762
149.9391276426423,1.2146664689964264
149.94912764264228,1.2146664688945061
149.95912764264227,1.2146664687918542
149.9691276426423,1.2146664686884658
149.97912764264228,1.2146664685843358
149.9891276426423,1.2146664684794586
149.9991276426423,1.2146664683738295
150.00912764264228,1.2146664682674433
150.0191276426423,1.2146664681602943
150.0291276426423,1.2146664680523778
150.03912764264228,1.2146664679436883
150.0491276426423,1.21466646783422
150.0591276426423,1.2146664677239682
150.0691276426423,1.2146664676129273
150.0791276426423,1.2146664675010914
150.0891276426423,1.2146664673884555
150.09912764264232,1.214666467275014
150.1091276426423,1.2146664671607612
150.1191276426423,1.2146664670456917
150.12912764264232,1.2146664669297995
150.1391276426423,1.2146664668130793
150.14912764264233,1.2146664666955251
150.15912764264232,1.2146664665771314
150.1691276426423,1.2146664664578923
150.17912764264233,1.2146664663378022
150.18912764264232,1.2146664662168547
150.1991276426423,1.2146664660950444
150.20912764264233,1.214666465972365
150.21912764264232,1.2146664658488109
150.2291276426423,1.2146664657243758
150.23912764264233,1.2146664655990536
150.24912764264232,1.2146664654728385
150.25912764264234,1.214666465345724
150.26912764264233,1.2146664652177042
150.27912764264232,1.2146664650887729
150.28912764264234,1.2146664649589234
150.29912764264233,1.21466646482815
150.30912764264235,1.2146664646964458
150.31912764264234,1.2146664645638048
150.32912764264233,1.2146664644302205
150.33912764264235,1.2146664642956864
150.34912764264234,1.2146664641601959
150.35912764264233,1.2146664640237423
150.36912764264235,1.2146664638863196
150.37912764264235,1.2146664637479205
150.38912764264234,1.2146664636085385
150.39912764264236,1.214666463468167
150.40912764264235,1.2146664633267992
150.41912764264237,1.2146664631844282
150.42912764264236,1.2146664630410473
150.43912764264235,1.2146664628966493
150.44912764264237,1.2146664627512274
150.45912764264236,1.2146664626047745
150.46912764264238,1.2146664624572838
150.47912764264237,1.2146664623087482
150.48912764264236,1.21466646215916
150.49912764264238,1.2146664620085128
150.50912764264237,1.2146664618567988
150.51912764264236,1.214666461704011
150.52912764264238,1.2146664615501421
150.53912764264237,1.2146664613951845
150.54912764264236,1.2146664612391307
150.55912764264238,1.2146664610819735
150.56912764264237,1.2146664609237054
150.5791276426424,1.2146664607643185
150.58912764264238,1.2146664606038056
150.59912764264237,1.2146664604421586
150.6091276426424,1.2146664602793702
150.61912764264238,1.2146664601154322
150.6291276426424,1.214666459950337
150.6391276426424,1.2146664597840768
150.64912764264238,1.2146664596166434
150.6591276426424,1.2146664594480292
150.6691276426424,1.214666459278226
150.67912764264238,1.2146664591072256
150.6891276426424,1.21466645893502
150.6991276426424,1.2146664587616007
150.7091276426424,1.21466645858696
150.7191276426424,1.2146664584110893
150.7291276426424,1.2146664582339801
150.73912764264242,1.2146664580556243
150.7491276426424,1.2146664578760134
150.7591276426424,1.2146664576951385
150.76912764264242,1.2146664575129915
150.7791276426424,1.2146664573295636
150.78912764264243,1.2146664571448462
150.79912764264242,1.2146664569588304
150.8091276426424,1.2146664567715073
150.81912764264243,1.2146664565828684
150.82912764264242,1.2146664563929046
150.8391276426424,1.214666456201607
150.84912764264243,1.2146664560089664
150.85912764264242,1.2146664558149738
150.8691276426424,1.2146664556196203
150.87912764264243,1.2146664554228963
150.88912764264242,1.2146664552247928
150.89912764264244,1.2146664550253004
150.90912764264243,1.2146664548244097
150.91912764264242,1.2146664546221113
150.92912764264244,1.2146664544183956
150.93912764264243,1.2146664542132533
150.94912764264245,1.2146664540066743
150.95912764264244,1.2146664537986493
150.96912764264243,1.2146664535891685
150.97912764264245,1.2146664533782219
150.98912764264244,1.2146664531657998
150.99912764264243,1.214666452951892
151.00912764264245,1.214666452736489
151.01912764264245,1.21466645251958
151.02912764264244,1.2146664523011557
151.03912764264246,1.2146664520812052
151.04912764264245,1.2146664518597186
151.05912764264247,1.2146664516366852
151.06912764264246,1.214666451412095
151.07912764264245,1.2146664511859375
151.08912764264247,1.214666450958202
151.09912764264246,1.2146664507288778
151.10912764264248,1.2146664504979543
151.11912764264247,1.214666450265421
151.12912764264246,1.214666450031267
151.13912764264248,1.214666449795481
151.14912764264247,1.2146664495580526
151.15912764264246,1.2146664493189705
151.16912764264248,1.2146664490782235
151.17912764264247,1.2146664488358008
151.18912764264246,1.214666448591691
151.19912764264248,1.2146664483458824
151.20912764264247,1.2146664480983642
151.2191276426425,1.214666447849125
151.22912764264248,1.2146664475981526
151.23912764264247,1.2146664473454358
151.2491276426425,1.214666447090963
151.25912764264248,1.2146664468347221
151.2691276426425,1.2146664465767019
151.2791276426425,1.21466644631689
151.28912764264248,1.2146664460552745
151.2991276426425,1.2146664457918432
151.3091276426425,1.2146664455265845
151.31912764264248,1.2146664452594855
151.3291276426425,1.2146664449905347
151.3391276426425,1.2146664447197189
151.3491276426425,1.214666444447026
151.3591276426425,1.2146664441724437
151.3691276426425,1.2146664438959593
151.37912764264252,1.2146664436175598
151.3891276426425,1.214666443337233
151.3991276426425,1.2146664430549654
151.40912764264252,1.2146664427707443
151.4191276426425,1.214666442484557
151.42912764264253,1.21466644219639
151.43912764264252,1.2146664419062303
151.4491276426425,1.2146664416140647
151.45912764264253,1.2146664413198796
151.46912764264252,1.2146664410236618
151.4791276426425,1.2146664407253978
151.48912764264253,1.2146664404250738
151.49912764264252,1.214666440122676
151.5091276426425,1.2146664398181912
151.51912764264253,1.214666439511605
151.52912764264252,1.2146664392029036
151.53912764264254,1.214666438892073
151.54912764264253,1.214666438579099
151.55912764264252,1.2146664382639674
151.56912764264254,1.2146664379466638
151.57912764264253,1.2146664376271739
151.58912764264255,1.2146664373054832
151.59912764264254,1.2146664369815772
151.60912764264253,1.214666436655441
151.61912764264255,1.2146664363270598
151.62912764264254,1.214666435996419
151.63912764264253,1.2146664356635033
151.64912764264255,1.214666435328298
151.65912764264255,1.2146664349907879
151.66912764264254,1.2146664346509575
151.67912764264256,1.2146664343087916
151.68912764264255,1.2146664339642748
151.69912764264257,1.2146664336173914
151.70912764264256,1.2146664332681258
151.71912764264255,1.2146664329164625
151.72912764264257,1.2146664325623853
151.73912764264256,1.2146664322058787
151.74912764264258,1.214666431846926
151.75912764264257,1.2146664314855118
151.76912764264256,1.2146664311216193
151.77912764264258,1.2146664307552326
151.78912764264257,1.2146664303863348
151.79912764264256,1.2146664300149097
151.80912764264258,1.2146664296409406
151.81912764264257,1.2146664292644105
151.82912764264256,1.2146664288853026
151.83912764264258,1.2146664285036002
151.84912764264257,1.2146664281192858
151.8591276426426,1.2146664277323427
151.86912764264258,1.2146664273427532
151.87912764264257,1.2146664269505
151.8891276426426,1.2146664265555658
151.89912764264258,1.2146664261579325
151.9091276426426,1.214666425757583
151.9191276426426,1.2146664253544988
151.92912764264258,1.2146664249486623
151.9391276426426,1.2146664245400556
151.9491276426426,1.21466642412866
151.95912764264258,1.2146664237144575
151.9691276426426,1.2146664232974298
151.9791276426426,1.2146664228775583
151.9891276426426,1.214666422454824
151.9991276426426,1.2146664220292087
152.0091276426426,1.214666421600693
152.01912764264262,1.2146664211692584
152.0291276426426,1.2146664207348854
152.0391276426426,1.2146664202975548
152.04912764264262,1.2146664198572472
152.0591276426426,1.2146664194139434
152.06912764264263,1.2146664189676237
152.07912764264262,1.214666418518268
152.0891276426426,1.214666418065857
152.09912764264263,1.2146664176103705
152.10912764264262,1.2146664171517882
152.1191276426426,1.21466641669009
152.12912764264263,1.2146664162252558
152.13912764264262,1.2146664157572649
152.1491276426426,1.2146664152860966
152.15912764264263,1.2146664148117303
152.16912764264262,1.214666414334145
152.17912764264264,1.2146664138533199
152.18912764264263,1.2146664133692338
152.19912764264262,1.2146664128818654
152.20912764264264,1.2146664123911934
152.21912764264263,1.2146664118971962
152.22912764264265,1.2146664113998522
152.23912764264264,1.2146664108991394
152.24912764264263,1.2146664103950362
152.25912764264265,1.2146664098875202
152.26912764264264,1.2146664093765696
152.27912764264264,1.2146664088621615
152.28912764264265,1.214666408344274
152.29912764264265,1.2146664078228842
152.30912764264264,1.2146664072979694
152.31912764264266,1.2146664067695065
152.32912764264265,1.2146664062374728
152.33912764264267,1.2146664057018448
152.34912764264266,1.2146664051625993
152.35912764264265,1.2146664046197129
152.36912764264267,1.2146664040731618
152.37912764264266,1.2146664035229224
152.38912764264268,1.2146664029689709
152.39912764264267,1.214666402411283
152.40912764264266,1.2146664018498343
152.41912764264268,1.214666401284601
152.42912764264267,1.214666400715558
152.43912764264266,1.2146664001426812
152.44912764264268,1.2146663995659455
152.45912764264267,1.2146663989853257
152.46912764264266,1.214666398400797
152.47912764264268,1.214666397812334
152.48912764264267,1.2146663972199114
152.4991276426427,1.2146663966235034
152.50912764264268,1.2146663960230843
152.51912764264267,1.2146663954186283
152.5291276426427,1.2146663948101093
152.53912764264268,1.2146663941975009
152.5491276426427,1.2146663935807769
152.5591276426427,1.2146663929599106
152.56912764264268,1.2146663923348755
152.5791276426427,1.2146663917056444
152.5891276426427,1.2146663910721907
152.59912764264269,1.2146663904344865
152.6091276426427,1.2146663897925052
152.6191276426427,1.2146663891462186
152.6291276426427,1.2146663884955993
152.6391276426427,1.2146663878406194
152.6491276426427,1.2146663871812509
152.65912764264272,1.2146663865174654
152.6691276426427,1.2146663858492344
152.6791276426427,1.2146663851765296
152.68912764264272,1.214666384499322
152.6991276426427,1.2146663838175826
152.70912764264273,1.2146663831312827
152.71912764264272,1.2146663824403927
152.7291276426427,1.214666381744883
152.73912764264273,1.2146663810447245
152.74912764264272,1.2146663803398867
152.7591276426427,1.2146663796303399
152.76912764264273,1.214666378916054
152.77912764264272,1.2146663781969982
152.7891276426427,1.2146663774731423
152.79912764264273,1.2146663767444554
152.80912764264272,1.2146663760109069
152.81912764264274,1.214666375272465
152.82912764264273,1.2146663745290989
152.83912764264272,1.2146663737807768
152.84912764264274,1.2146663730274672
152.85912764264273,1.214666372269138
152.86912764264275,1.214666371505757
152.87912764264274,1.2146663707372924
152.88912764264273,1.2146663699637112
152.89912764264275,1.214666369184981
152.90912764264274,1.214666368401069
152.91912764264274,1.2146663676119416
152.92912764264275,1.214666366817566
152.93912764264275,1.2146663660179084
152.94912764264274,1.2146663652129353
152.95912764264276,1.2146663644026126
152.96912764264275,1.2146663635869064
152.97912764264277,1.214666362765782
152.98912764264276,1.2146663619392055
152.99912764264275,1.2146663611071418
153.00912764264277,1.2146663602695558
153.01912764264276,1.2146663594264127
153.02912764264278,1.2146663585776767
153.03912764264277,1.2146663577233123
153.04912764264276,1.214666356863284
153.05912764264278,1.2146663559975557
153.06912764264277,1.214666355126091
153.07912764264276,1.2146663542488534
153.08912764264278,1.2146663533658064
153.09912764264277,1.214666352476913
153.10912764264276,1.2146663515821359
153.11912764264278,1.2146663506814381
153.12912764264277,1.2146663497747816
153.1391276426428,1.214666348862129
153.14912764264278,1.214666347943442
153.15912764264277,1.2146663470186825
153.1691276426428,1.2146663460878118
153.17912764264278,1.2146663451507913
153.1891276426428,1.214666344207582
153.1991276426428,1.2146663432581448
153.20912764264278,1.2146663423024402
153.2191276426428,1.2146663413404284
153.2291276426428,1.2146663403720694
153.23912764264279,1.2146663393973234
153.2491276426428,1.2146663384161498
153.2591276426428,1.214666337428508
153.2691276426428,1.214666336434357
153.2791276426428,1.2146663354336558
153.2891276426428,1.2146663344263628
153.29912764264282,1.2146663334124368
153.3091276426428,1.2146663323918354
153.3191276426428,1.214666331364517
153.32912764264282,1.2146663303304386
153.3391276426428,1.214666329289558
153.34912764264283,1.2146663282418322
153.35912764264282,1.214666327187218
153.3691276426428,1.214666326125672
153.37912764264283,1.2146663250571506
153.38912764264282,1.2146663239816096
153.3991276426428,1.214666322899005
153.40912764264283,1.2146663218092923
153.41912764264282,1.2146663207124269
153.4291276426428,1.2146663196083636
153.43912764264283,1.214666318497057
153.44912764264282,1.214666317378462
153.45912764264284,1.2146663162525322
153.46912764264283,1.214666315119222
153.47912764264282,1.214666313978485
153.48912764264284,1.2146663128302742
153.49912764264283,1.2146663116745429
153.50912764264285,1.2146663105112439
153.51912764264284,1.2146663093403298
153.52912764264283,1.2146663081617526
153.53912764264285,1.2146663069754642
153.54912764264284,1.2146663057814164
153.55912764264284,1.2146663045795607
153.56912764264285,1.2146663033698482
153.57912764264285,1.2146663021522293
153.58912764264284,1.2146663009266545
153.59912764264286,1.2146662996930744
153.60912764264285,1.2146662984514387
153.61912764264287,1.214666297201697
153.62912764264286,1.2146662959437986
153.63912764264285,1.2146662946776925
153.64912764264287,1.2146662934033272
153.65912764264286,1.2146662921206512
153.66912764264288,1.2146662908296129
153.67912764264287,1.2146662895301596
153.68912764264286,1.214666288222239
153.69912764264288,1.2146662869057983
153.70912764264287,1.214666285580784
153.71912764264286,1.214666284247143
153.72912764264288,1.2146662829048214
153.73912764264287,1.2146662815537648
153.74912764264286,1.2146662801939192
153.75912764264288,1.2146662788252296
153.76912764264287,1.2146662774476407
153.7791276426429,1.2146662760610976
153.78912764264288,1.2146662746655439
153.79912764264287,1.2146662732609241
153.8091276426429,1.2146662718471817
153.81912764264288,1.2146662704242597
153.8291276426429,1.214666268992101
153.8391276426429,1.2146662675506485
153.84912764264288,1.2146662660998442
153.8591276426429,1.21466626463963
153.8691276426429,1.2146662631699476
153.87912764264289,1.2146662616907382
153.8891276426429,1.2146662602019427
153.8991276426429,1.2146662587035013
153.9091276426429,1.2146662571953546
153.9191276426429,1.214666255677442
153.9291276426429,1.2146662541497033
153.93912764264292,1.2146662526120773
153.9491276426429,1.214666251064503
153.9591276426429,1.2146662495069187
153.96912764264292,1.2146662479392623
153.9791276426429,1.2146662463614717
153.98912764264293,1.2146662447734837
153.99912764264292,1.214666243175236
154.0091276426429,1.2146662415666643
154.01912764264293,1.2146662399477053
154.02912764264292,1.2146662383182945
154.0391276426429,1.2146662366783676
154.04912764264293,1.2146662350278594
154.05912764264292,1.2146662333667047
154.0691276426429,1.2146662316948376
154.07912764264293,1.2146662300121922
154.08912764264292,1.214666228318702
154.09912764264294,1.2146662266142998
154.10912764264293,1.2146662248989186
154.11912764264292,1.2146662231724905
154.12912764264294,1.2146662214349477
154.13912764264293,1.2146662196862217
154.14912764264295,1.2146662179262433
154.15912764264294,1.2146662161549435
154.16912764264293,1.2146662143722524
154.17912764264295,1.2146662125781003
154.18912764264294,1.2146662107724162
154.19912764264294,1.2146662089551294
154.20912764264295,1.2146662071261687
154.21912764264295,1.2146662052854622
154.22912764264294,1.2146662034329376
154.23912764264296,1.2146662015685226
154.24912764264295,1.2146661996921442
154.25912764264297,1.2146661978037285
154.26912764264296,1.2146661959032021
154.27912764264295,1.2146661939904908
154.28912764264297,1.2146661920655193
154.29912764264296,1.2146661901282128
154.30912764264298,1.2146661881784957
154.31912764264297,1.214666186216292
154.32912764264296,1.2146661842415247
154.33912764264298,1.2146661822541176
154.34912764264297,1.214666180253993
154.35912764264296,1.214666178241073
154.36912764264298,1.2146661762152793
154.37912764264297,1.2146661741765332
154.38912764264296,1.2146661721247556
154.39912764264298,1.2146661700598667
154.40912764264297,1.2146661679817865
154.419127642643,1.2146661658904343
154.42912764264298,1.2146661637857292
154.43912764264297,1.2146661616675896
154.449127642643,1.2146661595359332
154.45912764264298,1.214666157390678
154.469127642643,1.2146661552317408
154.479127642643,1.2146661530590384
154.48912764264298,1.2146661508724865
154.499127642643,1.214666148672001
154.509127642643,1.2146661464574968
154.51912764264299,1.2146661442288886
154.529127642643,1.2146661419860907
154.539127642643,1.2146661397290166
154.549127642643,1.2146661374575793
154.559127642643,1.2146661351716916
154.569127642643,1.2146661328712656
154.57912764264302,1.2146661305562128
154.589127642643,1.2146661282264444
154.599127642643,1.214666125881871
154.60912764264302,1.2146661235224026
154.619127642643,1.2146661211479488
154.62912764264303,1.2146661187584187
154.63912764264302,1.2146661163537207
154.649127642643,1.2146661139337627
154.65912764264303,1.2146661114984525
154.66912764264302,1.2146661090476967
154.679127642643,1.2146661065814017
154.68912764264303,1.2146661040994737
154.69912764264302,1.2146661016018174
154.709127642643,1.2146660990883382
154.71912764264303,1.21466609655894
154.72912764264302,1.2146660940135263
154.73912764264304,1.2146660914520004
154.74912764264303,1.214666088874265
154.75912764264302,1.2146660862802219
154.76912764264304,1.2146660836697725
154.77912764264303,1.2146660810428178
154.78912764264305,1.214666078399258
154.79912764264304,1.2146660757389929
154.80912764264303,1.2146660730619214
154.81912764264305,1.2146660703679424
154.82912764264304,1.2146660676569538
154.83912764264304,1.214666064928853
154.84912764264305,1.2146660621835368
154.85912764264305,1.2146660594209016
154.86912764264304,1.2146660566408425
154.87912764264306,1.2146660538432552
154.88912764264305,1.2146660510280338
154.89912764264307,1.2146660481950722
154.90912764264306,1.2146660453442635
154.91912764264305,1.2146660424755005
154.92912764264307,1.2146660395886753
154.93912764264306,1.214666036683679
154.94912764264308,1.2146660337604025
154.95912764264307,1.2146660308187363
154.96912764264306,1.2146660278585693
154.97912764264308,1.2146660248797907
154.98912764264307,1.214666021882289
154.99912764264306,1.2146660188659513
155.00912764264308,1.214666015830665
155.01912764264307,1.2146660127763163
155.02912764264306,1.214666009702791
155.03912764264308,1.214666006609974
155.04912764264307,1.21466600349775
155.0591276426431,1.2146660003660021
155.06912764264308,1.214665997214614
155.07912764264307,1.2146659940434679
155.0891276426431,1.2146659908524455
155.09912764264308,1.214665987641428
155.1091276426431,1.2146659844102958
155.1191276426431,1.2146659811589284
155.12912764264308,1.214665977887205
155.1391276426431,1.2146659745950041
155.1491276426431,1.214665971282203
155.15912764264309,1.214665967948679
155.1691276426431,1.2146659645943083
155.1791276426431,1.2146659612189665
155.1891276426431,1.2146659578225283
155.1991276426431,1.214665954404868
155.2091276426431,1.214665950965859
155.21912764264312,1.2146659475053743
155.2291276426431,1.2146659440232854
155.2391276426431,1.2146659405194642
155.24912764264312,1.214665936993781
155.2591276426431,1.2146659334461052
155.26912764264313,1.2146659298763067
155.27912764264312,1.2146659262842534
155.2891276426431,1.214665922669813
155.29912764264313,1.2146659190328526
155.30912764264312,1.214665915373238
155.3191276426431,1.2146659116908347
155.32912764264313,1.2146659079855073
155.33912764264312,1.21466590425712
155.3491276426431,1.2146659005055354
155.35912764264313,1.2146658967306159
155.36912764264312,1.2146658929322234
155.37912764264314,1.2146658891102184
155.38912764264313,1.214665885264461
155.39912764264312,1.2146658813948101
155.40912764264314,1.2146658775011245
155.41912764264313,1.2146658735832618
155.42912764264315,1.2146658696410786
155.43912764264314,1.2146658656744311
155.44912764264313,1.2146658616831743
155.45912764264315,1.2146658576671627
155.46912764264314,1.2146658536262502
155.47912764264314,1.2146658495602891
155.48912764264315,1.2146658454691315
155.49912764264315,1.2146658413526286
155.50912764264314,1.2146658372106305
155.51912764264316,1.2146658330429867
155.52912764264315,1.214665828849546
155.53912764264317,1.214665824630156
155.54912764264316,1.2146658203846636
155.55912764264315,1.214665816112915
155.56912764264317,1.214665811814755
155.57912764264316,1.2146658074900283
155.58912764264318,1.2146658031385782
155.59912764264317,1.2146657987602474
155.60912764264316,1.2146657943548775
155.61912764264318,1.2146657899223094
155.62912764264317,1.2146657854623828
155.63912764264316,1.2146657809749373
155.64912764264318,1.2146657764598103
155.65912764264317,1.2146657719168397
155.66912764264316,1.2146657673458614
155.67912764264318,1.2146657627467112
155.68912764264317,1.2146657581192235
155.6991276426432,1.2146657534632317
155.70912764264318,1.2146657487785686
155.71912764264317,1.214665744065066
155.7291276426432,1.2146657393225548
155.73912764264318,1.2146657345508647
155.7491276426432,1.2146657297498247
155.7591276426432,1.214665724919263
155.76912764264318,1.214665720059006
155.7791276426432,1.2146657151688804
155.7891276426432,1.2146657102487113
155.79912764264319,1.2146657052983223
155.8091276426432,1.2146657003175372
155.8191276426432,1.2146656953061776
155.8291276426432,1.2146656902640653
155.8391276426432,1.21466568519102
155.8491276426432,1.2146656800868614
155.85912764264322,1.2146656749514073
155.8691276426432,1.214665669784475
155.8791276426432,1.2146656645858809
155.88912764264322,1.2146656593554401
155.8991276426432,1.2146656540929668
155.90912764264323,1.214665648798274
155.91912764264322,1.2146656434711742
155.9291276426432,1.2146656381114782
155.93912764264323,1.214665632718996
155.94912764264322,1.2146656272935368
155.9591276426432,1.2146656218349083
155.96912764264323,1.2146656163429177
155.97912764264322,1.2146656108173706
155.9891276426432,1.2146656052580718
155.99912764264323,1.214665599664825
156.00912764264322,1.2146655940374327
156.01912764264324,1.2146655883756967
156.02912764264323,1.2146655826794175
156.03912764264322,1.214665576948394
156.04912764264324,1.2146655711824246
156.05912764264323,1.2146655653813068
156.06912764264325,1.2146655595448361
156.07912764264324,1.2146655536728077
156.08912764264323,1.2146655477650152
156.09912764264325,1.2146655418212515
156.10912764264324,1.2146655358413079
156.11912764264324,1.2146655298249749
156.12912764264325,1.2146655237720416
156.13912764264325,1.2146655176822962
156.14912764264324,1.2146655115555256
156.15912764264326,1.2146655053915154
156.16912764264325,1.2146654991900503
156.17912764264327,1.2146654929509137
156.18912764264326,1.214665486673888
156.19912764264325,1.2146654803587538
156.20912764264327,1.2146654740052913
156.21912764264326,1.2146654676132789
156.22912764264328,1.2146654611824943
156.23912764264327,1.2146654547127134
156.24912764264326,1.2146654482037114
156.25912764264328,1.214665441655262
156.26912764264327,1.2146654350671378
156.27912764264326,1.21466542843911
156.28912764264328,1.2146654217709487
156.29912764264327,1.214665415062423
156.30912764264326,1.2146654083133
156.31912764264328,1.214665401523346
156.32912764264327,1.2146653946923263
156.3391276426433,1.2146653878200044
156.34912764264328,1.2146653809061432
156.35912764264327,1.2146653739505033
156.3691276426433,1.2146653669528449
156.37912764264328,1.2146653599129265
156.3891276426433,1.2146653528305054
156.3991276426433,1.2146653457053374
156.40912764264328,1.214665338537177
156.4191276426433,1.2146653313257783
156.4291276426433,1.2146653240708922
156.43912764264329,1.21466531677227
156.4491276426433,1.2146653094296609
156.4591276426433,1.2146653020428124
156.4691276426433,1.2146652946114715
156.4791276426433,1.2146652871353834
156.4891276426433,1.2146652796142916
156.49912764264332,1.2146652720479387
156.5091276426433,1.2146652644360656
156.5191276426433,1.2146652567784122
156.52912764264332,1.2146652490747165
156.5391276426433,1.2146652413247154
156.54912764264333,1.2146652335281443
156.55912764264332,1.2146652256847372
156.5691276426433,1.2146652177942265
156.57912764264333,1.2146652098563435
156.58912764264332,1.214665201870818
156.5991276426433,1.2146651938373776
156.60912764264333,1.2146651857557498
156.61912764264332,1.2146651776256592
156.6291276426433,1.2146651694468302
156.63912764264333,1.2146651612189847
156.64912764264332,1.2146651529418435
156.65912764264334,1.2146651446151264
156.66912764264333,1.2146651362385505
156.67912764264332,1.2146651278118328
156.68912764264334,1.2146651193346878
156.69912764264333,1.2146651108068287
156.70912764264335,1.2146651022279673
156.71912764264334,1.2146650935978136
156.72912764264333,1.2146650849160765
156.73912764264335,1.2146650761824629
156.74912764264334,1.2146650673966783
156.75912764264334,1.2146650585584267
156.76912764264335,1.2146650496674103
156.77912764264335,1.2146650407233301
156.78912764264334,1.2146650317258851
156.79912764264336,1.2146650226747728
156.80912764264335,1.214665013569689
156.81912764264337,1.2146650044103284
156.82912764264336,1.2146649951963835
156.83912764264335,1.2146649859275453
156.84912764264337,1.2146649766035031
156.85912764264336,1.214664967223945
156.86912764264338,1.2146649577885567
156.87912764264337,1.2146649482970227
156.88912764264336,1.2146649387490256
156.89912764264338,1.2146649291442468
156.90912764264337,1.2146649194823653
156.91912764264336,1.2146649097630589
156.92912764264338,1.2146648999860035
156.93912764264337,1.2146648901508734
156.94912764264336,1.2146648802573408
156.95912764264338,1.2146648703050766
156.96912764264337,1.21466486029375
156.9791276426434,1.2146648502230277
156.98912764264338,1.2146648400925757
156.99912764264337,1.2146648299020575
157.0091276426434,1.214664819651135
157.01912764264338,1.214664809339468
157.0291276426434,1.2146647989667156
157.0391276426434,1.2146647885325337
157.04912764264338,1.214664778036577
157.0591276426434,1.2146647674784985
157.0691276426434,1.2146647568579494
157.07912764264339,1.2146647461745785
157.0891276426434,1.2146647354280338
157.0991276426434,1.21466472461796
157.1091276426434,1.2146647137440012
157.1191276426434,1.2146647028057989
157.1291276426434,1.214664691802993
157.13912764264342,1.2146646807352217
157.1491276426434,1.2146646696021206
157.1591276426434,1.214664658403324
157.16912764264342,1.2146646471384641
157.1791276426434,1.214664635807171
157.18912764264343,1.2146646244090733
157.19912764264342,1.2146646129437972
157.2091276426434,1.214664601410967
157.21912764264343,1.214664589810205
157.22912764264342,1.214664578141132
157.2391276426434,1.2146645664033662
157.24912764264343,1.214664554596524
157.25912764264342,1.2146645427202198
157.2691276426434,1.2146645307740662
157.27912764264343,1.2146645187576735
157.28912764264342,1.2146645066706496
157.29912764264344,1.214664494512601
157.30912764264343,1.2146644822831323
157.31912764264342,1.2146644699818452
157.32912764264344,1.2146644576083399
157.33912764264343,1.2146644451622142
157.34912764264345,1.214664432643064
157.35912764264344,1.214664420050483
157.36912764264343,1.2146644073840631
157.37912764264345,1.2146643946433935
157.38912764264344,1.2146643818280616
157.39912764264344,1.2146643689376526
157.40912764264345,1.2146643559717494
157.41912764264345,1.214664342929933
157.42912764264344,1.2146643298117819
157.43912764264346,1.2146643166168727
157.44912764264345,1.2146643033447797
157.45912764264347,1.2146642899950746
157.46912764264346,1.2146642765673277
157.47912764264345,1.214664263061106
157.48912764264347,1.2146642494759752
157.49912764264346,1.2146642358114983
157.50912764264348,1.214664222067236
157.51912764264347,1.2146642082427468
157.52912764264346,1.2146641943375869
157.53912764264348,1.2146641803513105
157.54912764264347,1.2146641662834687
157.55912764264346,1.214664152133611
157.56912764264348,1.2146641379012844
157.57912764264347,1.2146641235860332
157.58912764264346,1.2146641091874
157.59912764264348,1.2146640947049243
157.60912764264347,1.2146640801381436
157.6191276426435,1.2146640654865932
157.62912764264348,1.2146640507498057
157.63912764264347,1.214664035927311
157.6491276426435,1.2146640210186372
157.65912764264348,1.2146640060233098
157.6691276426435,1.2146639909408514
157.6791276426435,1.2146639757707824
157.68912764264348,1.2146639605126213
157.6991276426435,1.214663945165883
157.7091276426435,1.2146639297300807
157.71912764264349,1.214663914204725
157.7291276426435,1.2146638985893239
157.7391276426435,1.2146638828833825
157.7491276426435,1.2146638670864038
157.7591276426435,1.2146638511978882
157.7691276426435,1.2146638352173333
157.77912764264352,1.2146638191442345
157.7891276426435,1.2146638029780843
157.7991276426435,1.2146637867183723
157.80912764264352,1.2146637703645862
157.8191276426435,1.2146637539162104
157.82912764264353,1.2146637373727274
157.83912764264352,1.2146637207336162
157.8491276426435,1.2146637039983534
157.85912764264353,1.2146636871664134
157.86912764264352,1.2146636702372675
157.8791276426435,1.214663653210384
157.88912764264353,1.214663636085229
157.89912764264352,1.2146636188612658
157.9091276426435,1.2146636015379548
157.91912764264353,1.2146635841147533
157.92912764264352,1.2146635665911165
157.93912764264354,1.2146635489664965
157.94912764264353,1.2146635312403427
157.95912764264352,1.214663513412101
157.96912764264354,1.2146634954812159
157.97912764264353,1.2146634774471277
157.98912764264355,1.2146634593092742
157.99912764264354,1.214663441067091
158.00912764264353,1.21466342272001
158.01912764264355,1.2146634042674604
158.02912764264354,1.214663385708869
158.03912764264354,1.2146633670436588
158.04912764264355,1.214663348271251
158.05912764264355,1.2146633293910625
158.06912764264354,1.2146633104025084
158.07912764264356,1.2146632913050004
158.08912764264355,1.2146632720979469
158.09912764264357,1.2146632527807537
158.10912764264356,1.2146632333528233
158.11912764264355,1.2146632138135556
158.12912764264357,1.2146631941623471
158.13912764264356,1.2146631743985912
158.14912764264358,1.2146631545216784
158.15912764264357,1.214663134530996
158.16912764264356,1.2146631144259281
158.17912764264358,1.214663094205856
158.18912764264357,1.2146630738701578
158.19912764264356,1.2146630534182081
158.20912764264358,1.2146630328493788
158.21912764264357,1.2146630121630382
158.22912764264356,1.2146629913585518
158.23912764264358,1.2146629704352814
158.24912764264357,1.2146629493925862
158.2591276426436,1.2146629282298216
158.26912764264358,1.21466290694634
158.27912764264357,1.2146628855414907
158.2891276426436,1.2146628640146195
158.29912764264358,1.2146628423650687
158.3091276426436,1.214662820592178
158.3191276426436,1.2146627986952825
158.32912764264358,1.2146627766737155
158.3391276426436,1.214662754526806
158.3491276426436,1.2146627322538797
158.35912764264359,1.214662709854259
158.3691276426436,1.214662687327263
158.3791276426436,1.2146626646722074
158.3891276426436,1.2146626418884041
158.3991276426436,1.214662618975162
158.4091276426436,1.2146625959317863
158.41912764264362,1.2146625727575786
158.4291276426436,1.2146625494518375
158.4391276426436,1.2146625260138573
158.44912764264362,1.2146625024429296
158.4591276426436,1.2146624787383415
158.46912764264363,1.2146624548993779
158.47912764264362,1.2146624309253184
158.4891276426436,1.2146624068154406
158.49912764264363,1.2146623825690173
158.50912764264362,1.2146623581853182
158.5191276426436,1.2146623336636095
158.52912764264363,1.2146623090031536
158.53912764264362,1.2146622842032089
158.5491276426436,1.2146622592630303
158.55912764264363,1.2146622341818694
158.56912764264362,1.2146622089589731
158.57912764264364,1.2146621835935858
158.58912764264363,1.2146621580849468
158.59912764264362,1.2146621324322928
158.60912764264364,1.2146621066348562
158.61912764264363,1.214662080691865
158.62912764264365,1.2146620546025446
158.63912764264364,1.2146620283661154
158.64912764264363,1.2146620019817944
158.65912764264365,1.214661975448795
158.66912764264364,1.2146619487663264
158.67912764264364,1.2146619219335935
158.68912764264365,1.2146618949497976
158.69912764264365,1.2146618678141365
158.70912764264364,1.2146618405258034
158.71912764264366,1.2146618130839875
158.72912764264365,1.2146617854878745
158.73912764264367,1.2146617577366452
158.74912764264366,1.2146617298294775
158.75912764264365,1.214661701765544
158.76912764264367,1.2146616735440143
158.77912764264366,1.214661645164053
158.78912764264368,1.2146616166248214
158.79912764264367,1.2146615879254758
158.80912764264366,1.214661559065169
158.81912764264368,1.2146615300430494
158.82912764264367,1.214661500858261
158.83912764264366,1.214661471509944
158.84912764264368,1.214661441997234
158.85912764264367,1.2146614123192623
158.86912764264366,1.2146613824751562
158.87912764264368,1.2146613524640384
158.88912764264367,1.2146613222850278
158.8991276426437,1.2146612919372384
158.90912764264368,1.2146612614197803
158.91912764264367,1.2146612307317584
158.9291276426437,1.2146611998722743
158.93912764264368,1.2146611688404245
158.9491276426437,1.2146611376353014
158.9591276426437,1.2146611062559924
158.96912764264368,1.2146610747015811
158.9791276426437,1.2146610429711464
158.9891276426437,1.2146610110637621
158.99912764264369,1.2146609789784986
159.0091276426437,1.2146609467144205
159.0191276426437,1.2146609142705886
159.0291276426437,1.2146608816460591
159.0391276426437,1.2146608488398833
159.0491276426437,1.214660815851108
159.05912764264372,1.2146607826787752
159.0691276426437,1.2146607493219221
159.0791276426437,1.214660715779582
159.08912764264372,1.2146606820507821
159.0991276426437,1.2146606481345463
159.10912764264373,1.2146606140298928
159.11912764264372,1.2146605797358354
159.1291276426437,1.2146605452513828
159.13912764264373,1.2146605105755393
159.14912764264372,1.2146604757073038
159.1591276426437,1.2146604406456711
159.16912764264373,1.2146604053896302
159.17912764264372,1.2146603699381655
159.1891276426437,1.214660334290257
159.19912764264373,1.2146602984448793
159.20912764264372,1.2146602624010017
159.21912764264374,1.2146602261575892
159.22912764264373,1.214660189713601
159.23912764264372,1.214660153067992
159.24912764264374,1.2146601162197115
159.25912764264373,1.2146600791677038
159.26912764264375,1.2146600419109086
159.27912764264374,1.2146600044482596
159.28912764264373,1.214659966778686
159.29912764264375,1.2146599289011115
159.30912764264374,1.2146598908144546
159.31912764264374,1.2146598525176289
159.32912764264375,1.2146598140095421
159.33912764264375,1.2146597752890975
159.34912764264374,1.2146597363551925
159.35912764264376,1.214659697206719
159.36912764264375,1.2146596578425641
159.37912764264377,1.2146596182616092
159.38912764264376,1.2146595784627303
159.39912764264375,1.2146595384447982
159.40912764264377,1.2146594982066783
159.41912764264376,1.2146594577472298
159.42912764264378,1.2146594170653076
159.43912764264377,1.2146593761597602
159.44912764264376,1.2146593350294306
159.45912764264378,1.2146592936731566
159.46912764264377,1.2146592520897705
159.47912764264376,1.2146592102780984
159.48912764264378,1.2146591682369614
159.49912764264377,1.2146591259651747
159.50912764264376,1.2146590834615474
159.51912764264378,1.2146590407248834
159.52912764264377,1.214658997753981
159.5391276426438,1.2146589545476323
159.54912764264378,1.2146589111046238
159.55912764264377,1.214658867423736
159.5691276426438,1.2146588235037439
159.57912764264378,1.2146587793434165
159.5891276426438,1.2146587349415168
159.5991276426438,1.214658690296802
159.60912764264378,1.2146586454080235
159.6191276426438,1.2146586002739261
159.6291276426438,1.2146585548932498
159.63912764264379,1.2146585092647273
159.6491276426438,1.2146584633870858
159.6591276426438,1.2146584172590469
159.6691276426438,1.2146583708793255
159.6791276426438,1.2146583242466302
159.6891276426438,1.2146582773596641
159.69912764264382,1.2146582302171238
159.7091276426438,1.2146581828176994
159.7191276426438,1.2146581351600756
159.72912764264382,1.2146580872429302
159.7391276426438,1.2146580390649344
159.74912764264383,1.214657990624754
159.75912764264382,1.214657941921048
159.7691276426438,1.2146578929524687
159.77912764264383,1.2146578437176625
159.78912764264382,1.2146577942152694
159.7991276426438,1.2146577444439226
159.80912764264383,1.2146576944022491
159.81912764264382,1.2146576440888692
159.8291276426438,1.2146575935023969
159.83912764264383,1.2146575426414392
159.84912764264382,1.2146574915045971
159.85912764264384,1.2146574400904648
159.86912764264383,1.2146573883976297
159.87912764264382,1.2146573364246722
159.88912764264384,1.214657284170167
159.89912764264383,1.2146572316326811
159.90912764264385,1.2146571788107752
159.91912764264384,1.214657125703003
159.92912764264383,1.2146570723079115
159.93912764264385,1.214657018624041
159.94912764264384,1.214656964649925
159.95912764264384,1.2146569103840894
159.96912764264385,1.214656855825054
159.97912764264385,1.2146568009713308
159.98912764264384,1.214656745821426
159.99912764264386,1.2146566903738372
160.00912764264385,1.2146566346270566
160.01912764264387,1.2146565785795682
160.02912764264386,1.214656522229849
160.03912764264385,1.2146564655763694
160.04912764264387,1.2146564086175922
160.05912764264386,1.214656351351973
160.06912764264388,1.2146562937779604
160.07912764264387,1.2146562358939954
160.08912764264386,1.214656177698512
160.09912764264388,1.214656119189937
160.10912764264387,1.2146560603666892
160.11912764264386,1.2146560012271805
160.12912764264388,1.2146559417698155
160.13912764264387,1.214655881992991
160.14912764264386,1.2146558218950962
160.15912764264388,1.2146557614745137
160.16912764264387,1.2146557007296173
160.1791276426439,1.214655639658774
160.18912764264388,1.214655578260343
160.19912764264387,1.214655516532676
160.2091276426439,1.2146554544741166
160.21912764264388,1.2146553920830012
160.2291276426439,1.2146553293576583
160.2391276426439,1.214655266296408
160.24912764264388,1.214655202897564
160.2591276426439,1.2146551391594307
160.2691276426439,1.2146550750803053
160.27912764264389,1.2146550106584773
160.2891276426439,1.2146549458922278
160.2991276426439,1.21465488077983
160.3091276426439,1.2146548153195498
160.3191276426439,1.2146547495096438
160.3291276426439,1.2146546833483614
160.33912764264392,1.2146546168339438
160.3491276426439,1.214654549964624
160.3591276426439,1.2146544827386268
160.36912764264392,1.2146544151541685
160.3791276426439,1.2146543472094578
160.38912764264393,1.2146542789026944
160.39912764264392,1.2146542102320703
160.4091276426439,1.214654141195769
160.41912764264393,1.2146540717919652
160.42912764264392,1.2146540020188255
160.4391276426439,1.2146539318745082
160.44912764264393,1.2146538613571631
160.45912764264392,1.2146537904649313
160.4691276426439,1.214653719195945
160.47912764264393,1.2146536475483285
160.48912764264392,1.2146535755201973
160.49912764264394,1.2146535031096577
160.50912764264393,1.214653430314808
160.51912764264392,1.2146533571337372
160.52912764264394,1.214653283564526
160.53912764264393,1.2146532096052463
160.54912764264395,1.2146531352539605
160.55912764264394,1.2146530605087225
160.56912764264393,1.2146529853675776
160.57912764264395,1.2146529098285619
160.58912764264394,1.2146528338897022
160.59912764264394,1.2146527575490167
160.60912764264395,1.2146526808045144
160.61912764264395,1.2146526036541951
160.62912764264394,1.21465252609605
160.63912764264396,1.2146524481280596
160.64912764264395,1.2146523697481972
160.65912764264397,1.2146522909544257
160.66912764264396,1.2146522117446985
160.67912764264395,1.2146521321169603
160.68912764264397,1.2146520520691462
160.69912764264396,1.2146519715991817
160.70912764264398,1.2146518907049833
160.71912764264397,1.2146518093844576
160.72912764264396,1.2146517276355016
160.73912764264398,1.2146516454560032
160.74912764264397,1.2146515628438403
160.75912764264396,1.2146514797968815
160.76912764264398,1.2146513963129855
160.77912764264397,1.214651312390001
160.78912764264396,1.2146512280257673
160.79912764264398,1.214651143218114
160.80912764264397,1.2146510579648606
160.819127642644,1.214650972263817
160.82912764264398,1.2146508861127825
160.83912764264397,1.2146507995095475
160.849127642644,1.2146507124518913
160.85912764264398,1.2146506249375841
160.869127642644,1.2146505369643852
160.879127642644,1.2146504485300444
160.88912764264398,1.214650359632301
160.899127642644,1.2146502702688844
160.909127642644,1.2146501804375134
160.91912764264399,1.2146500901358963
160.929127642644,1.214649999361732
160.939127642644,1.2146499081127078
160.949127642644,1.2146498163865018
160.959127642644,1.2146497241807808
160.969127642644,1.2146496314932014
160.97912764264402,1.2146495383214095
160.989127642644,1.2146494446630405
160.999127642644,1.2146493505157194
161.00912764264402,1.2146492558770605
161.019127642644,1.2146491607446666
161.02912764264403,1.2146490651161308
161.03912764264402,1.2146489689890347
161.049127642644,1.2146488723609494
161.05912764264403,1.214648775229435
161.06912764264402,1.2146486775920409
161.079127642644,1.2146485794463049
161.08912764264403,1.2146484807897546
161.09912764264402,1.2146483816199056
161.109127642644,1.2146482819342634
161.11912764264403,1.2146481817303216
161.12912764264402,1.2146480810055629
161.13912764264404,1.2146479797574588
161.14912764264403,1.214647877983469
161.15912764264402,1.214647775681043
161.16912764264404,1.2146476728476177
161.17912764264403,1.214647569480619
161.18912764264405,1.2146474655774617
161.19912764264404,1.2146473611355486
161.20912764264403,1.2146472561522714
161.21912764264405,1.2146471506250096
161.22912764264404,1.2146470445511315
161.23912764264404,1.2146469379279934
161.24912764264405,1.2146468307529403
161.25912764264405,1.214646723023305
161.26912764264404,1.2146466147364083
161.27912764264406,1.21464650588956
161.28912764264405,1.214646396480057
161.29912764264407,1.2146462865051841
161.30912764264406,1.2146461759622154
161.31912764264405,1.2146460648484116
161.32912764264407,1.2146459531610219
161.33912764264406,1.214645840897283
161.34912764264408,1.2146457280544194
161.35912764264407,1.2146456146296438
161.36912764264406,1.2146455006201562
161.37912764264408,1.214645386023144
161.38912764264407,1.2146452708357827
161.39912764264406,1.214645155055235
161.40912764264408,1.2146450386786514
161.41912764264407,1.2146449217031694
161.42912764264406,1.214644804125914
161.43912764264408,1.2146446859439979
161.44912764264407,1.2146445671545205
161.4591276426441,1.214644447754569
161.46912764264408,1.2146443277412178
161.47912764264407,1.2146442071115275
161.4891276426441,1.214644085862547
161.49912764264408,1.2146439639913116
161.5091276426441,1.2146438414948435
161.5191276426441,1.2146437183701522
161.52912764264408,1.2146435946142338
161.5391276426441,1.2146434702240716
161.5491276426441,1.214643345196635
161.55912764264409,1.2146432195288805
161.5691276426441,1.2146430932177519
161.5791276426441,1.2146429662601785
161.5891276426441,1.214642838653077
161.5991276426441,1.2146427103933501
161.6091276426441,1.2146425814778874
161.61912764264412,1.2146424519035643
161.6291276426441,1.2146423216672435
161.6391276426441,1.2146421907657732
161.64912764264412,1.214642059195988
161.6591276426441,1.2146419269547093
161.66912764264413,1.2146417940387437
161.67912764264412,1.2146416604448844
161.6891276426441,1.2146415261699108
161.69912764264413,1.214641391210588
161.70912764264412,1.2146412555636674
161.7191276426441,1.2146411192258855
161.72912764264413,1.2146409821939654
161.73912764264412,1.2146408444646155
161.7491276426441,1.2146407060345306
161.75912764264413,1.21464056690039
161.76912764264412,1.2146404270588596
161.77912764264414,1.2146402865065904
161.78912764264413,1.2146401452402191
161.79912764264412,1.2146400032563678
161.80912764264414,1.2146398605516437
161.81912764264413,1.2146397171226397
161.82912764264415,1.2146395729659338
161.83912764264414,1.214639428078089
161.84912764264413,1.2146392824556538
161.85912764264415,1.2146391360951618
161.86912764264414,1.214638988993131
161.87912764264414,1.2146388411460654
161.88912764264416,1.214638692550453
161.89912764264415,1.2146385432027675
161.90912764264414,1.2146383930994666
161.91912764264416,1.2146382422369932
161.92912764264415,1.2146380906117749
161.93912764264417,1.2146379382202237
161.94912764264416,1.2146377850587362
161.95912764264415,1.214637631123694
161.96912764264417,1.2146374764114625
161.97912764264416,1.2146373209183918
161.98912764264418,1.2146371646408165
161.99912764264417,1.214637007575055
162.00912764264416,1.2146368497174105
162.01912764264418,1.21463669106417
162.02912764264417,1.2146365316116043
162.03912764264416,1.2146363713559694
162.04912764264418,1.2146362102935035
162.05912764264417,1.2146360484204304
162.06912764264416,1.2146358857329569
162.07912764264418,1.2146357222272735
162.08912764264417,1.214635557899555
162.0991276426442,1.214635392745959
162.10912764264418,1.214635226762628
162.11912764264417,1.2146350599456868
162.1291276426442,1.2146348922912444
162.13912764264418,1.214634723795393
162.1491276426442,1.2146345544542079
162.1591276426442,1.2146343842637484
162.16912764264418,1.2146342132200563
162.1791276426442,1.214634041319157
162.1891276426442,1.2146338685570588
162.19912764264419,1.2146336949297531
162.2091276426442,1.2146335204332146
162.2191276426442,1.2146333450634001
162.2291276426442,1.2146331688162504
162.2391276426442,1.214632991687688
162.2491276426442,1.2146328136736186
162.25912764264422,1.2146326347699312
162.2691276426442,1.214632454972496
162.2791276426442,1.2146322742771667
162.28912764264422,1.2146320926797791
162.2991276426442,1.2146319101761518
162.30912764264423,1.2146317267620854
162.31912764264422,1.214631542433363
162.3291276426442,1.2146313571857492
162.33912764264423,1.214631171014992
162.34912764264422,1.2146309839168201
162.3591276426442,1.2146307958869453
162.36912764264423,1.2146306069210606
162.37912764264422,1.2146304170148414
162.3891276426442,1.2146302261639446
162.39912764264423,1.2146300343640086
162.40912764264422,1.214629841610654
162.41912764264424,1.214629647899483
162.42912764264423,1.2146294532260784
162.43912764264422,1.2146292575860056
162.44912764264424,1.2146290609748107
162.45912764264423,1.2146288633880218
162.46912764264425,1.2146286648211473
162.47912764264424,1.2146284652696775
162.48912764264423,1.2146282647290836
162.49912764264425,1.2146280631948176
162.50912764264424,1.2146278606623133
162.51912764264424,1.2146276571269843
162.52912764264426,1.2146274525842258
162.53912764264425,1.2146272470294135
162.54912764264424,1.2146270404579043
162.55912764264426,1.2146268328650343
162.56912764264425,1.2146266242461217
162.57912764264427,1.2146264145964643
162.58912764264426,1.214626203911341
162.59912764264425,1.2146259921860103
162.60912764264427,1.2146257794157114
162.61912764264426,1.2146255655956637
162.62912764264428,1.2146253507210665
162.63912764264427,1.214625134787099
162.64912764264426,1.2146249177889215
162.65912764264428,1.2146246997216725
162.66912764264427,1.2146244805804716
162.67912764264426,1.2146242603604174
162.68912764264428,1.2146240390565888
162.69912764264427,1.214623816664044
162.70912764264426,1.2146235931778204
162.71912764264428,1.2146233685929357
162.72912764264427,1.2146231429043863
162.7391276426443,1.214622916107148
162.74912764264428,1.2146226881961761
162.75912764264427,1.2146224591664052
162.7691276426443,1.2146222290127482
162.77912764264428,1.2146219977300976
162.7891276426443,1.2146217653133247
162.7991276426443,1.21462153175728
162.80912764264428,1.214621297056792
162.8191276426443,1.2146210612066688
162.8291276426443,1.2146208242016967
162.83912764264429,1.2146205860366404
162.8491276426443,1.2146203467062433
162.8591276426443,1.2146201062052269
162.8691276426443,1.2146198645282913
162.8791276426443,1.214619621670115
162.8891276426443,1.2146193776253544
162.89912764264432,1.2146191323886442
162.9091276426443,1.2146188859545965
162.9191276426443,1.2146186383178021
162.92912764264432,1.2146183894728289
162.9391276426443,1.2146181394142235
162.94912764264433,1.2146178881365093
162.95912764264432,1.2146176356341876
162.9691276426443,1.2146173819017376
162.97912764264433,1.2146171269336157
162.98912764264432,1.2146168707242553
162.9991276426443,1.2146166132680674
163.00912764264433,1.2146163545594404
163.01912764264432,1.2146160945927396
163.0291276426443,1.2146158333623072
163.03912764264433,1.2146155708624629
163.04912764264432,1.2146153070875025
163.05912764264434,1.2146150420316992
163.06912764264433,1.2146147756893027
163.07912764264432,1.2146145080545394
163.08912764264434,1.2146142391216121
163.09912764264433,1.2146139688847004
163.10912764264435,1.2146136973379598
163.11912764264434,1.2146134244755225
163.12912764264433,1.2146131502914965
163.13912764264435,1.2146128747799667
163.14912764264434,1.2146125979349933
163.15912764264434,1.2146123197506125
163.16912764264436,1.214612040220837
163.17912764264435,1.2146117593396544
163.18912764264434,1.2146114771010292
163.19912764264436,1.2146111934989001
163.20912764264435,1.2146109085271826
163.21912764264437,1.2146106221797666
163.22912764264436,1.2146103344505184
163.23912764264435,1.2146100453332789
163.24912764264437,1.214609754821864
163.25912764264436,1.2146094629100652
163.26912764264438,1.2146091695916492
163.27912764264437,1.2146088748603572
163.28912764264436,1.2146085787099048
163.29912764264438,1.2146082811339836
163.30912764264437,1.2146079821262588
163.31912764264436,1.2146076816803708
163.32912764264438,1.214607379789934
163.33912764264437,1.2146070764485373
163.34912764264436,1.2146067716497446
163.35912764264438,1.2146064653870927
163.36912764264437,1.2146061576540939
163.3791276426444,1.214605848444234
163.38912764264438,1.2146055377509724
163.39912764264437,1.2146052255677426
163.4091276426444,1.214604911887952
163.41912764264438,1.214604596704982
163.4291276426444,1.2146042800121868
163.4391276426444,1.2146039618028948
163.44912764264438,1.2146036420704074
163.4591276426444,1.214603320807999
163.4691276426444,1.2146029980089184
163.47912764264439,1.2146026736663864
163.4891276426444,1.2146023477735972
163.4991276426444,1.214602020323718
163.5091276426444,1.2146016913098892
163.5191276426444,1.2146013607252228
163.5291276426444,1.214601028562805
163.53912764264442,1.2146006948156938
163.5491276426444,1.2146003594769192
163.5591276426444,1.2146000225394844
163.56912764264442,1.2145996839963646
163.5791276426444,1.2145993438405072
163.58912764264443,1.2145990020648316
163.59912764264442,1.214598658662229
163.6091276426444,1.2145983136255631
163.61912764264443,1.2145979669476694
163.62912764264442,1.2145976186213543
163.6391276426444,1.2145972686393967
163.64912764264443,1.2145969169945463
163.65912764264442,1.2145965636795246
163.6691276426444,1.214596208687025
163.67912764264443,1.2145958520097109
163.68912764264442,1.214595493640218
163.69912764264444,1.2145951335711518
163.70912764264443,1.2145947717950902
163.71912764264442,1.2145944083045805
163.72912764264444,1.2145940430921423
163.73912764264443,1.2145936761502643
163.74912764264445,1.2145933074714066
163.75912764264444,1.2145929370479995
163.76912764264443,1.214592564872444
163.77912764264445,1.2145921909371107
163.78912764264444,1.214591815234341
163.79912764264444,1.2145914377564455
163.80912764264446,1.214591058495706
163.81912764264445,1.2145906774443727
163.82912764264444,1.214590294594667
163.83912764264446,1.2145899099387785
163.84912764264445,1.2145895234688675
163.85912764264447,1.2145891351770632
163.86912764264446,1.214588745055464
163.87912764264445,1.2145883530961377
163.88912764264447,1.2145879592911213
163.89912764264446,1.214587563632421
163.90912764264448,1.2145871661120118
163.91912764264447,1.2145867667218366
163.92912764264446,1.2145863654538085
163.93912764264448,1.2145859622998085
163.94912764264447,1.2145855572516857
163.95912764264446,1.2145851503012584
163.96912764264448,1.2145847414403128
163.97912764264447,1.214584330660603
163.98912764264446,1.2145839179538518
163.99912764264448,1.2145835033117494
164.00912764264447,1.2145830867259542
164.0191276426445,1.2145826681880925
164.02912764264448,1.2145822476897579
164.03912764264447,1.2145818252225113
164.0491276426445,1.214581400777882
164.05912764264448,1.2145809743473657
164.0691276426445,1.2145805459224261
164.0791276426445,1.214580115494493
164.08912764264448,1.2145796830549644
164.0991276426445,1.214579248595204
164.1091276426445,1.2145788121065437
164.1191276426445,1.2145783735802806
164.1291276426445,1.2145779330076796
164.1391276426445,1.214577490379971
164.1491276426445,1.2145770456883525
164.1591276426445,1.214576598923987
164.1691276426445,1.2145761500780043
164.17912764264452,1.2145756991415
164.1891276426445,1.2145752461055357
164.1991276426445,1.2145747909611384
164.20912764264452,1.2145743336993016
164.2191276426445,1.2145738743109833
164.22912764264453,1.2145734127871077
164.23912764264452,1.2145729491185644
164.2491276426445,1.2145724832962075
164.25912764264453,1.2145720153108572
164.26912764264452,1.2145715451532981
164.2791276426445,1.21457107281428
164.28912764264453,1.2145705982845172
164.29912764264452,1.2145701215546885
164.3091276426445,1.214569642615438
164.31912764264453,1.2145691614573735
164.32912764264452,1.2145686780710674
164.33912764264454,1.2145681924470566
164.34912764264453,1.2145677045758416
164.35912764264452,1.2145672144478876
164.36912764264454,1.2145667220536225
164.37912764264453,1.2145662273834388
164.38912764264455,1.2145657304276924
164.39912764264454,1.2145652311767035
164.40912764264453,1.2145647296207538
164.41912764264455,1.2145642257500902
164.42912764264454,1.2145637195549215
164.43912764264454,1.2145632110254208
164.44912764264456,1.2145627001517225
164.45912764264455,1.2145621869239254
164.46912764264454,1.2145616713320897
164.47912764264456,1.2145611533662388
164.48912764264455,1.214560633016359
164.49912764264457,1.2145601102723977
164.50912764264456,1.2145595851242657
164.51912764264455,1.2145590575618348
164.52912764264457,1.2145585275749402
164.53912764264456,1.2145579951533774
164.54912764264458,1.2145574602869047
164.55912764264457,1.2145569229652415
164.56912764264456,1.2145563831780688
164.57912764264458,1.2145558409150292
164.58912764264457,1.2145552961657258
164.59912764264456,1.214554748919724
164.60912764264458,1.214554199166549
164.61912764264457,1.2145536468956875
164.62912764264456,1.2145530920965866
164.63912764264458,1.2145525347586548
164.64912764264457,1.21455197487126
164.6591276426446,1.2145514124237315
164.66912764264458,1.2145508474053581
164.67912764264457,1.2145502798053887
164.6891276426446,1.214549709613033
164.69912764264458,1.21454913681746
164.7091276426446,1.214548561407798
164.7191276426446,1.2145479833731359
164.72912764264458,1.2145474027025214
164.7391276426446,1.2145468193849616
164.7491276426446,1.2145462334094235
164.7591276426446,1.2145456447648324
164.7691276426446,1.214545053440073
164.7791276426446,1.2145444594239885
164.7891276426446,1.2145438627053813
164.7991276426446,1.2145432632730124
164.8091276426446,1.214542661115601
164.81912764264462,1.214542056221824
164.8291276426446,1.214541448580318
164.8391276426446,1.214540838179677
164.84912764264462,1.214540225008452
164.8591276426446,1.2145396090551535
164.86912764264463,1.2145389903082486
164.87912764264462,1.214538368756162
164.8891276426446,1.2145377443872762
164.89912764264463,1.214537117189931
164.90912764264462,1.2145364871524231
164.9191276426446,1.2145358542630065
164.92912764264463,1.2145352185098917
164.93912764264462,1.2145345798812461
164.9491276426446,1.2145339383651943
164.95912764264463,1.2145332939498168
164.96912764264462,1.2145326466231507
164.97912764264464,1.214531996373189
164.98912764264463,1.2145313431878813
164.99912764264462,1.214530687055133
165.00912764264464,1.214530027962805
165.01912764264463,1.2145293658987144
165.02912764264465,1.2145287008506338
165.03912764264464,1.2145280328062906
165.04912764264463,1.2145273617533683
165.05912764264465,1.2145266876795051
165.06912764264464,1.2145260105722948
165.07912764264464,1.2145253304192847
165.08912764264466,1.2145246472079783
165.09912764264465,1.2145239609258334
165.10912764264464,1.2145232715602614
165.11912764264466,1.2145225790986294
165.12912764264465,1.2145218835282574
165.13912764264467,1.2145211848364204
165.14912764264466,1.2145204830103467
165.15912764264465,1.2145197780372186
165.16912764264467,1.2145190699041721
165.17912764264466,1.2145183585982968
165.18912764264468,1.2145176441066354
165.19912764264467,1.2145169264161841
165.20912764264466,1.2145162055138918
165.21912764264468,1.2145154813866605
165.22912764264467,1.2145147540213455
165.23912764264466,1.2145140234047536
165.24912764264468,1.2145132895236452
165.25912764264467,1.2145125523647327
165.26912764264466,1.214511811914681
165.27912764264468,1.2145110681601061
165.28912764264467,1.2145103210875772
165.2991276426447,1.2145095706836144
165.30912764264468,1.2145088169346903
165.31912764264467,1.2145080598272275
165.3291276426447,1.2145072993476023
165.33912764264468,1.2145065354821398
165.3491276426447,1.214505768217118
165.3591276426447,1.2145049975387647
165.36912764264468,1.214504223433259
165.3791276426447,1.2145034458867305
165.3891276426447,1.2145026648852593
165.3991276426447,1.2145018804148762
165.4091276426447,1.2145010924615613
165.4191276426447,1.214500301011246
165.4291276426447,1.2144995060498107
165.4391276426447,1.2144987075630858
165.4491276426447,1.214497905536851
165.45912764264472,1.2144970999568363
165.4691276426447,1.2144962908087205
165.4791276426447,1.2144954780781312
165.48912764264472,1.2144946617506454
165.4991276426447,1.2144938418117894
165.50912764264473,1.214493018247038
165.51912764264472,1.2144921910418134
165.5291276426447,1.2144913601814877
165.53912764264473,1.214490525651381
165.54912764264472,1.2144896874367612
165.5591276426447,1.214488845522844
165.56912764264473,1.2144879998947933
165.57912764264472,1.2144871505377204
165.5891276426447,1.2144862974366846
165.59912764264473,1.2144854405766918
165.60912764264472,1.2144845799426958
165.61912764264474,1.214483715519597
165.62912764264473,1.214482847292243
165.63912764264472,1.2144819752454281
165.64912764264474,1.2144810993638928
165.65912764264473,1.2144802196323248
165.66912764264475,1.2144793360353574
165.67912764264474,1.2144784485575701
165.68912764264473,1.214477557183489
165.69912764264475,1.214476661897585
165.70912764264475,1.214475762684276
165.71912764264474,1.2144748595279242
165.72912764264476,1.2144739524128378
165.73912764264475,1.2144730413232696
165.74912764264474,1.2144721262434186
165.75912764264476,1.214471207157427
165.76912764264475,1.2144702840493837
165.77912764264477,1.2144693569033205
165.78912764264476,1.2144684257032143
165.79912764264475,1.2144674904329864
165.80912764264477,1.2144665510765018
165.81912764264476,1.2144656076175697
165.82912764264478,1.2144646600399434
165.83912764264477,1.2144637083273189
165.84912764264476,1.2144627524633365
165.85912764264478,1.2144617924315793
165.86912764264477,1.2144608282155738
165.87912764264476,1.2144598597987895
165.88912764264478,1.2144588871646385
165.89912764264477,1.2144579102964759
165.90912764264476,1.2144569291775988
165.91912764264478,1.2144559437912472
165.92912764264477,1.2144549541206027
165.9391276426448,1.2144539601487891
165.94912764264478,1.2144529618588724
165.95912764264477,1.21445195923386
165.9691276426448,1.2144509522567009
165.97912764264478,1.214449940910285
165.9891276426448,1.214448925177444
165.9991276426448,1.2144479050409502
166.00912764264478,1.2144468804835176
166.0191276426448,1.2144458514877994
166.0291276426448,1.214444818036391
166.0391276426448,1.2144437801118266
166.0491276426448,1.2144427376965818
166.0591276426448,1.2144416907730717
166.0691276426448,1.2144406393236515
166.0791276426448,1.2144395833306159
166.0891276426448,1.214438522776199
166.09912764264482,1.2144374576425747
166.1091276426448,1.2144363879118558
166.1191276426448,1.2144353135660941
166.12912764264482,1.2144342345872803
166.1391276426448,1.2144331509573443
166.14912764264483,1.2144320626581537
166.15912764264482,1.214430969671515
166.1691276426448,1.2144298719791726
166.17912764264483,1.2144287695628093
166.18912764264482,1.2144276624040455
166.1991276426448,1.2144265504844394
166.20912764264483,1.2144254337854858
166.21912764264482,1.214424312288619
166.2291276426448,1.214423185975208
166.23912764264483,1.2144220548265605
166.24912764264482,1.21442091882392
166.25912764264484,1.2144197779484673
166.26912764264483,1.21441863218132
166.27912764264482,1.2144174815035307
166.28912764264484,1.2144163258960894
166.29912764264483,1.2144151653399216
166.30912764264485,1.214413999815888
166.31912764264484,1.2144128293047864
166.32912764264483,1.2144116537873486
166.33912764264485,1.2144104732442422
166.34912764264485,1.2144092876560704
166.35912764264484,1.2144080970033702
166.36912764264486,1.2144069012666143
166.37912764264485,1.2144057004262099
166.38912764264484,1.2144044944624977
166.39912764264486,1.2144032833557539
166.40912764264485,1.214402067086188
166.41912764264487,1.214400845633943
166.42912764264486,1.2143996189790964
166.43912764264485,1.214398387101659
166.44912764264487,1.2143971499815749
166.45912764264486,1.2143959075987207
166.46912764264488,1.2143946599329074
166.47912764264487,1.214393406963877
166.48912764264486,1.214392148671306
166.49912764264488,1.214390885034802
166.50912764264487,1.2143896160339054
166.51912764264486,1.2143883416480883
166.52912764264488,1.2143870618567552
166.53912764264487,1.214385776639242
166.54912764264486,1.2143844859748167
166.55912764264488,1.2143831898426776
166.56912764264487,1.2143818882219555
166.5791276426449,1.2143805810917108
166.58912764264488,1.2143792684309362
166.59912764264487,1.2143779502185537
166.6091276426449,1.2143766264334166
166.61912764264488,1.2143752970543085
166.6291276426449,1.214373962059942
166.6391276426449,1.2143726214289616
166.64912764264488,1.2143712751399396
166.6591276426449,1.2143699231713787
166.6691276426449,1.2143685655017114
166.6791276426449,1.2143672021092982
166.6891276426449,1.2143658329724294
166.6991276426449,1.2143644580693242
166.7091276426449,1.2143630773781304
166.7191276426449,1.214361690876924
166.7291276426449,1.214360298543709
166.73912764264492,1.214358900356418
166.7491276426449,1.2143574962929111
166.7591276426449,1.2143560863309766
166.76912764264492,1.2143546704483297
166.7791276426449,1.2143532486226136
166.78912764264493,1.214351820831398
166.79912764264492,1.21435038705218
166.8091276426449,1.214348947262383
166.81912764264493,1.2143475014393574
166.82912764264492,1.2143460495603802
166.8391276426449,1.2143445916026538
166.84912764264493,1.2143431275433076
166.85912764264492,1.214341657359396
166.8691276426449,1.2143401810278993
166.87912764264493,1.2143386985257236
166.88912764264492,1.2143372098296998
166.89912764264494,1.214335714916584
166.90912764264493,1.2143342137630575
166.91912764264492,1.2143327063457259
166.92912764264494,1.2143311926411193
166.93912764264493,1.2143296726256922
166.94912764264495,1.2143281462758235
166.95912764264494,1.214326613567816
166.96912764264493,1.2143250744778955
166.97912764264495,1.2143235289822119
166.98912764264495,1.214321977056839
166.99912764264494,1.2143204186777725
167.00912764264496,1.2143188538209324
167.01912764264495,1.2143172824621604
167.02912764264494,1.2143157045772213
167.03912764264496,1.2143141201418024
167.04912764264495,1.2143125291315127
167.05912764264497,1.2143109315218836
167.06912764264496,1.2143093272883685
167.07912764264495,1.2143077164063418
167.08912764264497,1.2143060988510999
167.09912764264496,1.2143044745978602
167.10912764264498,1.2143028436217607
167.11912764264497,1.214301205897861
167.12912764264496,1.2142995614011411
167.13912764264498,1.2142979101065012
167.14912764264497,1.2142962519887617
167.15912764264496,1.2142945870226634
167.16912764264498,1.2142929151828668
167.17912764264497,1.214291236443952
167.18912764264496,1.2142895507804186
167.19912764264498,1.2142878581666854
167.20912764264497,1.2142861585770905
167.219127642645,1.2142844519858909
167.22912764264498,1.2142827383672616
167.23912764264497,1.2142810176952967
167.249127642645,1.2142792899440087
167.25912764264498,1.2142775550873277
167.269127642645,1.2142758130991018
167.279127642645,1.2142740639530971
167.28912764264498,1.2142723076229966
167.299127642645,1.2142705440824013
167.309127642645,1.2142687733048287
167.319127642645,1.2142669952637135
167.329127642645,1.214265209932407
167.339127642645,1.2142634172841764
167.349127642645,1.2142616172922065
167.359127642645,1.2142598099295967
167.369127642645,1.2142579951693633
167.37912764264502,1.214256172984438
167.389127642645,1.2142543433476678
167.399127642645,1.2142525062318152
167.40912764264502,1.2142506616095576
167.419127642645,1.2142488094534871
167.42912764264503,1.214246949736111
167.43912764264502,1.2142450824298503
167.449127642645,1.2142432075070413
167.45912764264503,1.2142413249399333
167.46912764264502,1.2142394347006902
167.479127642645,1.214237536761389
167.48912764264503,1.2142356310940203
167.49912764264502,1.2142337176704885
167.509127642645,1.21423179646261
167.51912764264503,1.2142298674421148
167.52912764264502,1.2142279305806456
167.53912764264504,1.2142259858497568
167.54912764264503,1.2142240332209158
167.55912764264502,1.2142220726655013
167.56912764264504,1.2142201041548044
167.57912764264503,1.214218127660028
167.58912764264505,1.2142161431522849
167.59912764264504,1.2142141506026007
167.60912764264503,1.2142121499819116
167.61912764264505,1.2142101412610644
167.62912764264505,1.214208124410816
167.63912764264504,1.2142060994018347
167.64912764264506,1.2142040662046976
167.65912764264505,1.214202024789893
167.66912764264504,1.2141999751278183
167.67912764264506,1.2141979171887807
167.68912764264505,1.2141958509429966
167.69912764264507,1.2141937763605912
167.70912764264506,1.2141916934115993
167.71912764264505,1.2141896020659635
167.72912764264507,1.2141875022935358
167.73912764264506,1.2141853940640757
167.74912764264508,1.2141832773472512
167.75912764264507,1.2141811521126384
167.76912764264506,1.2141790183297203
167.77912764264508,1.214176875967888
167.78912764264507,1.2141747249964392
167.79912764264506,1.2141725653845794
167.80912764264508,1.2141703971014204
167.81912764264507,1.2141682201159805
167.82912764264506,1.214166034397185
167.83912764264508,1.2141638399138641
167.84912764264507,1.2141616366347558
167.8591276426451,1.2141594245285021
167.86912764264508,1.2141572035636519
167.87912764264507,1.2141549737086585
167.8891276426451,1.2141527349318806
167.89912764264508,1.214150487201582
167.9091276426451,1.2141482304859306
167.9191276426451,1.214145964753
167.92912764264508,1.2141436899707665
167.9391276426451,1.2141414061071114
167.9491276426451,1.21413911312982
167.9591276426451,1.2141368110065807
167.9691276426451,1.2141344997049854
167.9791276426451,1.2141321791925295
167.9891276426451,1.214129849436611
167.9991276426451,1.214127510404531
168.0091276426451,1.214125162063493
168.01912764264512,1.2141228043806025
168.0291276426451,1.214120437322868
168.0391276426451,1.2141180608571993
168.04912764264512,1.2141156749504076
168.0591276426451,1.2141132795692067
168.06912764264513,1.21411087468021
168.07912764264512,1.214108460249934
168.0891276426451,1.214106036244794
168.09912764264513,1.2141036026311074
168.10912764264512,1.2141011593750912
168.1191276426451,1.2140987064428632
168.12912764264513,1.2140962438004408
168.13912764264512,1.2140937714137408
168.1491276426451,1.2140912892485802
168.15912764264513,1.2140887972706753
168.16912764264512,1.2140862954456413
168.17912764264514,1.2140837837389917
168.18912764264513,1.2140812621161399
168.19912764264512,1.2140787305423972
168.20912764264514,1.2140761889829723
168.21912764264513,1.2140736374029735
168.22912764264515,1.2140710757674056
168.23912764264514,1.214068504041172
168.24912764264513,1.2140659221890726
168.25912764264515,1.2140633301758048
168.26912764264515,1.214060727965963
168.27912764264514,1.2140581155240386
168.28912764264516,1.2140554928144187
168.29912764264515,1.2140528598013876
168.30912764264514,1.2140502164491251
168.31912764264516,1.214047562721707
168.32912764264515,1.214044898583105
168.33912764264517,1.214042223997185
168.34912764264516,1.2140395389277105
168.35912764264515,1.214036843338337
168.36912764264517,1.214034137192617
168.37912764264516,1.214031420453997
168.38912764264518,1.2140286930858173
168.39912764264517,1.2140259550513124
168.40912764264516,1.2140232063136114
168.41912764264518,1.2140204468357358
168.42912764264517,1.214017676580602
168.43912764264516,1.2140148955110182
168.44912764264518,1.2140121035896867
168.45912764264517,1.2140093007792019
168.46912764264516,1.2140064870420515
168.47912764264518,1.2140036623406145
168.48912764264517,1.214000826637163
168.4991276426452,1.2139979798938598
168.50912764264518,1.213995122072761
168.51912764264517,1.213992253135813
168.5291276426452,1.2139893730448534
168.53912764264518,1.2139864817616113
168.5491276426452,1.2139835792477065
168.5591276426452,1.2139806654646492
168.56912764264519,1.2139777403738403
168.5791276426452,1.21397480393657
168.5891276426452,1.2139718561140194
168.5991276426452,1.213968896867259
168.6091276426452,1.2139659261572482
168.6191276426452,1.2139629439448358
168.6291276426452,1.213959950190761
168.6391276426452,1.2139569448556495
168.6491276426452,1.2139539279000173
168.65912764264522,1.2139508992842682
168.6691276426452,1.2139478589686943
168.6791276426452,1.2139448069134748
168.68912764264522,1.2139417430786779
168.6991276426452,1.2139386674242583
168.70912764264523,1.2139355799100582
168.71912764264522,1.2139324804958072
168.7291276426452,1.213929369141121
168.73912764264523,1.2139262458055025
168.74912764264522,1.2139231104483406
168.7591276426452,1.2139199630289106
168.76912764264523,1.2139168035063732
168.77912764264522,1.2139136318397754
168.7891276426452,1.2139104479880494
168.79912764264523,1.2139072519100125
168.80912764264522,1.2139040435643675
168.81912764264524,1.2139008229097015
168.82912764264523,1.2138975899044862
168.83912764264522,1.2138943445070778
168.84912764264524,1.2138910866757167
168.85912764264523,1.2138878163685274
168.86912764264525,1.2138845335435173
168.87912764264524,1.2138812381585782
168.88912764264524,1.2138779301714844
168.89912764264525,1.2138746095398938
168.90912764264525,1.2138712762213464
168.91912764264524,1.2138679301732658
168.92912764264526,1.2138645713529568
168.93912764264525,1.213861199717607
168.94912764264524,1.2138578152242858
168.95912764264526,1.2138544178299444
168.96912764264525,1.2138510074914148
168.97912764264527,1.2138475841654113
168.98912764264526,1.2138441478085282
168.99912764264525,1.213840698377241
169.00912764264527,1.2138372358279061
169.01912764264526,1.2138337601167595
169.02912764264528,1.213830271199918
169.03912764264527,1.213826769033378
169.04912764264526,1.213823253573015
169.05912764264528,1.2138197247745852
169.06912764264527,1.2138161825937233
169.07912764264526,1.2138126269859426
169.08912764264528,1.2138090579066358
169.09912764264527,1.2138054753110739
169.10912764264526,1.2138018791544063
169.11912764264528,1.2137982693916607
169.12912764264527,1.2137946459777422
169.1391276426453,1.213791008867434
169.14912764264528,1.2137873580153964
169.15912764264527,1.213783693376167
169.1691276426453,1.2137800149041609
169.17912764264528,1.2137763225536693
169.1891276426453,1.2137726162788598
169.1991276426453,1.2137688960337771
169.20912764264529,1.2137651617723417
169.2191276426453,1.2137614134483494
169.2291276426453,1.2137576510154724
169.2391276426453,1.2137538744272582
169.2491276426453,1.213750083637129
169.2591276426453,1.2137462785983826
169.2691276426453,1.2137424592641914
169.2791276426453,1.2137386255876015
169.2891276426453,1.213734777521535
169.29912764264532,1.2137309150187867
169.3091276426453,1.2137270380320255
169.3191276426453,1.2137231465137948
169.32912764264532,1.2137192404165098
169.3391276426453,1.213715319692461
169.34912764264533,1.2137113842938099
169.35912764264532,1.2137074341725922
169.3691276426453,1.2137034692807152
169.37912764264533,1.2136994895699587
169.38912764264532,1.2136954949919754
169.3991276426453,1.213691485498289
169.40912764264533,1.2136874610402946
169.41912764264532,1.2136834215692598
169.4291276426453,1.2136793670363226
169.43912764264533,1.2136752973924922
169.44912764264532,1.2136712125886489
169.45912764264534,1.2136671125755425
169.46912764264533,1.2136629973037942
169.47912764264532,1.2136588667238952
169.48912764264534,1.213654720786206
169.49912764264533,1.2136505594409572
169.50912764264535,1.2136463826382484
169.51912764264534,1.213642190328049
169.52912764264534,1.213637982460197
169.53912764264535,1.2136337589843993
169.54912764264535,1.2136295198502314
169.55912764264534,1.2136252650071369
169.56912764264536,1.2136209944044276
169.57912764264535,1.2136167079912836
169.58912764264534,1.213612405716752
169.59912764264536,1.213608087529748
169.60912764264535,1.2136037533790534
169.61912764264537,1.2135994032133173
169.62912764264536,1.213595036981056
169.63912764264535,1.2135906546306516
169.64912764264537,1.213586256110353
169.65912764264536,1.2135818413682755
169.66912764264538,1.2135774103523995
169.67912764264537,1.213572963010572
169.68912764264536,1.213568499290505
169.69912764264538,1.2135640191397756
169.70912764264537,1.2135595225058264
169.71912764264536,1.2135550093359646
169.72912764264538,1.2135504795773617
169.73912764264537,1.213545933177054
169.74912764264536,1.213541370081942
169.75912764264538,1.21353679023879
169.76912764264537,1.2135321935942256
169.7791276426454,1.2135275800947407
169.78912764264538,1.2135229496866904
169.79912764264537,1.213518302316292
169.8091276426454,1.2135136379296265
169.81912764264538,1.2135089564726378
169.8291276426454,1.213504257891131
169.8391276426454,1.2134995421307748
169.84912764264539,1.213494809137099
169.8591276426454,1.2134900588554953
169.8691276426454,1.2134852912312173
169.8791276426454,1.2134805062093799
169.8891276426454,1.2134757037349588
169.8991276426454,1.213470883752791
169.9091276426454,1.2134660462075737
169.9191276426454,1.2134611910438653
169.9291276426454,1.213456318206084
169.93912764264542,1.2134514276385078
169.9491276426454,1.2134465192852752
169.9591276426454,1.2134415930903844
169.96912764264542,1.213436648997692
169.9791276426454,1.213431686950915
169.98912764264543,1.2134267068936282
169.99912764264542,1.2134217087692662
170.0091276426454,1.2134166925211223
170.01912764264543,1.213411658092347
170.02912764264542,1.2134066054259496
170.0391276426454,1.2134015344647977
170.04912764264543,1.213396445151616
170.05912764264542,1.2133913374289866
170.0691276426454,1.2133862112393496
170.07912764264543,1.2133810665250022
170.08912764264542,1.2133759032280975
170.09912764264544,1.2133707212906462
170.10912764264543,1.2133655206545144
170.11912764264542,1.213360301261426
170.12912764264544,1.21335506305296
170.13912764264543,1.2133498059705505
170.14912764264545,1.213344529955489
170.15912764264544,1.2133392349489205
170.16912764264544,1.2133339208918468
170.17912764264545,1.2133285877251232
170.18912764264545,1.2133232353894614
170.19912764264544,1.2133178638254263
170.20912764264546,1.2133124729734375
170.21912764264545,1.2133070627737697
170.22912764264544,1.2133016331665498
170.23912764264546,1.21329618409176
170.24912764264545,1.2132907154892352
170.25912764264547,1.213285227298664
170.26912764264546,1.213279719459588
170.27912764264545,1.2132741919114014
170.28912764264547,1.2132686445933514
170.29912764264546,1.2132630774445383
170.30912764264548,1.213257490403913
170.31912764264547,1.2132518834102808
170.32912764264546,1.213246256402297
170.33912764264548,1.213240609318469
170.34912764264547,1.2132349420971562
170.35912764264546,1.2132292546765693
170.36912764264548,1.2132235469947692
170.37912764264547,1.2132178189896687
170.38912764264546,1.2132120705990308
170.39912764264548,1.2132063017604684
170.40912764264547,1.213200512411446
170.4191276426455,1.2131947024892769
170.42912764264548,1.213188871931125
170.43912764264547,1.2131830206740037
170.4491276426455,1.213177148654775
170.45912764264548,1.2131712558101522
170.4691276426455,1.2131653420766955
170.4791276426455,1.213159407390815
170.48912764264549,1.2131534516887696
170.4991276426455,1.2131474749066664
170.5091276426455,1.2131414769804603
170.5191276426455,1.213135457845955
170.5291276426455,1.213129417438802
170.5391276426455,1.2131233556945
170.5491276426455,1.2131172725483956
170.5591276426455,1.2131111679356823
170.5691276426455,1.2131050417914013
170.57912764264552,1.2130988940504401
170.5891276426455,1.213092724647533
170.5991276426455,1.213086533517261
170.60912764264552,1.213080320594051
170.6191276426455,1.213074085812177
170.62912764264553,1.2130678291057575
170.63912764264552,1.2130615504087578
170.6491276426455,1.2130552496549887
170.65912764264553,1.2130489267781055
170.66912764264552,1.213042581711609
170.6791276426455,1.213036214388846
170.68912764264553,1.2130298247430065
170.69912764264552,1.213023412707126
170.7091276426455,1.2130169782140838
170.71912764264553,1.2130105211966042
170.72912764264552,1.213004041587255
170.73912764264554,1.2129975393184478
170.74912764264553,1.2129910143224378
170.75912764264552,1.212984466531324
170.76912764264554,1.212977895877048
170.77912764264553,1.2129713022913953
170.78912764264555,1.2129646857059935
170.79912764264554,1.212958046052313
170.80912764264554,1.2129513832616678
170.81912764264555,1.2129446972652125
170.82912764264555,1.212937987993945
170.83912764264554,1.212931255378705
170.84912764264556,1.2129244993501738
170.85912764264555,1.2129177198388739
170.86912764264554,1.2129109167751697
170.87912764264556,1.2129040900892674
170.88912764264555,1.2128972397112128
170.89912764264557,1.2128903655708938
170.90912764264556,1.2128834675980378
170.91912764264555,1.2128765457222144
170.92912764264557,1.2128695998728316
170.93912764264556,1.212862629979139
170.94912764264558,1.2128556359702252
170.95912764264557,1.2128486177750193
170.96912764264556,1.2128415753222896
170.97912764264558,1.212834508540644
170.98912764264557,1.2128274173585292
170.99912764264556,1.2128203017042316
171.00912764264558,1.2128131615058761
171.01912764264557,1.2128059966914264
171.02912764264556,1.212798807188685
171.03912764264558,1.2127915929252924
171.04912764264557,1.2127843538287273
171.0591276426456,1.2127770898263066
171.06912764264558,1.2127698008451855
171.07912764264557,1.2127624868123557
171.0891276426456,1.2127551476546476
171.09912764264558,1.2127477832987283
171.1091276426456,1.212740393671102
171.1191276426456,1.2127329786981103
171.12912764264559,1.2127255383059314
171.1391276426456,1.2127180724205802
171.1491276426456,1.2127105809679082
171.1591276426456,1.212703063873603
171.1691276426456,1.2126955210631885
171.1791276426456,1.2126879524620242
171.1891276426456,1.2126803579953063
171.1991276426456,1.2126727375880657
171.2091276426456,1.2126650911651697
171.21912764264562,1.21265741865132
171.2291276426456,1.2126497199710544
171.2391276426456,1.2126419950487448
171.24912764264562,1.2126342438085984
171.2591276426456,1.212626466174657
171.26912764264563,1.2126186620707975
171.27912764264562,1.21261083142073
171.2891276426456,1.212602974148
171.29912764264563,1.212595090175986
171.30912764264562,1.2125871794279013
171.3191276426456,1.2125792418267922
171.32912764264563,1.2125712772955388
171.33912764264562,1.2125632857568547
171.3491276426456,1.2125552671332869
171.35912764264563,1.212547221347215
171.36912764264562,1.2125391483208523
171.37912764264564,1.2125310479762443
171.38912764264563,1.212522920235269
171.39912764264562,1.2125147650196375
171.40912764264564,1.2125065822508925
171.41912764264563,1.21249837185041
171.42912764264565,1.212490133739397
171.43912764264564,1.2124818678388924
171.44912764264564,1.2124735740697676
171.45912764264565,1.212465252352725
171.46912764264565,1.2124569026082983
171.47912764264564,1.2124485247568533
171.48912764264566,1.2124401187185858
171.49912764264565,1.212431684413524
171.50912764264564,1.2124232217615252
171.51912764264566,1.2124147306822792
171.52912764264565,1.212406211095305
171.53912764264567,1.2123976629199527
171.54912764264566,1.2123890860754025
171.55912764264565,1.2123804804806653
171.56912764264567,1.2123718460545807
171.57912764264566,1.2123631827158194
171.58912764264568,1.2123544903828811
171.59912764264567,1.2123457689740957
171.60912764264566,1.2123370184076216
171.61912764264568,1.2123282386014476
171.62912764264567,1.212319429473391
171.63912764264566,1.2123105909410983
171.64912764264568,1.2123017229220445
171.65912764264567,1.2122928253335343
171.66912764264566,1.2122838980927004
171.67912764264568,1.212274941116504
171.68912764264567,1.2122659543217347
171.6991276426457,1.2122569376250103
171.70912764264568,1.2122478909427767
171.71912764264567,1.2122388141913083
171.7291276426457,1.2122297072867065
171.73912764264568,1.2122205701449011
171.7491276426457,1.212211402681649
171.7591276426457,1.2122022048125354
171.76912764264569,1.2121929764529715
171.7791276426457,1.2121837175181966
171.7891276426457,1.2121744279232776
171.7991276426457,1.2121651075831068
171.8091276426457,1.2121557564124048
171.8191276426457,1.2121463743257184
171.8291276426457,1.212136961237421
171.8391276426457,1.2121275170617123
171.8491276426457,1.2121180417126187
171.85912764264572,1.2121085351039926
171.8691276426457,1.2120989971495129
171.8791276426457,1.2120894277626841
171.88912764264572,1.2120798268568367
171.8991276426457,1.212070194345127
171.90912764264573,1.2120605301405374
171.91912764264572,1.2120508341558751
171.9291276426457,1.212041106303773
171.93912764264573,1.21203134649669
171.94912764264572,1.2120215546469095
171.9591276426457,1.2120117306665399
171.96912764264573,1.2120018744675152
171.97912764264572,1.211991985961594
171.9891276426457,1.2119820650603594
171.99912764264573,1.2119721116752198
172.00912764264572,1.2119621257174078
172.01912764264574,1.2119521070979806
172.02912764264573,1.2119420557278198
172.03912764264572,1.211931971517631
172.04912764264574,1.2119218543779442
172.05912764264573,1.2119117042191134
172.06912764264575,1.2119015209513169
172.07912764264574,1.2118913044845563
172.08912764264574,1.2118810547286571
172.09912764264575,1.211870771593269
172.10912764264575,1.2118604549878647
172.11912764264574,1.211850104821741
172.12912764264576,1.2118397210040168
172.13912764264575,1.2118293034436358
172.14912764264574,1.2118188520493645
172.15912764264576,1.2118083667297919
172.16912764264575,1.2117978473933304
172.17912764264577,1.2117872939482157
172.18912764264576,1.2117767063025056
172.19912764264575,1.2117660843640814
172.20912764264577,1.2117554280406466
172.21912764264576,1.2117447372397274
172.22912764264578,1.2117340118686726
172.23912764264577,1.2117232518346535
172.24912764264576,1.2117124570446631
172.25912764264578,1.2117016274055177
172.26912764264577,1.211690762823855
172.27912764264576,1.2116798632061347
172.28912764264578,1.2116689284586393
172.29912764264577,1.2116579584874727
172.30912764264576,1.2116469531985605
172.31912764264578,1.2116359124976501
172.32912764264577,1.2116248362903117
172.3391276426458,1.2116137244819354
172.34912764264578,1.211602576977734
172.35912764264577,1.2115913936827416
172.3691276426458,1.2115801745018138
172.37912764264578,1.2115689193396268
172.3891276426458,1.2115576281006797
172.3991276426458,1.2115463006892908
172.40912764264579,1.2115349370096011
172.4191276426458,1.211523536965572
172.4291276426458,1.2115121004609861
172.4391276426458,1.211500627399447
172.4491276426458,1.211489117684379
172.4591276426458,1.2114775712190275
172.4691276426458,1.2114659879064587
172.4791276426458,1.2114543676495586
172.4891276426458,1.2114427103510355
172.49912764264582,1.211431015913417
172.5091276426458,1.2114192842390517
172.5191276426458,1.211407515230109
172.52912764264582,1.2113957087885776
172.5391276426458,1.2113838648162683
172.54912764264583,1.211371983214811
172.55912764264582,1.211360063885656
172.5691276426458,1.2113481067300744
172.57912764264583,1.211336111649157
172.58912764264582,1.2113240785438149
172.5991276426458,1.2113120073147792
172.60912764264583,1.211299897862601
172.61912764264582,1.2112877500876522
172.6291276426458,1.2112755638901234
172.63912764264583,1.2112633391700258
172.64912764264582,1.2112510758271906
172.65912764264584,1.2112387737612689
172.66912764264583,1.2112264328717308
172.67912764264582,1.2112140530578672
172.68912764264584,1.2112016342187881
172.69912764264583,1.2111891762534235
172.70912764264585,1.211176679060523
172.71912764264584,1.211164142538656
172.72912764264584,1.2111515665862107
172.73912764264585,1.211138951101396
172.74912764264585,1.2111262959822398
172.75912764264584,1.2111136011265895
172.76912764264586,1.2111008664321121
172.77912764264585,1.2110880917962938
172.78912764264584,1.2110752771164408
172.79912764264586,1.2110624222896784
172.80912764264585,1.2110495272129511
172.81912764264587,1.2110365917830233
172.82912764264586,1.2110236158964782
172.83912764264585,1.2110105994497187
172.84912764264587,1.210997542338967
172.85912764264586,1.2109844444602647
172.86912764264588,1.2109713057094722
172.87912764264587,1.2109581259822702
172.88912764264586,1.2109449051741572
172.89912764264588,1.2109316431804524
172.90912764264587,1.2109183398962935
172.91912764264586,1.2109049952166375
172.92912764264588,1.2108916090362614
172.93912764264587,1.21087818124976
172.94912764264586,1.2108647117515488
172.95912764264588,1.2108512004358614
172.96912764264587,1.2108376471967515
172.9791276426459,1.2108240519280913
172.98912764264588,1.2108104145235727
172.99912764264587,1.210796734876707
173.0091276426459,1.2107830128808243
173.01912764264588,1.210769248429074
173.0291276426459,1.210755441414425
173.0391276426459,1.2107415917296656
173.04912764264589,1.2107276992674025
173.0591276426459,1.2107137639200627
173.0691276426459,1.210699785579892
173.0791276426459,1.2106857641389555
173.0891276426459,1.2106716994891376
173.0991276426459,1.2106575915221425
173.1091276426459,1.2106434401294932
173.1191276426459,1.210629245202532
173.1291276426459,1.2106150066324213
173.13912764264592,1.210600724310142
173.1491276426459,1.2105863981264948
173.1591276426459,1.2105720279721006
173.16912764264592,1.2105576137373988
173.1791276426459,1.2105431553126482
173.18912764264593,1.210528652587928
173.19912764264592,1.2105141054531365
173.2091276426459,1.2104995137979915
173.21912764264593,1.2104848775120303
173.22912764264592,1.2104701964846105
173.2391276426459,1.2104554706049089
173.24912764264593,1.210440699761922
173.25912764264592,1.2104258838444661
173.2691276426459,1.2104110227411775
173.27912764264593,1.2103961163405124
173.28912764264592,1.2103811645307463
173.29912764264594,1.2103661671999753
173.30912764264593,1.2103511242361151
173.31912764264592,1.2103360355269017
173.32912764264594,1.210320900959891
173.33912764264593,1.2103057204224585
173.34912764264595,1.2102904938018013
173.35912764264594,1.210275220984935
173.36912764264594,1.2102599018586961
173.37912764264595,1.2102445363097423
173.38912764264595,1.2102291242245506
173.39912764264594,1.2102136654894189
173.40912764264596,1.210198159990465
173.41912764264595,1.2101826076136284
173.42912764264594,1.2101670082446678
173.43912764264596,1.210151361769164
173.44912764264595,1.2101356680725175
173.45912764264597,1.2101199270399499
173.46912764264596,1.210104138556504
173.47912764264595,1.210088302507043
173.48912764264597,1.2100724187762515
173.49912764264596,1.210056487248635
173.50912764264598,1.2100405078085203
173.51912764264597,1.2100244803400553
173.52912764264596,1.2100084047272095
173.53912764264598,1.2099922808537729
173.54912764264597,1.2099761086033582
173.55912764264596,1.2099598878593991
173.56912764264598,1.2099436185051504
173.57912764264597,1.2099273004236892
173.58912764264596,1.2099109334979148
173.59912764264598,1.2098945176105471
173.60912764264597,1.2098780526441293
173.619127642646,1.2098615384810256
173.62912764264598,1.2098449750034233
173.63912764264597,1.2098283620933312
173.649127642646,1.2098116996325805
173.65912764264598,1.2097949875028258
173.669127642646,1.2097782255855425
173.679127642646,1.2097614137620305
173.68912764264599,1.209744551913411
173.699127642646,1.2097276399206285
173.709127642646,1.2097106776644506
173.719127642646,1.2096936650254682
173.729127642646,1.2096766018840943
173.739127642646,1.2096594881205665
173.749127642646,1.2096423236149447
173.759127642646,1.2096251082471128
173.769127642646,1.2096078418967777
173.77912764264602,1.2095905244434713
173.789127642646,1.209573155766548
173.799127642646,1.2095557357451863
173.80912764264602,1.2095382642583896
173.819127642646,1.2095207411849846
173.82912764264603,1.2095031664036229
173.83912764264602,1.20948553979278
173.849127642646,1.2094678612307563
173.85912764264603,1.2094501305956769
173.86912764264602,1.2094323477654914
173.879127642646,1.2094145126179747
173.88912764264603,1.209396625030726
173.89912764264602,1.2093786848811712
173.909127642646,1.20936069204656
173.91912764264603,1.2093426464039683
173.92912764264602,1.2093245478302976
173.93912764264604,1.209306396202275
173.94912764264603,1.2092881913964533
173.95912764264602,1.209269933289212
173.96912764264604,1.209251621756756
173.97912764264603,1.209233256675117
173.98912764264605,1.209214837920153
173.99912764264604,1.209196365367549
174.00912764264604,1.2091778388928163
174.01912764264605,1.2091592583712931
174.02912764264605,1.2091406236781452
174.03912764264604,1.209121934688365
174.04912764264606,1.209103191276773
174.05912764264605,1.2090843933180164
174.06912764264604,1.209065540686571
174.07912764264606,1.2090466332567402
174.08912764264605,1.2090276709026548
174.09912764264607,1.2090086534982751
174.10912764264606,1.2089895809173887
174.11912764264605,1.2089704530336123
174.12912764264607,1.2089512697203906
174.13912764264606,1.2089320308509988
174.14912764264608,1.208912736298539
174.15912764264607,1.2088933859359448
174.16912764264606,1.2088739796359773
174.17912764264608,1.2088545172712284
174.18912764264607,1.2088349987141198
174.19912764264606,1.2088154238369022
174.20912764264608,1.2087957925116577
174.21912764264607,1.2087761046102976
174.22912764264606,1.208756360004565
174.23912764264608,1.2087365585660326
174.24912764264607,1.2087167001661048
174.2591276426461,1.2086967846760164
174.26912764264608,1.208676811966834
174.27912764264607,1.2086567819094562
174.2891276426461,1.2086366943746123
174.29912764264608,1.2086165492328644
174.3091276426461,1.2085963463546059
174.3191276426461,1.2085760856100636
174.32912764264609,1.2085557668692954
174.3391276426461,1.2085353900021931
174.3491276426461,1.2085149548784813
174.3591276426461,1.2084944613677173
174.3691276426461,1.2084739093392924
174.3791276426461,1.208453298662431
174.3891276426461,1.2084326292061913
174.3991276426461,1.208411900839466
174.4091276426461,1.2083911134309815
174.41912764264612,1.2083702668492993
174.4291276426461,1.2083493609628149
174.4391276426461,1.2083283956397592
174.44912764264612,1.2083073707481982
174.4591276426461,1.2082862861560333
174.46912764264613,1.2082651417310015
174.47912764264612,1.2082439373406757
174.4891276426461,1.2082226728524645
174.49912764264613,1.2082013481336134
174.50912764264612,1.2081799630512038
174.5191276426461,1.2081585174721552
174.52912764264613,1.2081370112632226
174.53912764264612,1.2081154442909994
174.5491276426461,1.2080938164219157
174.55912764264613,1.20807212752224
174.56912764264612,1.2080503774580789
174.57912764264614,1.2080285660953767
174.58912764264613,1.208006693299917
174.59912764264612,1.2079847589373218
174.60912764264614,1.207962762873052
174.61912764264613,1.207940704972408
174.62912764264615,1.20791858510053
174.63912764264614,1.207896403122398
174.64912764264614,1.207874158902832
174.65912764264615,1.2078518523064918
174.66912764264615,1.2078294831978793
174.67912764264614,1.2078070514413357
174.68912764264616,1.2077845569010446
174.69912764264615,1.2077619994410305
174.70912764264614,1.2077393789251598
174.71912764264616,1.2077166952171408
174.72912764264615,1.2076939481805242
174.73912764264617,1.2076711376787037
174.74912764264616,1.207648263574915
174.75912764264615,1.2076253257322378
174.76912764264617,1.207602324013595
174.77912764264616,1.2075792582817524
174.78912764264618,1.2075561283993212
174.79912764264617,1.2075329342287564
174.80912764264616,1.2075096756323571
174.81912764264618,1.207486352472268
174.82912764264617,1.2074629646104789
174.83912764264616,1.2074395119088246
174.84912764264618,1.2074159942289866
174.85912764264617,1.2073924114324914
174.86912764264616,1.2073687633807133
174.87912764264618,1.207345049934872
174.88912764264617,1.2073212709560353
174.8991276426462,1.207297426305118
174.90912764264618,1.207273515842882
174.91912764264617,1.2072495394299385
174.9291276426462,1.2072254969267457
174.93912764264618,1.2072013881936114
174.9491276426462,1.2071772130906917
174.9591276426462,1.2071529714779927
174.96912764264619,1.2071286632153695
174.9791276426462,1.207104288162527
174.9891276426462,1.2070798461790213
174.9991276426462,1.207055337124258
175.0091276426462,1.2070307608574948
175.0191276426462,1.20700611723784
175.0291276426462,1.2069814061242532
175.0391276426462,1.2069566273755465
175.0491276426462,1.2069317808503843
175.05912764264622,1.2069068664072835
175.0691276426462,1.2068818839046143
175.0791276426462,1.2068568332005996
175.08912764264622,1.2068317141533162
175.0991276426462,1.206806526620696
175.10912764264623,1.2067812704605236
175.11912764264622,1.2067559455304395
175.1291276426462,1.2067305516879394
175.13912764264623,1.2067050887903734
175.14912764264622,1.2066795566949489
175.1591276426462,1.206653955258728
175.16912764264623,1.2066282843386307
175.17912764264622,1.2066025437914332
175.1891276426462,1.2065767334737694
175.19912764264623,1.2065508532421305
175.20912764264622,1.206524902952866
175.21912764264624,1.2064988824621834
175.22912764264623,1.2064727916261506
175.23912764264622,1.2064466303006922
175.24912764264624,1.2064203983415946
175.25912764264623,1.206394095604503
175.26912764264625,1.2063677219449231
175.27912764264624,1.2063412772182218
175.28912764264624,1.2063147612796266
175.29912764264625,1.2062881739842268
175.30912764264625,1.2062615151869738
175.31912764264624,1.2062347847426806
175.32912764264626,1.2062079825060237
175.33912764264625,1.206181108331543
175.34912764264624,1.2061541620736407
175.35912764264626,1.2061271435865835
175.36912764264625,1.2061000527245032
175.37912764264627,1.2060728893413952
175.38912764264626,1.2060456532911208
175.39912764264625,1.2060183444274066
175.40912764264627,1.2059909626038454
175.41912764264626,1.2059635076738962
175.42912764264628,1.2059359794908844
175.43912764264627,1.2059083779080038
175.44912764264626,1.2058807027783147
175.45912764264628,1.2058529539547462
175.46912764264627,1.205825131290096
175.47912764264626,1.2057972346370305
175.48912764264628,1.2057692638480846
175.49912764264627,1.205741218775665
175.50912764264626,1.2057130992720473
175.51912764264628,1.2056849051893777
175.52912764264627,1.2056566363796744
175.5391276426463,1.2056282926948265
175.54912764264628,1.2055998739865954
175.55912764264627,1.2055713801066148
175.5691276426463,1.2055428109063917
175.57912764264628,1.205514166237306
175.5891276426463,1.2054854459506117
175.5991276426463,1.2054566498974375
175.60912764264629,1.2054277779287856
175.6191276426463,1.2053988298955352
175.6291276426463,1.2053698056484394
175.6391276426463,1.2053407050381282
175.6491276426463,1.2053115279151085
175.6591276426463,1.2052822741297642
175.6691276426463,1.205252943532356
175.6791276426463,1.2052235359730235
175.6891276426463,1.205194051301784
175.69912764264632,1.2051644893685345
175.7091276426463,1.2051348500230512
175.7191276426463,1.2051051331149896
175.72912764264632,1.2050753384938864
175.7391276426463,1.2050454660091587
175.74912764264633,1.2050155155101057
175.75912764264632,1.2049854868459073
175.7691276426463,1.2049553798656267
175.77912764264633,1.2049251944182098
175.78912764264632,1.204894930352485
175.7991276426463,1.204864587517166
175.80912764264633,1.2048341657608495
175.81912764264632,1.2048036649320177
175.8291276426463,1.2047730848790383
175.83912764264633,1.2047424254501642
175.84912764264632,1.204711686493535
175.85912764264634,1.2046808678571777
175.86912764264633,1.2046499693890063
175.87912764264632,1.2046189909368217
175.88912764264634,1.2045879323483148
175.89912764264633,1.2045567934710648
175.90912764264635,1.2045255741525398
175.91912764264634,1.204494274240099
175.92912764264634,1.2044628935809911
175.93912764264635,1.2044314320223564
175.94912764264635,1.2043998894112264
175.95912764264634,1.204368265594525
175.96912764264636,1.2043365604190683
175.97912764264635,1.2043047737315664
175.98912764264634,1.2042729053786223
175.99912764264636,1.2042409552067335
176.00912764264635,1.2042089230622925
176.01912764264637,1.2041768087915867
176.02912764264636,1.2041446122407997
176.03912764264635,1.2041123332560115
176.04912764264637,1.2040799716831987
176.05912764264636,1.2040475273682363
176.06912764264638,1.204015000156896
176.07912764264637,1.20398238989485
176.08912764264636,1.2039496964276684
176.09912764264638,1.2039169196008206
176.10912764264637,1.203884059259678
176.11912764264636,1.2038511152495115
176.12912764264638,1.2038180874154938
176.13912764264637,1.2037849756027004
176.14912764264636,1.2037517796561084
176.15912764264638,1.2037184994205983
176.16912764264637,1.203685134740955
176.1791276426464,1.203651685461867
176.18912764264638,1.2036181514279283
176.19912764264637,1.2035845324836376
176.2091276426464,1.2035508284734004
176.21912764264638,1.2035170392415293
176.2291276426464,1.2034831646322426
176.2391276426464,1.203449204489668
176.24912764264639,1.2034151586578412
176.2591276426464,1.2033810269807061
176.2691276426464,1.203346809302118
176.2791276426464,1.2033125054658405
176.2891276426464,1.2032781153155496
176.2991276426464,1.2032436386948322
176.3091276426464,1.2032090754471867
176.3191276426464,1.2031744254160253
176.3291276426464,1.2031396884446726
176.33912764264642,1.2031048643763673
176.3491276426464,1.203069953054263
176.3591276426464,1.203034954321428
176.36912764264642,1.2029998680208467
176.3791276426464,1.2029646939954197
176.38912764264643,1.2029294320879644
176.39912764264642,1.2028940821412164
176.4091276426464,1.202858643997829
176.41912764264643,1.2028231175003747
176.42912764264642,1.2027875024913457
176.4391276426464,1.2027517988131537
176.44912764264643,1.2027160063081317
176.45912764264642,1.2026801248185344
176.4691276426464,1.2026441541865378
176.47912764264643,1.2026080942542414
176.48912764264642,1.2025719448636678
176.49912764264644,1.2025357058567634
176.50912764264643,1.2024993770753996
176.51912764264642,1.2024629583613728
176.52912764264644,1.2024264495564059
176.53912764264643,1.2023898505021478
176.54912764264645,1.2023531610401752
176.55912764264644,1.2023163810119926
176.56912764264644,1.2022795102590331
176.57912764264645,1.2022425486226591
176.58912764264645,1.2022054959441628
176.59912764264644,1.2021683520647675
176.60912764264646,1.2021311168256272
176.61912764264645,1.2020937900678286
176.62912764264644,1.20205637163239
176.63912764264646,1.2020188613602643
176.64912764264645,1.2019812590923376
176.65912764264647,1.2019435646694308
176.66912764264646,1.2019057779323004
176.67912764264645,1.2018678987216385
176.68912764264647,1.2018299268780748
176.69912764264646,1.201791862242176
176.70912764264648,1.2017537046544464
176.71912764264647,1.20171545395533
176.72912764264646,1.2016771099852102
176.73912764264648,1.20163867258441
176.74912764264647,1.201600141593194
176.75912764264646,1.2015615168517684
176.76912764264648,1.2015227982002814
176.77912764264647,1.2014839854788246
176.78912764264646,1.2014450785274335
176.79912764264648,1.2014060771860875
176.80912764264647,1.2013669812947114
176.8191276426465,1.2013277906931767
176.82912764264648,1.2012885052213007
176.83912764264647,1.201249124718848
176.8491276426465,1.2012096490255317
176.85912764264648,1.2011700779810142
176.8691276426465,1.2011304114249062
176.8791276426465,1.2010906491967699
176.88912764264649,1.2010507911361172
176.8991276426465,1.2010108370824135
176.9091276426465,1.2009707868750752
176.9191276426465,1.2009306403534723
176.9291276426465,1.2008903973569292
176.9391276426465,1.2008500577247245
176.9491276426465,1.2008096212960926
176.9591276426465,1.200769087910224
176.9691276426465,1.200728457406266
176.97912764264652,1.2006877296233236
176.9891276426465,1.2006469044004606
176.9991276426465,1.2006059815767003
177.00912764264652,1.2005649609910243
177.0191276426465,1.2005238424823774
177.02912764264653,1.2004826258896635
177.03912764264652,1.2004413110517507
177.0491276426465,1.200399897807469
177.05912764264653,1.2003583859956124
177.06912764264652,1.20031677545494
177.0791276426465,1.2002750660241752
177.08912764264653,1.2002332575420087
177.09912764264652,1.2001913498470973
177.1091276426465,1.200149342778066
177.11912764264653,1.200107236173508
177.12912764264652,1.200065029871985
177.13912764264654,1.2000227237120302
177.14912764264653,1.1999803175321468
177.15912764264652,1.1999378111708097
177.16912764264654,1.199895204466466
177.17912764264653,1.1998524972575362
177.18912764264655,1.1998096893824148
177.19912764264654,1.1997667806794716
177.20912764264654,1.1997237709870507
177.21912764264655,1.1996806601434737
177.22912764264655,1.1996374479870393
177.23912764264654,1.1995941343560237
177.24912764264656,1.199550719088682
177.25912764264655,1.1995072020232498
177.26912764264654,1.1994635829979419
177.27912764264656,1.1994198618509548
177.28912764264655,1.1993760384204677
177.29912764264657,1.199332112544642
177.30912764264656,1.199288084061623
177.31912764264655,1.1992439528095407
177.32912764264657,1.1991997186265098
177.33912764264656,1.1991553813506322
177.34912764264658,1.1991109408199963
177.35912764264657,1.199066396872678
177.36912764264656,1.199021749346743
177.37912764264658,1.1989769980802452
177.38912764264657,1.1989321429112296
177.39912764264656,1.1988871836777326
177.40912764264658,1.1988421202177817
177.41912764264657,1.1987969523693986
177.42912764264656,1.1987516799705977
177.43912764264658,1.1987063028593883
177.44912764264657,1.1986608208737757
177.4591276426466,1.1986152338517604
177.46912764264658,1.1985695416313409
177.47912764264657,1.1985237440505134
177.4891276426466,1.1984778409472727
177.49912764264658,1.1984318321596141
177.5091276426466,1.1983857175255326
177.5191276426466,1.1983394968830254
177.52912764264659,1.1982931700700914
177.5391276426466,1.1982467369247332
177.5491276426466,1.198200197284957
177.5591276426466,1.1981535509887742
177.5691276426466,1.1981067978742017
177.5791276426466,1.198059937779264
177.5891276426466,1.198012970541992
177.5991276426466,1.1979658960004254
177.6091276426466,1.1979187139926135
177.61912764264662,1.197871424356616
177.6291276426466,1.197824026930503
177.6391276426466,1.1977765215523568
177.64912764264662,1.1977289080602733
177.6591276426466,1.1976811862923613
177.66912764264663,1.197633356086744
177.67912764264662,1.1975854172815619
177.6891276426466,1.19753736971497
177.69912764264663,1.1974892132251413
177.70912764264662,1.197440947650268
177.7191276426466,1.19739257282856
177.72912764264663,1.197344088598248
177.73912764264662,1.197295494797584
177.7491276426466,1.1972467912648415
177.75912764264663,1.1971979778383164
177.76912764264662,1.1971490543563295
177.77912764264664,1.1971000206572249
177.78912764264663,1.197050876579373
177.79912764264662,1.1970016219611712
177.80912764264664,1.1969522566410429
177.81912764264663,1.1969027804574408
177.82912764264665,1.1968531932488466
177.83912764264664,1.1968034948537725
177.84912764264664,1.1967536851107612
177.85912764264665,1.1967037638583882
177.86912764264665,1.1966537309352612
177.87912764264664,1.1966035861800224
177.88912764264666,1.1965533294313482
177.89912764264665,1.196502960527952
177.90912764264664,1.1964524793085825
177.91912764264666,1.1964018856120266
177.92912764264665,1.1963511792771109
177.93912764264667,1.1963003601426998
177.94912764264666,1.1962494280476992
177.95912764264665,1.1961983828310567
177.96912764264667,1.1961472243317615
177.97912764264666,1.1960959523888466
177.98912764264668,1.1960445668413895
177.99912764264667,1.195993067528513
178.00912764264666,1.1959414542893863
178.01912764264668,1.1958897269632247
178.02912764264667,1.1958378853892933
178.03912764264666,1.1957859294069049
178.04912764264668,1.1957338588554234
178.05912764264667,1.1956816735742637
178.06912764264666,1.1956293734028922
178.07912764264668,1.1955769581808289
178.08912764264667,1.1955244277476471
178.0991276426467,1.1954717819429759
178.10912764264668,1.1954190206065
178.11912764264667,1.1953661435779614
178.1291276426467,1.1953131506971588
178.13912764264668,1.1952600418039514
178.1491276426467,1.1952068167382575
178.1591276426467,1.1951534753400563
178.16912764264669,1.195100017449389
178.1791276426467,1.1950464429063594
178.1891276426467,1.1949927515511358
178.1991276426467,1.1949389432239508
178.2091276426467,1.1948850177651027
178.2191276426467,1.1948309750149573
178.2291276426467,1.194776814813948
178.2391276426467,1.1947225370025767
178.2491276426467,1.1946681414214153
178.25912764264672,1.194613627911107
178.2691276426467,1.1945589963123666
178.2791276426467,1.1945042464659816
178.28912764264672,1.1944493782128136
178.2991276426467,1.194394391393799
178.30912764264673,1.1943392858499504
178.31912764264672,1.1942840614223573
178.3291276426467,1.1942287179521862
178.33912764264673,1.194173255280684
178.34912764264672,1.1941176732491772
178.3591276426467,1.1940619716990724
178.36912764264673,1.194006150471859
178.37912764264672,1.1939502094091103
178.3891276426467,1.1938941483524819
178.39912764264673,1.1938379671437156
178.40912764264672,1.1937816656246396
178.41912764264674,1.1937252436371686
178.42912764264673,1.1936687010233062
178.43912764264672,1.1936120376251447
178.44912764264674,1.1935552532848668
178.45912764264673,1.1934983478447472
178.46912764264675,1.1934413211471517
178.47912764264674,1.1933841730345414
178.48912764264674,1.1933269033494698
178.49912764264676,1.1932695119345875
178.50912764264675,1.1932119986326408
178.51912764264674,1.1931543632864745
178.52912764264676,1.1930966057390309
178.53912764264675,1.1930387258333532
178.54912764264674,1.1929807234125844
178.55912764264676,1.19292259831997
178.56912764264675,1.1928643503988583
178.57912764264677,1.1928059794927015
178.58912764264676,1.1927474854450566
178.59912764264675,1.192688868099587
178.60912764264677,1.1926301273000635
178.61912764264676,1.192571262890364
178.62912764264678,1.1925122747144772
178.63912764264677,1.1924531626165007
178.64912764264676,1.1923939264406451
178.65912764264678,1.192334566031232
178.66912764264677,1.1922750812326972
178.67912764264676,1.1922154718895916
178.68912764264678,1.1921557378465812
178.69912764264677,1.192095878948449
178.70912764264676,1.192035895040096
178.71912764264678,1.1919757859665419
178.72912764264677,1.1919155515729267
178.7391276426468,1.1918551917045115
178.74912764264678,1.1917947062066796
178.75912764264677,1.1917340949249378
178.7691276426468,1.1916733577049166
178.77912764264678,1.191612494392373
178.7891276426468,1.1915515048331895
178.7991276426468,1.1914903888733777
178.80912764264679,1.1914291463590767
178.8191276426468,1.1913677771365556
178.8291276426468,1.1913062810522155
178.8391276426468,1.1912446579525886
178.8491276426468,1.19118290768434
178.8591276426468,1.1911210300942705
178.8691276426468,1.1910590250293147
178.8791276426468,1.1909968923365446
178.8891276426468,1.1909346318631697
178.89912764264682,1.1908722434565375
178.9091276426468,1.190809726964137
178.9191276426468,1.1907470822335962
178.92912764264682,1.1906843091126857
178.9391276426468,1.19062140744932
178.94912764264683,1.1905583770915573
178.95912764264682,1.1904952178876012
178.9691276426468,1.1904319296858015
178.97912764264683,1.1903685123346563
178.98912764264682,1.1903049656828122
178.9991276426468,1.1902412895790653
179.00912764264683,1.1901774838723629
179.01912764264682,1.1901135484118044
179.0291276426468,1.1900494830466428
179.03912764264683,1.1899852876262849
179.04912764264682,1.1899209620002933
179.05912764264684,1.189856506018387
179.06912764264683,1.1897919195304434
179.07912764264682,1.189727202386498
179.08912764264684,1.1896623544367466
179.09912764264683,1.189597375531546
179.10912764264685,1.189532265521416
179.11912764264684,1.189467024257039
179.12912764264684,1.1894016515892625
179.13912764264686,1.1893361473690993
179.14912764264685,1.1892705114477293
179.15912764264684,1.1892047436765008
179.16912764264686,1.18913884390693
179.17912764264685,1.1890728119907048
179.18912764264684,1.189006647779684
179.19912764264686,1.1889403511258982
179.20912764264685,1.1888739218815536
179.21912764264687,1.1888073598990292
179.22912764264686,1.1887406650308818
179.23912764264685,1.1886738371298438
179.24912764264687,1.188606876048827
179.25912764264686,1.1885397816409227
179.26912764264688,1.188472553759402
179.27912764264687,1.1884051922577192
179.28912764264686,1.1883376969895103
179.29912764264688,1.1882700678085956
179.30912764264687,1.1882023045689813
179.31912764264686,1.1881344071248603
179.32912764264688,1.1880663753306115
179.33912764264687,1.1879982090408046
179.34912764264686,1.1879299081101977
179.35912764264688,1.187861472393741
179.36912764264687,1.1877929017465765
179.3791276426469,1.1877241960240397
179.38912764264688,1.1876553550816609
179.39912764264687,1.1875863787751662
179.4091276426469,1.187517266960478
179.41912764264688,1.1874480194937183
179.4291276426469,1.1873786362312069
179.4391276426469,1.187309117029465
179.44912764264689,1.1872394617452149
179.4591276426469,1.187169670235382
179.4691276426469,1.1870997423570966
179.4791276426469,1.1870296779676923
179.4891276426469,1.1869594769247107
179.4991276426469,1.1868891390859004
179.5091276426469,1.1868186643092187
179.5191276426469,1.1867480524528329
179.5291276426469,1.1866773033751217
179.53912764264692,1.1866064169346755
179.5491276426469,1.1865353929902984
179.5591276426469,1.1864642314010099
179.56912764264692,1.1863929320260442
179.5791276426469,1.1863214947248535
179.58912764264693,1.1862499193571079
179.59912764264692,1.1861782057826968
179.6091276426469,1.1861063538617305
179.61912764264693,1.1860343634545405
179.62912764264692,1.1859622344216822
179.6391276426469,1.1858899666239353
179.64912764264693,1.1858175599223035
179.65912764264692,1.1857450141780188
179.6691276426469,1.18567232925254
179.67912764264693,1.185599505007555
179.68912764264692,1.1855265413049823
179.69912764264694,1.1854534380069712
179.70912764264693,1.1853801949759049
179.71912764264692,1.1853068120743986
179.72912764264694,1.1852332891653037
179.73912764264693,1.1851596261117074
179.74912764264695,1.1850858227769347
179.75912764264694,1.185011879024549
179.76912764264694,1.1849377947183533
179.77912764264696,1.1848635697223917
179.78912764264695,1.184789203900951
179.79912764264694,1.1847146971185614
179.80912764264696,1.1846400492399967
179.81912764264695,1.1845652601302783
179.82912764264694,1.1844903296546732
179.83912764264696,1.1844152576786975
179.84912764264695,1.1843400440681164
179.85912764264697,1.1842646886889463
179.86912764264696,1.1841891914074552
179.87912764264695,1.184113552090164
179.88912764264697,1.1840377706038487
179.89912764264696,1.1839618468155404
179.90912764264698,1.1838857805925267
179.91912764264697,1.183809571802354
179.92912764264696,1.1837332203128275
179.93912764264698,1.1836567259920125
179.94912764264697,1.1835800887082368
179.95912764264696,1.1835033083300905
179.96912764264698,1.1834263847264277
179.97912764264697,1.1833493177663685
179.98912764264696,1.183272107319299
179.99912764264698,1.183194753254873
180.00912764264697,1.183117255443014
180.019127642647,1.183039613753915
180.02912764264698,1.1829618280580407
180.03912764264697,1.1828838982261287
180.049127642647,1.18280582412919
180.05912764264698,1.1827276056385116
180.069127642647,1.1826492426256556
180.079127642647,1.182570734962463
180.089127642647,1.1824920825210525
180.099127642647,1.1824132851738236
180.109127642647,1.1823343427934567
180.119127642647,1.1822552552529149
180.129127642647,1.1821760224254447
180.139127642647,1.1820966441845782
180.149127642647,1.1820171204041328
180.159127642647,1.181937450958214
180.169127642647,1.1818576357212158
180.17912764264702,1.1817776745678217
180.189127642647,1.181697567373007
180.199127642647,1.1816173140120392
180.20912764264702,1.1815369143604781
180.219127642647,1.1814563682941808
180.22912764264703,1.181375675689298
180.23912764264702,1.181294836422279
180.249127642647,1.1812138503698717
180.25912764264703,1.1811327174091228
180.26912764264702,1.181051437417381
180.279127642647,1.1809700102722969
180.28912764264703,1.180888435851824
180.29912764264702,1.1808067140342213
180.309127642647,1.1807248446980536
180.31912764264703,1.180642827722192
180.32912764264702,1.1805606629858179
180.33912764264704,1.1804783503684202
180.34912764264703,1.1803958897498
180.35912764264702,1.18031328101007
180.36912764264704,1.1802305240296564
180.37912764264703,1.1801476186893005
180.38912764264705,1.1800645648700587
180.39912764264704,1.1799813624533053
180.40912764264704,1.179898011320732
180.41912764264706,1.1798145113543501
180.42912764264705,1.179730862436493
180.43912764264704,1.1796470644498147
180.44912764264706,1.1795631172772931
180.45912764264705,1.1794790208022312
180.46912764264704,1.1793947749082567
180.47912764264706,1.1793103794793243
180.48912764264705,1.1792258343997186
180.49912764264707,1.1791411395540514
180.50912764264706,1.1790562948272674
180.51912764264705,1.178971300104642
180.52912764264707,1.1788861552717838
180.53912764264706,1.1788008602146367
180.54912764264708,1.1787154148194794
180.55912764264707,1.1786298189729283
180.56912764264706,1.1785440725619376
180.57912764264708,1.1784581754738006
180.58912764264707,1.1783721275961525
180.59912764264706,1.1782859288169691
180.60912764264708,1.1781995790245703
180.61912764264707,1.1781130781076197
180.62912764264706,1.1780264259551272
180.63912764264708,1.177939622456449
180.64912764264707,1.1778526675012901
180.6591276426471,1.1777655609797044
180.66912764264708,1.1776783027820967
180.67912764264707,1.177590892799224
180.6891276426471,1.177503330922195
180.69912764264708,1.1774156170424748
180.7091276426471,1.1773277510518825
180.7191276426471,1.177239732842595
180.7291276426471,1.177151562307147
180.7391276426471,1.1770632393384322
180.7491276426471,1.1769747638297055
180.7591276426471,1.176886135674583
180.7691276426471,1.1767973547670445
180.7791276426471,1.1767084210014338
180.7891276426471,1.1766193342724605
180.7991276426471,1.1765300944752
180.8091276426471,1.1764407015050975
180.81912764264712,1.176351155257966
180.8291276426471,1.17626145562999
180.8391276426471,1.1761716025177251
180.84912764264712,1.1760815958180997
180.8591276426471,1.1759914354284178
180.86912764264713,1.1759011212463573
180.87912764264712,1.1758106531699741
180.8891276426471,1.1757200310977014
180.89912764264713,1.1756292549283516
180.90912764264712,1.1755383245611182
180.9191276426471,1.175447239895576
180.92912764264713,1.1753560008316817
180.93912764264712,1.1752646072697785
180.9491276426471,1.1751730591105936
180.95912764264713,1.1750813562552402
180.96912764264712,1.174989498605221
180.97912764264714,1.1748974860624266
180.98912764264713,1.1748053185291394
180.99912764264712,1.1747129959080316
181.00912764264714,1.1746205181021692
181.01912764264713,1.1745278850150132
181.02912764264715,1.1744350965504178
181.03912764264714,1.1743421526126363
181.04912764264714,1.174249053106318
181.05912764264716,1.1741557979365116
181.06912764264715,1.1740623870086666
181.07912764264714,1.173968820228634
181.08912764264716,1.1738750975026666
181.09912764264715,1.1737812187374226
181.10912764264714,1.1736871838399647
181.11912764264716,1.1735929927177615
181.12912764264715,1.1734986452786906
181.13912764264717,1.1734041414310377
181.14912764264716,1.173309481083499
181.15912764264715,1.1732146641451817
181.16912764264717,1.1731196905256058
181.17912764264716,1.1730245601347058
181.18912764264718,1.1729292728828304
181.19912764264717,1.1728338286807451
181.20912764264716,1.1727382274396334
181.21912764264718,1.1726424690710961
181.22912764264717,1.1725465534871555
181.23912764264716,1.172450480600255
181.24912764264718,1.1723542503232596
181.25912764264717,1.1722578625694586
181.26912764264716,1.1721613172525667
181.27912764264718,1.172064614286724
181.28912764264717,1.1719677535864979
181.2991276426472,1.1718707350668849
181.30912764264718,1.1717735586433118
181.31912764264717,1.1716762242316354
181.3291276426472,1.171578731748145
181.33912764264718,1.171481081109564
181.3491276426472,1.1713832722330502
181.3591276426472,1.1712853050361973
181.3691276426472,1.1711871794370363
181.3791276426472,1.1710888953540366
181.3891276426472,1.1709904527061072
181.3991276426472,1.1708918514125977
181.4091276426472,1.1707930913932996
181.4191276426472,1.170694172568449
181.4291276426472,1.170595094858725
181.4391276426472,1.1704958581852525
181.4491276426472,1.1703964624696044
181.45912764264722,1.1702969076338008
181.4691276426472,1.1701971936003113
181.4791276426472,1.1700973202920566
181.48912764264722,1.1699972876324083
181.4991276426472,1.1698970955451917
181.50912764264723,1.1697967439546864
181.51912764264722,1.1696962327856264
181.5291276426472,1.1695955619632035
181.53912764264723,1.1694947314130664
181.54912764264722,1.169393741061324
181.5591276426472,1.169292590834544
181.56912764264723,1.1691912806597562
181.57912764264722,1.1690898104644536
181.5891276426472,1.1689881801765922
181.59912764264723,1.1688863897245934
181.60912764264722,1.1687844390373452
181.61912764264724,1.1686823280442025
181.62912764264723,1.168580056674989
181.63912764264722,1.1684776248599988
181.64912764264724,1.1683750325299962
181.65912764264723,1.1682722796162182
181.66912764264725,1.1681693660503756
181.67912764264725,1.1680662917646532
181.68912764264724,1.1679630566917123
181.69912764264726,1.16785966076469
181.70912764264725,1.1677561039172037
181.71912764264724,1.1676523860833485
181.72912764264726,1.1675485071977005
181.73912764264725,1.1674444671953181
181.74912764264724,1.1673402660117427
181.75912764264726,1.1672359035829987
181.76912764264725,1.1671313798455971
181.77912764264727,1.1670266947365353
181.78912764264726,1.1669218481932981
181.79912764264725,1.1668168401538594
181.80912764264727,1.166711670556683
181.81912764264726,1.1666063393407244
181.82912764264728,1.166500846445431
181.83912764264727,1.1663951918107447
181.84912764264726,1.1662893753771013
181.85912764264728,1.1661833970854327
181.86912764264727,1.1660772568771691
181.87912764264726,1.1659709546942378
181.88912764264728,1.1658644904790654
181.89912764264727,1.1657578641745812
181.90912764264726,1.165651075724214
181.91912764264728,1.1655441250718968
181.92912764264727,1.165437012162067
181.9391276426473,1.1653297369396667
181.94912764264728,1.1652222993501453
181.95912764264727,1.165114699339459
181.9691276426473,1.1650069368540736
181.97912764264728,1.1648990118409648
181.9891276426473,1.1647909242476189
181.9991276426473,1.1646826740220357
182.0091276426473,1.1645742611127277
182.0191276426473,1.1644656854687216
182.0291276426473,1.1643569470395612
182.0391276426473,1.1642480457753064
182.0491276426473,1.164138981626535
182.0591276426473,1.1640297545443454
182.0691276426473,1.163920364480355
182.0791276426473,1.163810811386703
182.0891276426473,1.1637010952160527
182.09912764264732,1.163591215921589
182.1091276426473,1.163481173457024
182.1191276426473,1.1633709677765949
182.12912764264732,1.163260598835066
182.1391276426473,1.1631500665877308
182.14912764264733,1.1630393709904112
182.15912764264732,1.1629285119994617
182.1691276426473,1.1628174895717667
182.17912764264733,1.1627063036647447
182.18912764264732,1.1625949542363485
182.1991276426473,1.162483441245065
182.20912764264733,1.1623717646499188
182.21912764264732,1.1622599244104714
182.2291276426473,1.162147920486823
182.23912764264733,1.1620357528396135
182.24912764264732,1.1619234214300238
182.25912764264734,1.1618109262197767
182.26912764264733,1.1616982671711389
182.27912764264732,1.1615854442469198
182.28912764264734,1.1614724574104758
182.29912764264733,1.161359306625709
182.30912764264735,1.1612459918570688
182.31912764264735,1.1611325130695542
182.32912764264734,1.1610188702287139
182.33912764264736,1.1609050633006461
182.34912764264735,1.1607910922520037
182.35912764264734,1.1606769570499904
182.36912764264736,1.160562657662365
182.37912764264735,1.160448194057442
182.38912764264734,1.1603335662040923
182.39912764264736,1.1602187740717436
182.40912764264735,1.1601038176303835
182.41912764264737,1.1599886968505582
182.42912764264736,1.1598734117033758
182.43912764264735,1.1597579621605056
182.44912764264737,1.1596423481941804
182.45912764264736,1.1595265697771968
182.46912764264738,1.1594106268829167
182.47912764264737,1.1592945194852693
182.48912764264736,1.1591782475587495
182.49912764264738,1.1590618110784214
182.50912764264737,1.1589452100199196
182.51912764264736,1.1588284443594483
182.52912764264738,1.1587115140737831
182.53912764264737,1.158594419140274
182.54912764264736,1.1584771595368433
182.55912764264738,1.1583597352419885
182.56912764264737,1.1582421462347843
182.5791276426474,1.1581243924948812
182.58912764264738,1.1580064740025087
182.59912764264737,1.1578883907384745
182.6091276426474,1.1577701426841676
182.61912764264738,1.1576517298215585
182.6291276426474,1.1575331521331984
182.6391276426474,1.1574144096022243
182.6491276426474,1.1572955022123563
182.6591276426474,1.1571764299479
182.6691276426474,1.1570571927937485
182.6791276426474,1.156937790735382
182.6891276426474,1.1568182237588687
182.6991276426474,1.1566984918508685
182.7091276426474,1.1565785949986305
182.7191276426474,1.1564585331899961
182.7291276426474,1.1563383064133999
182.73912764264742,1.15621791465787
182.7491276426474,1.1560973579130298
182.7591276426474,1.1559766361690986
182.76912764264742,1.1558557494168924
182.7791276426474,1.1557346976478262
182.78912764264743,1.1556134808539127
182.79912764264742,1.1554920990277664
182.8091276426474,1.1553705521626014
182.81912764264743,1.1552488402522352
182.82912764264742,1.1551269632910874
182.8391276426474,1.1550049212741829
182.84912764264743,1.1548827141971505
182.85912764264742,1.1547603420562267
182.8691276426474,1.1546378048482544
182.87912764264743,1.1545151025706846
182.88912764264742,1.1543922352215785
182.89912764264744,1.1542692027996062
182.90912764264743,1.1541460053040504
182.91912764264742,1.1540226427348055
182.92912764264744,1.1538991150923787
182.93912764264743,1.1537754223778924
182.94912764264745,1.1536515645930836
182.95912764264745,1.1535275417403061
182.96912764264744,1.1534033538225306
182.97912764264746,1.1532790008433453
182.98912764264745,1.1531544828069595
182.99912764264744,1.153029799718201
183.00912764264746,1.1529049515825192
183.01912764264745,1.1527799384059865
183.02912764264744,1.152654760195297
183.03912764264746,1.15252941695777
183.04912764264745,1.15240390870135
183.05912764264747,1.1522782354346062
183.06912764264746,1.152152397166737
183.07912764264745,1.152026393907567
183.08912764264747,1.1519002256675495
183.09912764264746,1.15177389245777
183.10912764264748,1.1516473942899423
183.11912764264747,1.1515207311764137
183.12912764264746,1.1513939031301637
183.13912764264748,1.151266910164805
183.14912764264747,1.151139752294586
183.15912764264746,1.1510124295343906
183.16912764264748,1.1508849418997378
183.17912764264747,1.1507572894067866
183.18912764264746,1.150629472072332
183.19912764264748,1.1505014899138102
183.20912764264747,1.1503733429492966
183.2191276426475,1.1502450311975083
183.22912764264748,1.1501165546778052
183.23912764264747,1.149987913410189
183.2491276426475,1.1498591074153062
183.25912764264748,1.1497301367144483
183.2691276426475,1.1496010013295523
183.2791276426475,1.149471701283203
183.2891276426475,1.1493422365986317
183.2991276426475,1.1492126072997186
183.3091276426475,1.149082813410994
183.3191276426475,1.1489528549576384
183.3291276426475,1.1488227319654831
183.3391276426475,1.1486924444610125
183.3491276426475,1.1485619924713641
183.3591276426475,1.1484313760243277
183.3691276426475,1.1483005951483511
183.37912764264752,1.1481696498725351
183.3891276426475,1.1480385402266395
183.3991276426475,1.1479072662410799
183.40912764264752,1.147775827946931
183.4191276426475,1.1476442253759278
183.42912764264753,1.1475124585604637
183.43912764264752,1.1473805275335958
183.4491276426475,1.1472484323290406
183.45912764264753,1.1471161729811787
183.46912764264752,1.146983749525055
183.4791276426475,1.1468511619963784
183.48912764264753,1.1467184104315222
183.49912764264752,1.1465854948675283
183.5091276426475,1.1464524153421047
183.51912764264753,1.1463191718936263
183.52912764264752,1.1461857645611389
183.53912764264754,1.1460521933843568
183.54912764264753,1.1459184584036661
183.55912764264752,1.1457845596601228
183.56912764264754,1.1456504971954555
183.57912764264753,1.145516271052068
183.58912764264755,1.1453818812730348
183.59912764264755,1.1452473279021083
183.60912764264754,1.145112610983714
183.61912764264756,1.1449777305629556
183.62912764264755,1.1448426866856134
183.63912764264754,1.1447074793981462
183.64912764264756,1.1445721087476906
183.65912764264755,1.144436574782065
183.66912764264754,1.1443008775497667
183.67912764264756,1.1441650170999742
183.68912764264755,1.1440289934825503
183.69912764264757,1.143892806748038
183.70912764264756,1.1437564569476668
183.71912764264755,1.1436199441333486
183.72912764264757,1.1434832683576819
183.73912764264756,1.1433464296739513
183.74912764264758,1.1432094281361276
183.75912764264757,1.1430722637988708
183.76912764264756,1.1429349367175285
183.77912764264758,1.142797446948137
183.78912764264757,1.1426597945474246
183.79912764264756,1.1425219795728094
183.80912764264758,1.1423840020824003
183.81912764264757,1.142245862135001
183.82912764264756,1.142107559790106
183.83912764264758,1.141969095107905
183.84912764264757,1.1418304681492828
183.8591276426476,1.1416916789758187
183.86912764264758,1.1415527276497892
183.87912764264757,1.1414136142341673
183.8891276426476,1.1412743387926239
183.89912764264758,1.1411349013895287
183.9091276426476,1.1409953020899497
183.9191276426476,1.1408555409596568
183.9291276426476,1.140715618065119
183.9391276426476,1.1405755334735068
183.9491276426476,1.1404352872526944
183.9591276426476,1.1402948794712577
183.9691276426476,1.1401543101984761
183.9791276426476,1.1400135795043347
183.9891276426476,1.1398726874595229
183.9991276426476,1.139731634135435
184.0091276426476,1.1395904196041746
184.01912764264762,1.1394490439385496
184.0291276426476,1.139307507212078
184.0391276426476,1.1391658094989854
184.04912764264762,1.1390239508742068
184.0591276426476,1.138881931413388
184.06912764264763,1.1387397511928852
184.07912764264762,1.1385974102897665
184.0891276426476,1.138454908781811
184.09912764264763,1.1383122467475117
184.10912764264762,1.1381694242660758
184.1191276426476,1.1380264414174233
184.12912764264763,1.1378832982821894
184.13912764264762,1.1377399949417257
184.1491276426476,1.1375965314781
184.15912764264763,1.1374529079740954
184.16912764264762,1.1373091245132152
184.17912764264764,1.1371651811796788
184.18912764264763,1.137021078058426
184.19912764264762,1.1368768152351154
184.20912764264764,1.136732392796125
184.21912764264763,1.1365878108285565
184.22912764264765,1.1364430694202297
184.23912764264765,1.1362981686596896
184.24912764264764,1.136153108636202
184.25912764264766,1.136007889439756
184.26912764264765,1.1358625111610672
184.27912764264764,1.1357169738915736
184.28912764264766,1.1355712777234386
184.29912764264765,1.1354254227495537
184.30912764264764,1.1352794090635345
184.31912764264766,1.135133236759725
184.32912764264765,1.1349869059331976
184.33912764264767,1.1348404166797517
184.34912764264766,1.1346937690959173
184.35912764264765,1.134546963278953
184.36912764264767,1.1343999993268474
184.37912764264766,1.1342528773383211
184.38912764264768,1.1341055974128256
184.39912764264767,1.1339581596505446
184.40912764264766,1.1338105641523941
184.41912764264768,1.1336628110200229
184.42912764264767,1.1335149003558151
184.43912764264766,1.133366832262888
184.44912764264768,1.1332186068450936
184.45912764264767,1.1330702242070207
184.46912764264766,1.1329216844539933
184.47912764264768,1.1327729876920718
184.48912764264767,1.1326241340280547
184.4991276426477,1.1324751235694777
184.50912764264768,1.132325956424615
184.51912764264767,1.13217663270248
184.5291276426477,1.1320271525128243
184.53912764264768,1.1318775159661416
184.5491276426477,1.1317277231736638
184.5591276426477,1.131577774247366
184.5691276426477,1.1314276692999634
184.5791276426477,1.1312774084449133
184.5891276426477,1.1311269917964173
184.5991276426477,1.1309764194694183
184.6091276426477,1.1308256915796036
184.6191276426477,1.1306748082434053
184.6291276426477,1.1305237695779995
184.6391276426477,1.1303725757013074
184.6491276426477,1.130221226731997
184.65912764264772,1.1300697227894811
184.6691276426477,1.1299180639939208
184.6791276426477,1.1297662504662238
184.68912764264772,1.1296142823280442
184.6991276426477,1.1294621597017869
184.70912764264773,1.1293098827106034
184.71912764264772,1.1291574514783957
184.7291276426477,1.129004866129815
184.73912764264773,1.128852126790262
184.74912764264772,1.1286992335858896
184.7591276426477,1.1285461866436006
184.76912764264773,1.1283929860910489
184.77912764264772,1.1282396320566423
184.7891276426477,1.1280861246695395
184.79912764264773,1.127932464059652
184.80912764264772,1.1277786503576468
184.81912764264774,1.1276246836949415
184.82912764264773,1.1274705642037113
184.83912764264772,1.127316292016884
184.84912764264774,1.1271618672681425
184.85912764264774,1.127007290091927
184.86912764264775,1.1268525606234314
184.87912764264775,1.1266976789986085
184.88912764264774,1.1265426453541665
184.89912764264776,1.1263874598275705
184.90912764264775,1.1262321225570446
184.91912764264774,1.1260766336815702
184.92912764264776,1.1259209933408871
184.93912764264775,1.125765201675495
184.94912764264774,1.125609258826652
184.95912764264776,1.1254531649363757
184.96912764264775,1.1252969201474452
184.97912764264777,1.1251405246033983
184.98912764264776,1.1249839784485354
184.99912764264775,1.1248272818279172
185.00912764264777,1.124670434887366
185.01912764264776,1.124513437773467
185.02912764264778,1.1243562906335658
185.03912764264777,1.124198993615774
185.04912764264776,1.1240415468689635
185.05912764264778,1.1238839505427705
185.06912764264777,1.123726204787596
185.07912764264776,1.1235683097546043
185.08912764264778,1.1234102655957234
185.09912764264777,1.1232520724636488
185.10912764264776,1.1230937305118387
185.11912764264778,1.1229352398945176
185.12912764264777,1.1227766007666768
185.1391276426478,1.1226178132840727
185.14912764264778,1.1224588776032292
185.15912764264777,1.1222997938814367
185.1691276426478,1.122140562276752
185.17912764264779,1.121981182948001
185.1891276426478,1.121821656054776
185.1991276426478,1.1216619817574391
185.2091276426478,1.1215021602171187
185.2191276426478,1.1213421915957136
185.2291276426478,1.1211820760558913
185.2391276426478,1.121021813761088
185.2491276426478,1.1208614048755101
185.2591276426478,1.1207008495641342
185.2691276426478,1.1205401479927064
185.2791276426478,1.1203793003277436
185.2891276426478,1.1202183067365337
185.29912764264782,1.120057167387135
185.3091276426478,1.1198958824483776
185.3191276426478,1.1197344520898633
185.32912764264782,1.1195728764819646
185.3391276426478,1.1194111557958277
185.34912764264783,1.1192492902033695
185.35912764264782,1.119087279877281
185.3691276426478,1.1189251249910248
185.37912764264783,1.1187628257188365
185.38912764264782,1.1186003822357264
185.3991276426478,1.118437794717477
185.40912764264783,1.1182750633406442
185.41912764264782,1.118112188282559
185.4291276426478,1.1179491697213266
185.43912764264783,1.1177860078358253
185.44912764264782,1.117622702805709
185.45912764264784,1.1174592548114062
185.46912764264783,1.1172956640341207
185.47912764264782,1.1171319306558314
185.48912764264784,1.1169680548592915
185.49912764264784,1.1168040368280319
185.50912764264785,1.1166398767463572
185.51912764264785,1.1164755747993496
185.52912764264784,1.1163111311728666
185.53912764264786,1.1161465460535416
185.54912764264785,1.1159818196287863
185.55912764264784,1.1158169520867873
185.56912764264786,1.115651943616508
185.57912764264785,1.1154867944076907
185.58912764264784,1.115321504650853
185.59912764264786,1.1151560745372897
185.60912764264785,1.114990504259075
185.61912764264787,1.1148247940090588
185.62912764264786,1.1146589439808698
185.63912764264785,1.1144929543689142
185.64912764264787,1.1143268253683756
185.65912764264786,1.114160557175217
185.66912764264788,1.1139941499861785
185.67912764264787,1.1138276039987802
185.68912764264786,1.1136609194113187
185.69912764264788,1.1134940964228703
185.70912764264787,1.1133271352332903
185.71912764264786,1.1131600360432121
185.72912764264788,1.1129927990540482
185.73912764264787,1.112825424467991
185.74912764264786,1.1126579124880107
185.75912764264788,1.1124902633178573
185.76912764264787,1.1123224771620608
185.7791276426479,1.112154554225929
185.78912764264788,1.111986494715551
185.79912764264787,1.1118182988377943
185.8091276426479,1.1116499668003053
185.81912764264789,1.1114814988115123
185.8291276426479,1.111312895080621
185.8391276426479,1.1111441558176187
185.8491276426479,1.110975281233271
185.8591276426479,1.110806271539124
185.8691276426479,1.1106371269475046
185.8791276426479,1.1104678476715184
185.8891276426479,1.110298433925051
185.8991276426479,1.1101288859227696
185.9091276426479,1.1099592038801194
185.9191276426479,1.1097893880133265
185.9291276426479,1.1096194385393983
185.93912764264792,1.1094493556761198
185.9491276426479,1.1092791396420592
185.9591276426479,1.109108790656562
185.96912764264792,1.108938308939755
185.9791276426479,1.1087676947125464
185.98912764264793,1.1085969481966216
185.99912764264792,1.1084260696144492
186.0091276426479,1.1082550591892764
186.01912764264793,1.1080839171451295
186.02912764264792,1.1079126437068172
186.0391276426479,1.1077412390999264
186.04912764264793,1.1075697035508245
186.05912764264792,1.1073980372866596
186.0691276426479,1.1072262405353588
186.07912764264793,1.1070543135256288
186.08912764264792,1.106882256486958
186.09912764264794,1.1067100696496124
186.10912764264793,1.1065377532446392
186.11912764264792,1.106365307503865
186.12912764264794,1.1061927326598946
186.13912764264794,1.1060200289461148
186.14912764264795,1.10584719659669
186.15912764264795,1.1056742358465648
186.16912764264794,1.1055011469314633
186.17912764264796,1.105327930087887
186.18912764264795,1.1051545855531202
186.19912764264794,1.104981113565222
186.20912764264796,1.1048075143630336
186.21912764264795,1.1046337881861739
186.22912764264794,1.1044599352750402
186.23912764264796,1.1042859558708085
186.24912764264795,1.1041118502154343
186.25912764264797,1.1039376185516503
186.26912764264796,1.1037632611229686
186.27912764264795,1.1035887781736786
186.28912764264797,1.1034141699488471
186.29912764264796,1.103239436694321
186.30912764264798,1.1030645786567224
186.31912764264797,1.102889596083453
186.32912764264796,1.1027144892226908
186.33912764264798,1.1025392583233906
186.34912764264797,1.1023639036352866
186.35912764264796,1.1021884254088874
186.36912764264798,1.1020128238954792
186.37912764264797,1.1018370993471263
186.38912764264796,1.1016612520166673
186.39912764264798,1.101485282157718
186.40912764264797,1.1013091900246712
186.419127642648,1.1011329758726938
186.42912764264798,1.10095663995773
186.43912764264797,1.1007801825364987
186.449127642648,1.1006036038664937
186.45912764264799,1.1004269042059858
186.469127642648,1.100250083814018
186.479127642648,1.10007314295041
186.489127642648,1.099896081875756
186.499127642648,1.099718900851422
186.509127642648,1.099541600139552
186.519127642648,1.0993641800030602
186.529127642648,1.0991866407056357
186.539127642648,1.0990089825117417
186.549127642648,1.0988312056866136
186.559127642648,1.0986533104962588
186.569127642648,1.0984752972074596
186.57912764264802,1.0982971660877678
186.589127642648,1.0981189174055102
186.599127642648,1.0979405514297829
186.60912764264802,1.0977620684304539
186.619127642648,1.0975834686781643
186.62912764264803,1.0974047524443236
186.63912764264802,1.097225920001114
186.649127642648,1.0970469716214872
186.65912764264803,1.096867907579164
186.66912764264802,1.0966887281486377
186.679127642648,1.0965094336051682
186.68912764264803,1.096330024224786
186.69912764264802,1.0961505002842906
186.709127642648,1.0959708620612494
186.71912764264803,1.095791109833998
186.72912764264802,1.095611243881641
186.73912764264804,1.0954312644840491
186.74912764264803,1.0952511719218618
186.75912764264802,1.0950709664764842
186.76912764264804,1.0948906484300878
186.77912764264804,1.094710218065612
186.78912764264805,1.0945296756667602
186.79912764264805,1.094349021518003
186.80912764264804,1.0941682559045744
186.81912764264806,1.0939873791124741
186.82912764264805,1.093806391428467
186.83912764264804,1.0936252931400805
186.84912764264806,1.0934440845356062
186.85912764264805,1.0932627659040999
186.86912764264804,1.093081337535379
186.87912764264806,1.0928997997200236
186.88912764264805,1.0927181527493772
186.89912764264807,1.0925363969155433
186.90912764264806,1.0923545325113881
186.91912764264805,1.0921725598305376
186.92912764264807,1.0919904791673787
186.93912764264806,1.0918082908170585
186.94912764264808,1.0916259950754834
186.95912764264807,1.0914435922393195
186.96912764264806,1.0912610826059914
186.97912764264808,1.0910784664736815
186.98912764264807,1.0908957441413312
186.99912764264806,1.0907129159086386
187.00912764264808,1.0905299820760583
187.01912764264807,1.0903469429448032
187.02912764264806,1.0901637988168404
187.03912764264808,1.0899805499948931
187.04912764264807,1.0897971967824405
187.0591276426481,1.0896137394837155
187.06912764264808,1.0894301784037062
187.07912764264807,1.0892465138481529
187.0891276426481,1.08906274612355
187.09912764264809,1.0888788755371457
187.1091276426481,1.0886949023969377
187.1191276426481,1.0885108270116788
187.1291276426481,1.0883266496908701
187.1391276426481,1.0881423707447644
187.1491276426481,1.0879579904843661
187.1591276426481,1.0877735092214271
187.1691276426481,1.0875889272684494
187.1791276426481,1.0874042449386838
187.1891276426481,1.0872194625461296
187.1991276426481,1.0870345804055317
187.2091276426481,1.0868495988323845
187.21912764264812,1.0866645181429269
187.2291276426481,1.0864793386541454
187.2391276426481,1.0862940606837703
187.24912764264812,1.086108684550277
187.2591276426481,1.0859232105728862
187.26912764264813,1.0857376390715607
187.27912764264812,1.085551970367008
187.2891276426481,1.0853662047806767
187.29912764264813,1.085180342634757
187.30912764264812,1.0849943842521828
187.3191276426481,1.0848083299566262
187.32912764264813,1.0846221800724998
187.33912764264812,1.0844359349249573
187.3491276426481,1.0842495948398898
187.35912764264813,1.0840631601439266
187.36912764264812,1.0838766311644357
187.37912764264814,1.083690008229521
187.38912764264813,1.0835032916680245
187.39912764264812,1.0833164818095222
187.40912764264814,1.0831295789843252
187.41912764264814,1.082942583523481
187.42912764264815,1.0827554957587686
187.43912764264815,1.0825683160227026
187.44912764264814,1.0823810446485282
187.45912764264816,1.0821936819702225
187.46912764264815,1.0820062283224958
187.47912764264814,1.0818186840407864
187.48912764264816,1.0816310494612638
187.49912764264815,1.0814433249208275
187.50912764264814,1.0812555107571034
187.51912764264816,1.0810676073084464
187.52912764264815,1.080879614913939
187.53912764264817,1.080691533913389
187.54912764264816,1.0805033646473308
187.55912764264815,1.0803151074570232
187.56912764264817,1.080126762684449
187.57912764264816,1.0799383306723158
187.58912764264818,1.0797498117640525
187.59912764264817,1.0795612063038118
187.60912764264816,1.0793725146364663
187.61912764264818,1.079183737107609
187.62912764264817,1.0789948740635549
187.63912764264816,1.0788059258513358
187.64912764264818,1.0786168928187025
187.65912764264817,1.078427775314125
187.66912764264816,1.078238573686788
187.67912764264818,1.0780492882865929
187.68912764264817,1.0778599194641576
187.6991276426482,1.0776704675708124
187.70912764264818,1.0774809329586041
187.71912764264817,1.07729131598029
187.7291276426482,1.0771016169893401
187.73912764264819,1.0769118363399373
187.7491276426482,1.076721974386973
187.7591276426482,1.0765320314860498
187.7691276426482,1.076342007993479
187.7791276426482,1.0761519042662786
187.7891276426482,1.0759617206621763
187.7991276426482,1.0757714575396047
187.8091276426482,1.075581115257702
187.8191276426482,1.075390694176312
187.8291276426482,1.0752001946559826
187.8391276426482,1.075009617057963
187.8491276426482,1.074818961744207
187.85912764264822,1.0746282290773683
187.8691276426482,1.074437419420802
187.8791276426482,1.0742465331385624
187.88912764264822,1.074055570595402
187.8991276426482,1.0738645321567732
187.90912764264823,1.0736734181888228
187.91912764264822,1.0734822290583967
187.9291276426482,1.0732909651330336
187.93912764264823,1.0730996267809667
187.94912764264822,1.0729082143711248
187.9591276426482,1.0727167282731276
187.96912764264823,1.0725251688572859
187.97912764264822,1.0723335364946032
187.9891276426482,1.072141831556771
187.99912764264823,1.07195005441617
188.00912764264822,1.0717582054458703
188.01912764264824,1.0715662850196268
188.02912764264823,1.0713742935118824
188.03912764264822,1.0711822312977641
188.04912764264824,1.0709900987530825
188.05912764264824,1.0707978962543332
188.06912764264825,1.0706056241786919
188.07912764264825,1.070413282904018
188.08912764264824,1.0702208728088494
188.09912764264826,1.0700283942724025
188.10912764264825,1.069835847674575
188.11912764264824,1.0696432333959398
188.12912764264826,1.0694505518177455
188.13912764264825,1.0692578033219189
188.14912764264824,1.0690649882910588
188.15912764264826,1.0688721071084368
188.16912764264825,1.0686791601580001
188.17912764264827,1.068486147824363
188.18912764264826,1.068293070492814
188.19912764264825,1.068099928549308
188.20912764264827,1.067906722380469
188.21912764264826,1.0677134523735894
188.22912764264828,1.0675201189166252
188.23912764264827,1.0673267223982004
188.24912764264826,1.0671332632076007
188.25912764264828,1.0669397417347757
188.26912764264827,1.0667461583703375
188.27912764264826,1.0665525135055578
188.28912764264828,1.0663588075323678
188.29912764264827,1.06616504084336
188.30912764264826,1.0659712138317816
188.31912764264828,1.065777326891537
188.32912764264827,1.0655833804171875
188.3391276426483,1.0653893748039465
188.34912764264828,1.0651953104476823
188.35912764264828,1.0650011877449146
188.3691276426483,1.064807007092813
188.37912764264829,1.0646127688891998
188.3891276426483,1.0644184735325424
188.3991276426483,1.0642241214219585
188.4091276426483,1.0640297129572116
188.4191276426483,1.0638352485387088
188.4291276426483,1.0636407285675042
188.4391276426483,1.0634461534452926
188.4491276426483,1.0632515235744109
188.4591276426483,1.0630568393578381
188.4691276426483,1.0628621011991917
188.4791276426483,1.062667309502726
188.4891276426483,1.0624724646733357
188.49912764264832,1.0622775671165485
188.5091276426483,1.062082617238529
188.5191276426483,1.0618876154460737
188.52912764264832,1.0616925621466116
188.5391276426483,1.0614974577482044
188.54912764264833,1.0613023026595416
188.55912764264832,1.0611070972899435
188.5691276426483,1.0609118420493564
188.57912764264833,1.0607165373483525
188.58912764264832,1.0605211835981307
188.5991276426483,1.060325781210513
188.60912764264833,1.0601303305979417
188.61912764264832,1.0599348321734847
188.6291276426483,1.0597392863508266
188.63912764264833,1.059543693544271
188.64912764264832,1.0593480541687406
188.65912764264834,1.059152368639773
188.66912764264833,1.0589566373735215
188.67912764264833,1.0587608607867527
188.68912764264834,1.0585650392968446
188.69912764264834,1.0583691733217886
188.70912764264835,1.0581732632801832
188.71912764264835,1.057977309591238
188.72912764264834,1.0577813126747675
188.73912764264836,1.0575852729511928
188.74912764264835,1.05738919084154
188.75912764264834,1.0571930667674385
188.76912764264836,1.0569969011511182
188.77912764264835,1.0568006944154114
188.78912764264834,1.0566044469837477
188.79912764264836,1.0564081592801557
188.80912764264835,1.0562118317292604
188.81912764264837,1.0560154647562812
188.82912764264836,1.0558190587870329
188.83912764264835,1.0556226142479206
188.84912764264837,1.0554261315659408
188.85912764264836,1.0552296111686816
188.86912764264838,1.0550330534843162
188.87912764264837,1.054836458941608
188.88912764264836,1.0546398279699032
188.89912764264838,1.0544431609991325
188.90912764264837,1.0542464584598108
188.91912764264836,1.0540497207830326
188.92912764264838,1.0538529484004717
188.93912764264837,1.0536561417443833
188.94912764264836,1.053459301247596
188.95912764264838,1.0532624273435152
188.96912764264837,1.0530655204661215
188.9791276426484,1.052868581049966
188.98912764264838,1.0526716095301736
188.99912764264838,1.0524746063424364
189.0091276426484,1.0522775719230149
189.01912764264839,1.0520805067087384
189.0291276426484,1.0518834111369995
189.0391276426484,1.0516862856457556
189.0491276426484,1.0514891306735266
189.0591276426484,1.0512919466593909
189.0691276426484,1.05109473404299
189.0791276426484,1.05089749326452
189.0891276426484,1.0507002247647348
189.0991276426484,1.050502928984943
189.1091276426484,1.0503056063670067
189.1191276426484,1.0501082573533376
189.1291276426484,1.049910882386901
189.13912764264842,1.0497134819112082
189.1491276426484,1.0495160563703192
189.1591276426484,1.0493186062088382
189.16912764264842,1.0491211318719145
189.1791276426484,1.0489236338052397
189.18912764264843,1.0487261124550453
189.19912764264842,1.0485285682681038
189.2091276426484,1.0483310016917244
189.21912764264843,1.0481334131737516
189.22912764264842,1.0479358031625665
189.2391276426484,1.0477381721070818
189.24912764264843,1.0475405204567407
189.25912764264842,1.0473428486615188
189.2691276426484,1.047145157171918
189.27912764264843,1.046947446438966
189.28912764264842,1.046749716914218
189.29912764264844,1.0465519690497493
189.30912764264843,1.04635420329816
189.31912764264843,1.046156420112568
189.32912764264844,1.0459586199466095
189.33912764264844,1.0457608032544392
189.34912764264845,1.0455629704907246
189.35912764264845,1.0453651221106488
189.36912764264844,1.045167258569905
189.37912764264846,1.0449693803246964
189.38912764264845,1.0447714878317358
189.39912764264844,1.0445735815482418
189.40912764264846,1.0443756619319375
189.41912764264845,1.0441777294410504
189.42912764264844,1.0439797845343086
189.43912764264846,1.04378182767094
189.44912764264845,1.0435838593106725
189.45912764264847,1.0433858799137272
189.46912764264846,1.0431878899408231
189.47912764264845,1.04298988985317
189.48912764264847,1.0427918801124691
189.49912764264846,1.0425938611809125
189.50912764264848,1.0423958335211778
189.51912764264847,1.0421977975964316
189.52912764264846,1.0419997538703214
189.53912764264848,1.0418017028069786
189.54912764264847,1.041603644871016
189.55912764264846,1.0414055805275242
189.56912764264848,1.0412075102420704
189.57912764264847,1.0410094344806993
189.58912764264846,1.0408113537099266
189.59912764264848,1.0406132683967404
189.60912764264847,1.0404151790085998
189.6191276426485,1.0402170860134305
189.62912764264848,1.0400189898796255
189.63912764264848,1.0398208910760418
189.6491276426485,1.0396227900719976
189.65912764264849,1.0394246873372752
189.6691276426485,1.0392265833421117
189.6791276426485,1.0390284785572048
189.6891276426485,1.038830373453705
189.6991276426485,1.0386322685032163
189.7091276426485,1.038434164177796
189.7191276426485,1.0382360609499495
189.7291276426485,1.038037959292629
189.7391276426485,1.0378398596792346
189.7491276426485,1.0376417625836092
189.7591276426485,1.0374436684800368
189.7691276426485,1.0372455778432434
189.77912764264852,1.0370474911483918
189.7891276426485,1.0368494088710818
189.7991276426485,1.0366513314873471
189.80912764264852,1.0364532594736535
189.8191276426485,1.0362551933068984
189.82912764264853,1.0360571334644064
189.83912764264852,1.03585908042393
189.8491276426485,1.0356610346636455
189.85912764264853,1.0354629966621511
189.86912764264852,1.0352649668984681
189.8791276426485,1.0350669458520345
189.88912764264853,1.0348689340027049
189.89912764264852,1.0346709318307505
189.9091276426485,1.0344729398168537
189.91912764264853,1.0342749584421078
189.92912764264852,1.034076988188016
189.93912764264854,1.033879029536487
189.94912764264853,1.033681082969836
189.95912764264853,1.0334831489707783
189.96912764264854,1.0332852280224318
189.97912764264854,1.0330873206083133
189.98912764264855,1.0328894272123348
189.99912764264855,1.0326915483188048
190.00912764264854,1.0324936844124226
190.01912764264856,1.0322958359782786
190.02912764264855,1.0320980035018523
190.03912764264854,1.0319001874690088
190.04912764264856,1.0317023883659973
190.05912764264855,1.0315046066794507
190.06912764264854,1.0313068428963803
190.07912764264856,1.0311090975041755
190.08912764264855,1.0309113709906037
190.09912764264857,1.0307136638438033
190.10912764264856,1.030515976552287
190.11912764264855,1.0303183096049358
190.12912764264857,1.0301206634909974
190.13912764264856,1.029923038700087
190.14912764264858,1.0297254357221808
190.15912764264857,1.0295278550476181
190.16912764264856,1.029330297167096
190.17912764264858,1.029132762571667
190.18912764264857,1.028935251752742
190.19912764264856,1.0287377652020808
190.20912764264858,1.0285403034117948
190.21912764264857,1.0283428668743442
190.22912764264856,1.0281454560825338
190.23912764264858,1.0279480715295124
190.24912764264857,1.0277507137087722
190.2591276426486,1.0275533831141415
190.26912764264858,1.027356080239789
190.27912764264858,1.027158805580216
190.2891276426486,1.026961559630257
190.29912764264859,1.0267643428850781
190.3091276426486,1.0265671558401717
190.3191276426486,1.0263699989913586
190.3291276426486,1.0261728728347814
190.3391276426486,1.0259757778669039
190.3491276426486,1.0257787145845116
190.3591276426486,1.025581683484705
190.3691276426486,1.0253846850648984
190.3791276426486,1.025187719822822
190.3891276426486,1.0249907882565132
190.3991276426486,1.024793890864317
190.4091276426486,1.024597028144887
190.41912764264862,1.0244002005971764
190.4291276426486,1.0242034087204426
190.4391276426486,1.0240066530142389
190.44912764264862,1.0238099339784166
190.4591276426486,1.023613252113121
190.46912764264863,1.0234166079187879
190.47912764264862,1.0232200018961437
190.4891276426486,1.0230234345462015
190.49912764264863,1.022826906370258
190.50912764264862,1.022630417869894
190.5191276426486,1.0224339695469686
190.52912764264863,1.0222375619036188
190.53912764264862,1.022041195442258
190.5491276426486,1.021844870665571
190.55912764264863,1.021648588076513
190.56912764264862,1.0214523481783084
190.57912764264864,1.021256151474446
190.58912764264863,1.0210599984686792
190.59912764264863,1.0208638896650208
190.60912764264864,1.0206678255677422
190.61912764264864,1.0204718066813718
190.62912764264865,1.02027583351069
190.63912764264865,1.0200799065607304
190.64912764264864,1.0198840263367732
190.65912764264866,1.0196881933443456
190.66912764264865,1.019492408089219
190.67912764264864,1.0192966710774056
190.68912764264866,1.0191009828151556
190.69912764264865,1.018905343808958
190.70912764264864,1.018709754565533
190.71912764264866,1.0185142155918332
190.72912764264865,1.0183187273950414
190.73912764264867,1.0181232904825643
190.74912764264866,1.0179279053620354
190.75912764264865,1.0177325725413067
190.76912764264867,1.0175372925284505
190.77912764264866,1.0173420658317562
190.78912764264868,1.0171468929597252
190.79912764264867,1.0169517744210723
190.80912764264866,1.016756710724719
190.81912764264868,1.016561702379794
190.82912764264867,1.01636674989563
190.83912764264866,1.0161718537817603
190.84912764264868,1.0159770145479161
190.85912764264867,1.0157822327040265
190.86912764264866,1.015587508760212
190.87912764264868,1.0153928432267838
190.88912764264867,1.0151982366142438
190.8991276426487,1.0150036894332763
190.90912764264868,1.0148092021947517
190.91912764264868,1.0146147754097181
190.9291276426487,1.0144204095894025
190.93912764264869,1.0142261052452077
190.9491276426487,1.0140318628887082
190.9591276426487,1.0138376830316485
190.9691276426487,1.013643566185941
190.9791276426487,1.0134495128636614
190.9891276426487,1.013255523577049
190.9991276426487,1.0130615988385014
191.0091276426487,1.0128677391605725
191.0191276426487,1.0126739450559719
191.0291276426487,1.0124802170375586
191.0391276426487,1.0122865556183405
191.0491276426487,1.0120929613114735
191.05912764264872,1.0118994346302537
191.0691276426487,1.0117059760881202
191.0791276426487,1.0115125861986487
191.08912764264872,1.0113192654755498
191.0991276426487,1.011126014432668
191.10912764264873,1.0109328335839758
191.11912764264872,1.010739723443574
191.1291276426487,1.0105466845256867
191.13912764264873,1.0103537173446593
191.14912764264872,1.0101608224149576
191.1591276426487,1.0099680002511615
191.16912764264873,1.0097752513679645
191.17912764264872,1.0095825762801718
191.1891276426487,1.009389975502695
191.19912764264873,1.0091974495505507
191.20912764264872,1.0090049989388585
191.21912764264874,1.0088126241828361
191.22912764264873,1.0086203257977995
191.23912764264873,1.0084281042991565
191.24912764264874,1.0082359602024062
191.25912764264874,1.008043894023138
191.26912764264875,1.007851906277023
191.27912764264875,1.0076599974798182
191.28912764264874,1.007468168147358
191.29912764264876,1.0072764187955539
191.30912764264875,1.0070847499403928
191.31912764264874,1.0068931620979311
191.32912764264876,1.0067016557842938
191.33912764264875,1.0065102315156722
191.34912764264874,1.0063188898083193
191.35912764264876,1.006127631178547
191.36912764264875,1.0059364561427262
191.37912764264877,1.0057453652172792
191.38912764264876,1.0055543589186815
191.39912764264875,1.0053634377634553
191.40912764264877,1.005172602268168
191.41912764264876,1.0049818529494303
191.42912764264878,1.0047911903238909
191.43912764264877,1.004600614908237
191.44912764264876,1.0044101272191868
191.45912764264878,1.0042197277734903
191.46912764264877,1.0040294170879265
191.47912764264876,1.0038391956792967
191.48912764264878,1.0036490640644251
191.49912764264877,1.0034590227601554
191.50912764264876,1.0032690722833462
191.51912764264878,1.0030792131508686
191.52912764264877,1.002889445879605
191.5391276426488,1.0026997709864436
191.54912764264878,1.0025101889882775
191.55912764264878,1.002320700402
191.5691276426488,1.002131305744502
191.57912764264879,1.001942005532671
191.5891276426488,1.0017528002833844
191.5991276426488,1.0015636905135104
191.6091276426488,1.001374676739902
191.6191276426488,1.0011857594793951
191.6291276426488,1.0009969392488065
191.6391276426488,1.0008082165649288
191.6491276426488,1.000619591944528
191.6591276426488,1.000431065904343
191.6691276426488,1.0002426389610781
191.6791276426488,1.000054311631403
191.6891276426488,0.9998660844319498
191.69912764264882,0.9996779578793077
191.7091276426488,0.999489932490023
191.7191276426488,0.999302008780593
191.72912764264882,0.9991141872674643
191.7391276426488,0.9989264684670309
191.74912764264883,0.9987388528956281
191.75912764264882,0.9985513410695335
191.7691276426488,0.9983639335049594
191.77912764264883,0.9981766307180525
191.78912764264882,0.9979894332248912
191.7991276426488,0.9978023415414803
191.80912764264883,0.9976153561837484
191.81912764264882,0.9974284776675477
191.8291276426488,0.9972417065086463
191.83912764264883,0.9970550432227276
191.84912764264882,0.9968684883253884
191.85912764264884,0.9966820423321316
191.86912764264883,0.9964957057583687
191.87912764264883,0.9963094791194108
191.88912764264884,0.9961233629304688
191.89912764264884,0.9959373577066513
191.90912764264885,0.995751463962957
191.91912764264885,0.9955656822142769
191.92912764264884,0.9953800129753866
191.93912764264886,0.9951944567609448
191.94912764264885,0.995009014085492
191.95912764264884,0.994823685463444
191.96912764264886,0.9946384714090898
191.97912764264885,0.9944533724365906
191.98912764264884,0.9942683890599733
191.99912764264886,0.9940835217931285
192.00912764264885,0.993898771149809
192.01912764264887,0.9937141376436232
192.02912764264886,0.9935296217880355
192.03912764264885,0.9933452240963598
192.04912764264887,0.993160945081758
192.05912764264886,0.9929767852572374
192.06912764264888,0.9927927451356446
192.07912764264887,0.9926088252296662
192.08912764264886,0.9924250260518221
192.09912764264888,0.9922413481144632
192.10912764264887,0.99205779192977
192.11912764264886,0.991874358009746
192.12912764264888,0.9916910468662169
192.13912764264887,0.9915078590108274
192.14912764264886,0.9913247949550357
192.15912764264888,0.9911418552101114
192.16912764264887,0.9909590402871343
192.1791276426489,0.9907763506969867
192.18912764264888,0.9905937869503543
192.19912764264888,0.9904113495577198
192.2091276426489,0.990229039029361
192.21912764264889,0.9900468558753482
192.2291276426489,0.9898648006055385
192.2391276426489,0.9896828737295755
192.2491276426489,0.989501075756883
192.2591276426489,0.9893194071966627
192.2691276426489,0.9891378685578928
192.2791276426489,0.9889564603493214
192.2891276426489,0.9887751830794645
192.2991276426489,0.9885940372566044
192.3091276426489,0.9884130233887833
192.3191276426489,0.988232141983801
192.3291276426489,0.9880513935492136
192.33912764264892,0.9878707785923257
192.3491276426489,0.9876902976201927
192.3591276426489,0.9875099511396115
192.36912764264892,0.987329739657121
192.3791276426489,0.9871496636789984
192.38912764264893,0.9869697237112532
192.39912764264892,0.9867899202596276
192.4091276426489,0.9866102538295892
192.41912764264893,0.9864307249263297
192.42912764264892,0.9862513340547622
192.4391276426489,0.9860720817195159
192.44912764264893,0.9858929684249326
192.45912764264892,0.9857139946750663
192.4691276426489,0.9855351609736757
192.47912764264893,0.9853564678242226
192.48912764264892,0.9851779157298701
192.49912764264894,0.984999505193475
192.50912764264893,0.9848212367175895
192.51912764264893,0.9846431108044528
192.52912764264894,0.9844651279559901
192.53912764264894,0.9842872886738104
192.54912764264895,0.9841095934591997
192.55912764264895,0.9839320428131206
192.56912764264894,0.9837546372362066
192.57912764264896,0.983577377228759
192.58912764264895,0.983400263290746
192.59912764264894,0.9832232959217946
192.60912764264896,0.9830464756211905
192.61912764264895,0.9828698028878745
192.62912764264894,0.982693278220437
192.63912764264896,0.9825169021171152
192.64912764264895,0.9823406750757918
192.65912764264897,0.9821645975939873
192.66912764264896,0.9819886701688613
192.67912764264895,0.9818128932972046
192.68912764264897,0.9816372674754373
192.69912764264896,0.9814617931996074
192.70912764264898,0.981286470965383
192.71912764264897,0.9811113012680536
192.72912764264896,0.9809362846025216
192.73912764264898,0.9807614214633019
192.74912764264897,0.9805867123445189
192.75912764264896,0.9804121577398999
192.76912764264898,0.9802377581427735
192.77912764264897,0.980063514046067
192.78912764264896,0.9798894259423003
192.79912764264898,0.9797154943235836
192.80912764264897,0.9795417196816154
192.819127642649,0.9793681025076749
192.82912764264898,0.9791946432926235
192.83912764264898,0.9790213425268965
192.849127642649,0.9788482007005017
192.85912764264899,0.9786752183030173
192.869127642649,0.9785023958235846
192.879127642649,0.978329733750908
192.889127642649,0.9781572325732493
192.899127642649,0.9779848927784234
192.909127642649,0.9778127148537984
192.919127642649,0.9776406992862873
192.929127642649,0.9774688465623469
192.939127642649,0.9772971571679754
192.949127642649,0.9771256315887051
192.959127642649,0.9769542703096017
192.969127642649,0.9767830738152607
192.97912764264902,0.976612042589801
192.989127642649,0.9764411771168655
192.999127642649,0.9762704778796132
193.00912764264902,0.9760999453607174
193.019127642649,0.975929580042364
193.02912764264903,0.9757593824062436
193.03912764264902,0.9755893529335524
193.049127642649,0.9754194921049848
193.05912764264903,0.9752498004007308
193.06912764264902,0.9750802783004755
193.079127642649,0.9749109262833899
193.08912764264903,0.974741744828131
193.09912764264902,0.9745727344128381
193.109127642649,0.9744038955151272
193.11912764264903,0.9742352286120883
193.12912764264902,0.974066734180283
193.13912764264904,0.9738984126957378
193.14912764264903,0.9737302646339441
193.15912764264903,0.9735622904698515
193.16912764264904,0.9733944906778647
193.17912764264904,0.9732268657318421
193.18912764264905,0.9730594161050888
193.19912764264905,0.9728921422703558
193.20912764264904,0.9727250446998337
193.21912764264906,0.9725581238651505
193.22912764264905,0.9723913802373689
193.23912764264904,0.97222481428698
193.24912764264906,0.9720584264839012
193.25912764264905,0.9718922172974732
193.26912764264904,0.9717261871964545
193.27912764264906,0.9715603366490182
193.28912764264905,0.9713946661227499
193.29912764264907,0.9712291760846415
193.30912764264906,0.97106386700109
193.31912764264905,0.9708987393378913
193.32912764264907,0.9707337935602376
193.33912764264906,0.9705690301327151
193.34912764264908,0.9704044495192975
193.35912764264907,0.9702400521833451
193.36912764264906,0.9700758385875984
193.37912764264908,0.9699118091941759
193.38912764264907,0.969747964464571
193.39912764264906,0.9695843048596468
193.40912764264908,0.9694208308396323
193.41912764264907,0.9692575428641211
193.42912764264906,0.9690944413920642
193.43912764264908,0.9689315268817685
193.44912764264907,0.9687687997908936
193.4591276426491,0.9686062605764447
193.46912764264908,0.9684439096947741
193.47912764264908,0.9682817476015722
193.4891276426491,0.9681197747518664
193.49912764264909,0.9679579916000188
193.5091276426491,0.9677963985997182
193.5191276426491,0.9676349962039813
193.5291276426491,0.9674737848651447
193.5391276426491,0.9673127650348633
193.5491276426491,0.9671519371641073
193.5591276426491,0.9669913017031565
193.5691276426491,0.9668308591015968
193.5791276426491,0.9666706098083191
193.5891276426491,0.9665105542715117
193.5991276426491,0.9663506929386587
193.6091276426491,0.966191026256537
193.61912764264912,0.9660315546712102
193.6291276426491,0.9658722786280274
193.6391276426491,0.9657131985716171
193.64912764264912,0.9655543149458846
193.6591276426491,0.9653956281940096
193.66912764264913,0.9652371387584389
193.67912764264912,0.9650788470808871
193.6891276426491,0.9649207536023287
193.69912764264913,0.9647628587629966
193.70912764264912,0.9646051630023789
193.7191276426491,0.9644476667592133
193.72912764264913,0.9642903704714838
193.73912764264912,0.964133274576419
193.7491276426491,0.9639763795104853
193.75912764264913,0.9638196857093846
193.76912764264912,0.9636631936080519
193.77912764264914,0.9635069036406483
193.78912764264913,0.9633508162405606
193.79912764264913,0.9631949318403958
193.80912764264914,0.9630392508719766
193.81912764264914,0.9628837737663402
193.82912764264915,0.9627285009537315
193.83912764264915,0.9625734328636028
193.84912764264914,0.962418569924606
193.85912764264916,0.9622639125645917
193.86912764264915,0.962109461210606
193.87912764264914,0.9619552162888841
193.88912764264916,0.9618011782248476
193.89912764264915,0.9616473474431029
193.90912764264914,0.9614937243674341
193.91912764264916,0.9613403094208006
193.92912764264915,0.9611871030253353
193.93912764264917,0.9610341056023372
193.94912764264916,0.960881317572271
193.95912764264915,0.9607287393547612
193.96912764264917,0.9605763713685888
193.97912764264916,0.9604242140316891
193.98912764264918,0.960272267761145
193.99912764264917,0.9601205329731872
194.00912764264916,0.9599690100831861
194.01912764264918,0.9598176995056509
194.02912764264917,0.9596666016542261
194.03912764264916,0.9595157169416862
194.04912764264918,0.959365045779932
194.05912764264917,0.9592145885799885
194.06912764264916,0.9590643457520001
194.07912764264918,0.9589143177052257
194.08912764264917,0.9587645048480384
194.0991276426492,0.9586149075879176
194.10912764264918,0.9584655263314489
194.11912764264918,0.9583163614843176
194.1291276426492,0.9581674134513061
194.13912764264919,0.9580186826362918
194.1491276426492,0.9578701694422398
194.1591276426492,0.9577218742712033
194.1691276426492,0.957573797524316
194.1791276426492,0.9574259396017909
194.1891276426492,0.9572783009029168
194.1991276426492,0.9571308818260525
194.2091276426492,0.9569836827686244
194.2191276426492,0.9568367041271243
194.2291276426492,0.9566899462971019
194.2391276426492,0.9565434096731645
194.2491276426492,0.9563970946489729
194.25912764264922,0.956251001617235
194.2691276426492,0.9561051309697066
194.2791276426492,0.9559594830971833
194.28912764264922,0.9558140583894987
194.2991276426492,0.9556688572355224
194.30912764264923,0.9555238800231528
194.31912764264922,0.9553791271393172
194.3291276426492,0.9552345989699647
194.33912764264923,0.9550902959000644
194.34912764264922,0.9549462183136024
194.3591276426492,0.9548023665935763
194.36912764264923,0.9546587411219919
194.37912764264922,0.9545153422798619
194.3891276426492,0.9543721704471988
194.39912764264923,0.9542292260030131
194.40912764264922,0.9540865093253105
194.41912764264924,0.9539440207910856
194.42912764264923,0.9538017607763216
194.43912764264923,0.9536597296559838
194.44912764264924,0.953517927804017
194.45912764264924,0.9533763555933431
194.46912764264925,0.953235013395855
194.47912764264925,0.9530939015824158
194.48912764264924,0.9529530205228528
194.49912764264926,0.9528123705859544
194.50912764264925,0.9526719521394684
194.51912764264924,0.952531765550096
194.52912764264926,0.9523918111834886
194.53912764264925,0.9522520894042464
194.54912764264924,0.9521126005759116
194.55912764264926,0.951973345060967
194.56912764264925,0.9518343232208321
194.57912764264927,0.9516955354158585
194.58912764264926,0.9515569820053281
194.59912764264925,0.9514186633474475
194.60912764264927,0.9512805797993454
194.61912764264926,0.9511427317170702
194.62912764264928,0.9510051194555839
194.63912764264927,0.9508677433687616
194.64912764264926,0.9507306038093847
194.65912764264928,0.9505937011291395
194.66912764264927,0.9504570356786141
194.67912764264926,0.9503206078072928
194.68912764264928,0.9501844178635536
194.69912764264927,0.9500484661946663
194.70912764264926,0.949912753146786
194.71912764264928,0.949777279064951
194.72912764264927,0.949642044293081
194.7391276426493,0.9495070491739694
194.74912764264928,0.9493722940492854
194.75912764264928,0.9492377792595652
194.7691276426493,0.9491035051442109
194.77912764264929,0.9489694720414886
194.7891276426493,0.9488356802885214
194.7991276426493,0.9487021302212894
194.8091276426493,0.9485688221746231
194.8191276426493,0.9484357564822025
194.8291276426493,0.9483029334765524
194.8391276426493,0.948170353489039
194.8491276426493,0.9480380168498664
194.8591276426493,0.9479059238880745
194.8691276426493,0.9477740749315334
194.8791276426493,0.9476424703069409
194.8891276426493,0.9475111103398208
194.89912764264932,0.9473799953545159
194.9091276426493,0.9472491256741887
194.9191276426493,0.9471185016208145
194.92912764264932,0.9469881235151795
194.9391276426493,0.9468579916768787
194.94912764264933,0.9467281064243093
194.95912764264932,0.9465984680746711
194.9691276426493,0.9464690769439603
194.97912764264933,0.9463399333469666
194.98912764264932,0.9462110375972721
194.9991276426493,0.9460823900072445
195.00912764264933,0.945953990888036
195.01912764264932,0.9458258405495803
195.0291276426493,0.9456979393005873
195.03912764264933,0.9455702874485415
195.04912764264932,0.9454428852996987
195.05912764264934,0.9453157331590804
195.06912764264933,0.9451888313304742
195.07912764264933,0.9450621801164274
195.08912764264934,0.9449357798182447
195.09912764264934,0.9448096307359867
195.10912764264936,0.9446837331684625
195.11912764264935,0.9445580874132316
195.12912764264934,0.9444326937665961
195.13912764264936,0.9443075525235998
195.14912764264935,0.9441826639780255
195.15912764264934,0.9440580284223901
195.16912764264936,0.9439336461479414
195.17912764264935,0.9438095174446572
195.18912764264934,0.9436856426012393
195.19912764264936,0.9435620219051117
195.20912764264935,0.9434386556424179
195.21912764264937,0.943315544098016
195.22912764264936,0.9431926875554774
195.23912764264935,0.9430700862970823
195.24912764264937,0.942947740603817
195.25912764264936,0.9428256507553715
195.26912764264938,0.9427038170301346
195.27912764264937,0.9425822397051933
195.28912764264936,0.9424609190563268
195.29912764264938,0.942339855358005
195.30912764264937,0.9422190488833863
195.31912764264936,0.9420984999043122
195.32912764264938,0.9419782086913056
195.33912764264937,0.9418581755135685
195.34912764264936,0.941738400638977
195.35912764264938,0.9416188843340789
195.36912764264937,0.9414996268640925
195.3791276426494,0.9413806284929003
195.38912764264938,0.9412618894830491
195.39912764264938,0.9411434100957448
195.4091276426494,0.9410251905908497
195.41912764264939,0.9409072312268812
195.4291276426494,0.9407895322610065
195.4391276426494,0.9406720939490414
195.4491276426494,0.9405549165454461
195.4591276426494,0.9404380003033224
195.4691276426494,0.9403213454744122
195.4791276426494,0.9402049523090923
195.4891276426494,0.940088821056373
195.4991276426494,0.9399729519638952
195.5091276426494,0.9398573452779262
195.5191276426494,0.9397420012433578
195.5291276426494,0.9396269201037039
195.53912764264942,0.9395121021010961
195.5491276426494,0.9393975474762825
195.5591276426494,0.9392832564686232
195.56912764264942,0.939169229316088
195.5791276426494,0.9390554662552554
195.58912764264943,0.938941967521306
195.59912764264942,0.9388287333480236
195.6091276426494,0.9387157639677894
195.61912764264943,0.9386030596115809
195.62912764264942,0.9384906205089689
195.6391276426494,0.9383784468881138
195.64912764264943,0.9382665389757632
195.65912764264942,0.9381548969972504
195.6691276426494,0.93804352117649
195.67912764264943,0.9379324117359754
195.68912764264942,0.9378215688967774
195.69912764264944,0.9377109928785393
195.70912764264943,0.9376006838994768
195.71912764264943,0.9374906421763729
195.72912764264944,0.9373808679245761
195.73912764264944,0.9372713613579988
195.74912764264946,0.9371621226891126
195.75912764264945,0.9370531521289478
195.76912764264944,0.936944449887089
195.77912764264946,0.9368360161716726
195.78912764264945,0.9367278511893863
195.79912764264944,0.9366199551454636
195.80912764264946,0.9365123282436827
195.81912764264945,0.9364049706863644
195.82912764264944,0.9362978826743685
195.83912764264946,0.9361910644070913
195.84912764264945,0.9360845160824637
195.85912764264947,0.9359782378969479
195.86912764264946,0.9358722300455364
195.87912764264945,0.9357664927217471
195.88912764264947,0.9356610261176224
195.89912764264946,0.9355558304237271
195.90912764264948,0.935450905829144
195.91912764264947,0.9353462525214742
195.92912764264946,0.9352418706868316
195.93912764264948,0.9351377605098425
195.94912764264947,0.9350339221736432
195.95912764264946,0.9349303558598762
195.96912764264948,0.9348270617486886
195.97912764264947,0.9347240400187306
195.98912764264946,0.9346212908471514
195.99912764264948,0.9345188144095977
196.00912764264947,0.9344166108802121
196.0191276426495,0.9343146804316288
196.02912764264948,0.9342130232349737
196.03912764264948,0.9341116394598599
196.0491276426495,0.9340105292743864
196.05912764264949,0.9339096928451367
196.0691276426495,0.9338091303371742
196.0791276426495,0.9337088419140425
196.0891276426495,0.9336088277377613
196.0991276426495,0.9335090879688249
196.1091276426495,0.9334096227662003
196.1191276426495,0.9333104322873241
196.1291276426495,0.9332115166881011
196.1391276426495,0.933112876122902
196.1491276426495,0.9330145107445604
196.1591276426495,0.932916420704372
196.1691276426495,0.9328186061520916
196.17912764264952,0.9327210672359305
196.1891276426495,0.9326238041025563
196.1991276426495,0.9325268168970886
196.20912764264952,0.9324301057630976
196.2191276426495,0.9323336708426032
196.22912764264953,0.9322375122760712
196.23912764264952,0.9321416302024128
196.2491276426495,0.9320460247589811
196.25912764264953,0.9319506960815702
196.26912764264952,0.931855644304413
196.2791276426495,0.9317608695601788
196.28912764264953,0.9316663719799714
196.29912764264952,0.9315721516933277
196.3091276426495,0.9314782088282154
196.31912764264953,0.9313845435110302
196.32912764264952,0.931291155866596
196.33912764264954,0.9311980460181608
196.34912764264953,0.9311052140873962
196.35912764264953,0.9310126601943948
196.36912764264954,0.9309203844576686
196.37912764264954,0.9308283869941477
196.38912764264956,0.9307366679191769
196.39912764264955,0.9306452273465163
196.40912764264954,0.9305540653883371
196.41912764264956,0.9304631821552211
196.42912764264955,0.9303725777561589
196.43912764264954,0.930282252298548
196.44912764264956,0.9301922058881905
196.45912764264955,0.9301024386292926
196.46912764264954,0.9300129506244619
196.47912764264956,0.9299237419747053
196.48912764264955,0.9298348127794295
196.49912764264957,0.9297461631364363
196.50912764264956,0.9296577931419239
196.51912764264955,0.9295697028904827
196.52912764264957,0.9294818924750953
196.53912764264956,0.9293943619871353
196.54912764264958,0.9293071115163636
196.55912764264957,0.929220141150929
196.56912764264956,0.9291334509773657
196.57912764264958,0.9290470410805911
196.58912764264957,0.9289609115439061
196.59912764264956,0.928875062448992
196.60912764264958,0.9287894938759095
196.61912764264957,0.9287042059030973
196.62912764264956,0.9286191986073712
196.63912764264958,0.9285344720639207
196.64912764264957,0.9284500263463107
196.6591276426496,0.9283658615264772
196.66912764264958,0.9282819776747274
196.67912764264958,0.9281983748597381
196.6891276426496,0.9281150531485538
196.6991276426496,0.9280320126065867
196.7091276426496,0.9279492532976135
196.7191276426496,0.9278667752837757
196.7291276426496,0.9277845786255776
196.7391276426496,0.9277026633818845
196.7491276426496,0.9276210296099231
196.7591276426496,0.9275396773652785
196.7691276426496,0.9274586067018933
196.7791276426496,0.9273778176720681
196.7891276426496,0.9272973103264579
196.7991276426496,0.927217084714072
196.8091276426496,0.9271371408822738
196.81912764264962,0.9270574788767776
196.8291276426496,0.9269780987416496
196.8391276426496,0.9268990005193047
196.84912764264962,0.9268201842505072
196.8591276426496,0.9267416499743694
196.86912764264963,0.9266633977283492
196.87912764264962,0.9265854275482507
196.8891276426496,0.9265077394682224
196.89912764264963,0.9264303335207561
196.90912764264962,0.9263532097366867
196.9191276426496,0.9262763681451899
196.92912764264963,0.9261998087737824
196.93912764264962,0.9261235316483207
196.94912764264961,0.9260475367929999
196.95912764264963,0.9259718242303527
196.96912764264962,0.9258963939812496
196.97912764264964,0.9258212460648961
196.98912764264963,0.9257463804988343
196.99912764264963,0.9256717972989394
197.00912764264964,0.9255974964794209
197.01912764264964,0.9255234780528215
197.02912764264966,0.9254497420300152
197.03912764264965,0.9253762884202079
197.04912764264964,0.9253031172309358
197.05912764264966,0.925230228468065
197.06912764264965,0.9251576221357909
197.07912764264964,0.9250852982366371
197.08912764264966,0.9250132567714553
197.09912764264965,0.9249414977394241
197.10912764264964,0.924870021138049
197.11912764264966,0.9247988269631604
197.12912764264965,0.9247279152089157
197.13912764264967,0.9246572858677955
197.14912764264966,0.9245869389306055
197.15912764264965,0.9245168743864746
197.16912764264967,0.9244470922228546
197.17912764264966,0.9243775924255211
197.18912764264968,0.92430837497857
197.19912764264967,0.9242394398644206
197.20912764264966,0.9241707870638125
197.21912764264968,0.9241024165558062
197.22912764264967,0.9240343283177828
197.23912764264966,0.923966522325443
197.24912764264968,0.9238989985528074
197.25912764264967,0.923831756972216
197.26912764264966,0.9237647975543277
197.27912764264968,0.9236981202681193
197.28912764264967,0.923631725080887
197.2991276426497,0.923565611958244
197.30912764264968,0.9234997808641224
197.31912764264968,0.9234342317607707
197.3291276426497,0.9233689646087551
197.3391276426497,0.9233039793669592
197.3491276426497,0.9232392759925832
197.3591276426497,0.9231748544411441
197.3691276426497,0.9231107146664755
197.3791276426497,0.9230468566207276
197.3891276426497,0.9229832802543666
197.3991276426497,0.9229199855161754
197.4091276426497,0.9228569723532525
197.4191276426497,0.9227942407110135
197.4291276426497,0.9227317905331889
197.4391276426497,0.922669621761826
197.4491276426497,0.9226077343372885
197.45912764264972,0.9225461281982554
197.4691276426497,0.9224848032817226
197.4791276426497,0.9224237595230014
197.48912764264972,0.9223629968557201
197.4991276426497,0.9223025152118235
197.50912764264973,0.9222423145215719
197.51912764264972,0.9221823947135437
197.5291276426497,0.922122755714633
197.53912764264973,0.9220633974500512
197.54912764264972,0.922004319843327
197.5591276426497,0.9219455228163067
197.56912764264973,0.9218870062891534
197.57912764264972,0.9218287701803495
197.58912764264971,0.9217708144066944
197.59912764264973,0.9217131388833061
197.60912764264972,0.9216557435236221
197.61912764264974,0.9215986282393983
197.62912764264973,0.9215417929407104
197.63912764264973,0.9214852375359539
197.64912764264974,0.9214289619318444
197.65912764264974,0.9213729660334185
197.66912764264976,0.9213172497440332
197.67912764264975,0.9212618129653679
197.68912764264974,0.9212066555974234
197.69912764264976,0.9211517775385228
197.70912764264975,0.9210971786853132
197.71912764264974,0.9210428589327643
197.72912764264976,0.9209888181741699
197.73912764264975,0.9209350563011492
197.74912764264974,0.9208815732036458
197.75912764264976,0.9208283687699295
197.76912764264975,0.920775442886597
197.77912764264977,0.9207227954385712
197.78912764264976,0.9206704263091035
197.79912764264975,0.9206183353797738
197.80912764264977,0.9205665225304908
197.81912764264976,0.9205149876394934
197.82912764264978,0.9204637305833507
197.83912764264977,0.9204127512369641
197.84912764264976,0.9203620494735667
197.85912764264978,0.9203116251647242
197.86912764264977,0.9202614781803372
197.87912764264976,0.9202116083886402
197.88912764264978,0.9201620156562035
197.89912764264977,0.9201126998479339
197.90912764264976,0.9200636608270754
197.91912764264978,0.9200148984552106
197.92912764264977,0.9199664125922613
197.9391276426498,0.9199182030964889
197.94912764264978,0.9198702698244972
197.95912764264978,0.9198226126312309
197.9691276426498,0.919775231369979
197.9791276426498,0.9197281258923741
197.9891276426498,0.9196812960483942
197.9991276426498,0.9196347416863645
198.0091276426498,0.9195884626529567
198.0191276426498,0.9195424587931915
198.0291276426498,0.9194967299504401
198.0391276426498,0.9194512759664236
198.0491276426498,0.9194060966812162
198.0591276426498,0.919361191933245
198.0691276426498,0.9193165615592919
198.0791276426498,0.9192722053944942
198.0891276426498,0.9192281232723473
198.09912764264982,0.919184315024704
198.1091276426498,0.9191407804817775
198.1191276426498,0.9190975194721419
198.12912764264982,0.9190545318227333
198.1391276426498,0.9190118173588523
198.14912764264983,0.9189693759041639
198.15912764264982,0.9189272072807003
198.1691276426498,0.9188853113088613
198.17912764264983,0.9188436878074164
198.18912764264982,0.9188023365935059
198.1991276426498,0.9187612574826425
198.20912764264983,0.9187204502887125
198.21912764264982,0.9186799148239786
198.22912764264981,0.9186396508990794
198.23912764264983,0.9185996583230329
198.24912764264982,0.9185599369032366
198.25912764264984,0.91852048644547
198.26912764264983,0.9184813067538966
198.27912764264983,0.918442397631064
198.28912764264985,0.9184037588779068
198.29912764264984,0.9183653902937486
198.30912764264986,0.9183272916763022
198.31912764264985,0.9182894628216729
198.32912764264984,0.9182519035243596
198.33912764264986,0.9182146135772559
198.34912764264985,0.9181775927716532
198.35912764264984,0.918140840897242
198.36912764264986,0.9181043577421129
198.37912764264985,0.9180681430927596
198.38912764264984,0.9180321967340804
198.39912764264986,0.9179965184493798
198.40912764264985,0.9179611080203706
198.41912764264987,0.9179259652271757
198.42912764264986,0.9178910898483308
198.43912764264985,0.9178564816607854
198.44912764264987,0.9178221404399048
198.45912764264986,0.9177880659594733
198.46912764264988,0.9177542579916942
198.47912764264987,0.9177207163071944
198.48912764264986,0.9176874406750242
198.49912764264988,0.9176544308626605
198.50912764264987,0.9176216866360092
198.51912764264986,0.9175892077594058
198.52912764264988,0.9175569939956196
198.53912764264987,0.9175250451058545
198.54912764264986,0.9174933608497514
198.55912764264988,0.9174619409853906
198.56912764264987,0.9174307852692944
198.5791276426499,0.9173998934564283
198.58912764264988,0.9173692653002044
198.59912764264988,0.9173389005524828
198.6091276426499,0.9173087989635745
198.6191276426499,0.9172789602822436
198.6291276426499,0.9172493842557096
198.6391276426499,0.9172200706296492
198.6491276426499,0.9171910191481999
198.6591276426499,0.9171622295539612
198.6691276426499,0.9171337015879979
198.6791276426499,0.9171054349898422
198.6891276426499,0.9170774294974956
198.6991276426499,0.9170496848474327
198.7091276426499,0.9170222007746024
198.7191276426499,0.916994977012431
198.7291276426499,0.9169680132928252
198.73912764264992,0.9169413093461733
198.7491276426499,0.9169148649013497
198.7591276426499,0.9168886796857152
198.76912764264992,0.9168627534251218
198.7791276426499,0.9168370858439141
198.78912764264993,0.9168116766649324
198.79912764264992,0.9167865256095149
198.8091276426499,0.9167616323975007
198.81912764264993,0.9167369967472332
198.82912764264992,0.9167126183755613
198.8391276426499,0.9166884969978436
198.84912764264993,0.9166646323279503
198.85912764264992,0.9166410240782664
198.86912764264991,0.9166176719596947
198.87912764264993,0.9165945756816576
198.88912764264992,0.9165717349521012
198.89912764264994,0.9165491494774977
198.90912764264993,0.9165268189628478
198.91912764264993,0.9165047431116847
198.92912764264995,0.9164829216260754
198.93912764264994,0.9164613542066257
198.94912764264996,0.916440040552481
198.95912764264995,0.9164189803613312
198.96912764264994,0.9163981733294122
198.97912764264996,0.9163776191515098
198.98912764264995,0.9163573175209629
198.99912764264994,0.9163372681296654
199.00912764264996,0.9163174706680706
199.01912764264995,0.9162979248251935
199.02912764264994,0.9162786302886139
199.03912764264996,0.91625958674448
199.04912764264995,0.9162407938775115
199.05912764264997,0.9162222513710021
199.06912764264996,0.9162039589068235
199.07912764264995,0.9161859161654282
199.08912764264997,0.9161681228258525
199.09912764264996,0.9161505785657205
199.10912764264998,0.9161332830612461
199.11912764264997,0.9161162359872381
199.12912764264996,0.9160994370171015
199.13912764264998,0.9160828858228423
199.14912764264997,0.9160665820750699
199.15912764264996,0.9160505254430011
199.16912764264998,0.9160347155944634
199.17912764264997,0.9160191521958975
199.18912764264996,0.9160038349123619
199.19912764264998,0.9159887634075358
199.20912764264997,0.9159739373437223
199.21912764265,0.915959356381852
199.22912764264998,0.9159450201814874
199.23912764264998,0.9159309284008242
199.24912764265,0.9159170806966972
199.25912764265,0.9159034767245824
199.26912764265,0.915890116138601
199.27912764265,0.915876998591523
199.28912764265,0.9158641237347707
199.29912764265,0.9158514912184217
199.30912764265,0.9158391006912139
199.31912764265,0.9158269518005476
199.32912764265,0.9158150441924904
199.33912764265,0.91580337751178
199.34912764265,0.9157919514018285
199.35912764265,0.9157807655047251
199.36912764265,0.9157698194612416
199.37912764265002,0.9157591129108341
199.38912764265,0.9157486454916482
199.39912764265,0.9157384168405223
199.40912764265002,0.915728426592991
199.41912764265,0.9157186743832895
199.42912764265003,0.915709159844357
199.43912764265002,0.9156998826078411
199.44912764265,0.9156908423041006
199.45912764265003,0.9156820385622109
199.46912764265002,0.9156734710099661
199.47912764265,0.9156651392738845
199.48912764265003,0.9156570429792115
199.49912764265002,0.9156491817499237
199.50912764265001,0.9156415552087332
199.51912764265003,0.9156341629770918
199.52912764265002,0.9156270046751939
199.53912764265004,0.9156200799219811
199.54912764265003,0.915613388335147
199.55912764265003,0.9156069295311399
199.56912764265005,0.9156007031251675
199.57912764265004,0.9155947087312013
199.58912764265006,0.9155889459619797
199.59912764265005,0.9155834144290131
199.60912764265004,0.9155781137425876
199.61912764265006,0.9155730435117687
199.62912764265005,0.9155682033444065
199.63912764265004,0.9155635928471384
199.64912764265006,0.915559211625395
199.65912764265005,0.9155550592834025
199.66912764265004,0.9155511354241886
199.67912764265006,0.9155474396495854
199.68912764265005,0.9155439715602338
199.69912764265007,0.9155407307555892
199.70912764265006,0.9155377168339232
199.71912764265005,0.9155349293923305
199.72912764265007,0.9155323680267314
199.73912764265006,0.9155300323318771
199.74912764265008,0.9155279219013532
199.75912764265007,0.915526036327585
199.76912764265006,0.9155243752018407
199.77912764265008,0.9155229381142371
199.78912764265007,0.915521724653743
199.79912764265006,0.9155207344081836
199.80912764265008,0.9155199669642459
199.81912764265007,0.9155194219074815
199.82912764265006,0.915519098822313
199.83912764265008,0.9155189972920365
199.84912764265007,0.9155191168988275
199.8591276426501,0.915519457223745
199.86912764265008,0.9155200178467353
199.87912764265008,0.9155207983466378
199.8891276426501,0.9155217983011884
199.8991276426501,0.9155230172870245
199.9091276426501,0.9155244548796894
199.9191276426501,0.9155261106536373
199.9291276426501,0.9155279841822374
199.9391276426501,0.9155300750377785
199.9491276426501,0.915532382791474
199.9591276426501,0.9155349070134662
199.9691276426501,0.9155376472728309
199.9791276426501,0.9155406031375826
199.9891276426501,0.9155437741746779
199.9991276426501,0.915547159950022
200.0091276426501,0.9155507600284716
200.01912764265012,0.9155545739738409
200.0291276426501,0.9155586013489054
200.0391276426501,0.9155628417154077
200.04912764265012,0.9155672946340606
200.0591276426501,0.915571959664554
200.06912764265013,0.9155768363655573
200.07912764265012,0.9155819242947263
200.0891276426501,0.9155872230087064
200.09912764265013,0.9155927320631388
200.10912764265012,0.915598451012664
200.1191276426501,0.9156043794109273
200.12912764265013,0.9156105168105839
200.13912764265012,0.915616862763303
200.14912764265011,0.9156234168197731
200.15912764265013,0.9156301785297072
200.16912764265012,0.9156371474418472
200.17912764265014,0.9156443231039687
200.18912764265013,0.9156517050628864
200.19912764265013,0.9156592928644585
200.20912764265015,0.9156670860535924
200.21912764265014,0.9156750841742487
200.22912764265016,0.9156832867694469
200.23912764265015,0.9156916933812698
200.24912764265014,0.9157003035508691
200.25912764265016,0.9157091168184697
200.26912764265015,0.9157181327233754
200.27912764265014,0.9157273508039735
200.28912764265016,0.91573677059774
200.29912764265015,0.9157463916412438
200.30912764265014,0.9157562134701536
200.31912764265016,0.9157662356192414
200.32912764265015,0.9157764576223877
200.33912764265017,0.9157868790125873
200.34912764265016,0.9157974993219535
200.35912764265015,0.9158083180817247
200.36912764265017,0.9158193348222672
200.37912764265016,0.9158305490730826
200.38912764265018,0.9158419603628116
200.39912764265017,0.9158535682192394
200.40912764265016,0.9158653721693011
200.41912764265018,0.9158773717390865
200.42912764265017,0.915889566453846
200.43912764265016,0.9159019558379946
200.44912764265018,0.9159145394151181
200.45912764265017,0.9159273167079781
200.46912764265016,0.9159402872385167
200.47912764265018,0.9159534505278624
200.48912764265017,0.9159668060963345
200.4991276426502,0.9159803534634496
200.50912764265018,0.9159940921479256
200.51912764265018,0.9160080216676875
200.5291276426502,0.9160221415398728
200.5391276426502,0.9160364512808362
200.5491276426502,0.916050950406156
200.5591276426502,0.9160656384306378
200.5691276426502,0.9160805148683213
200.5791276426502,0.9160955792324846
200.5891276426502,0.9161108310356503
200.5991276426502,0.9161262697895899
200.6091276426502,0.9161418950053302
200.6191276426502,0.9161577061931575
200.6291276426502,0.9161737028626241
200.6391276426502,0.9161898845225528
200.6491276426502,0.9162062506810428
200.65912764265022,0.9162228008454746
200.6691276426502,0.9162395345225157
200.6791276426502,0.9162564512181258
200.68912764265022,0.916273550437563
200.6991276426502,0.9162908316853874
200.70912764265023,0.9163082944654685
200.71912764265022,0.9163259382809894
200.7291276426502,0.9163437626344528
200.73912764265023,0.916361767027686
200.74912764265022,0.9163799509618465
200.7591276426502,0.9163983139374279
200.76912764265023,0.9164168554542647
200.77912764265022,0.9164355750115377
200.78912764265021,0.9164544721077805
200.79912764265023,0.9164735462408837
200.80912764265022,0.916492796908101
200.81912764265024,0.9165122236060553
200.82912764265023,0.9165318258307424
200.83912764265023,0.9165516030775387
200.84912764265025,0.916571554841205
200.85912764265024,0.9165916806158925
200.86912764265026,0.9166119798951495
200.87912764265025,0.9166324521719247
200.88912764265024,0.9166530969385747
200.89912764265026,0.9166739136868683
200.90912764265025,0.9166949019079929
200.91912764265024,0.9167160610925592
200.92912764265026,0.9167373907306077
200.93912764265025,0.9167588903116135
200.94912764265024,0.9167805593244921
200.95912764265026,0.9168023972576049
200.96912764265025,0.9168244035987656
200.97912764265027,0.9168465778352438
200.98912764265026,0.9168689194537729
200.99912764265025,0.9168914279405541
201.00912764265027,0.9169141027812627
201.01912764265026,0.9169369434610534
201.02912764265028,0.9169599494645663
201.03912764265027,0.9169831202759317
201.04912764265026,0.9170064553787766
201.05912764265028,0.9170299542562299
201.06912764265027,0.9170536163909281
201.07912764265026,0.9170774412650208
201.08912764265028,0.9171014283601763
201.09912764265027,0.9171255771575877
201.10912764265026,0.9171498871379777
201.11912764265028,0.9171743577816053
201.12912764265027,0.9171989885682702
201.1391276426503,0.9172237789773198
201.14912764265028,0.9172487284876534
201.15912764265028,0.9172738365777293
201.1691276426503,0.9172991027255694
201.1791276426503,0.9173245264087652
201.1891276426503,0.9173501071044835
201.1991276426503,0.9173758442894723
201.2091276426503,0.9174017374400657
201.2191276426503,0.9174277860321908
201.2291276426503,0.9174539895413717
201.2391276426503,0.917480347442737
201.2491276426503,0.9175068592110244
201.2591276426503,0.9175335243205859
201.2691276426503,0.917560342245395
201.2791276426503,0.9175873124590515
201.2891276426503,0.9176144344347863
201.29912764265032,0.9176417076454694
201.3091276426503,0.9176691315636127
201.3191276426503,0.9176967056613786
201.32912764265032,0.9177244294105834
201.3391276426503,0.917752302282704
201.34912764265033,0.9177803237488839
201.35912764265032,0.9178084932799379
201.3691276426503,0.9178368103463587
201.37912764265033,0.9178652744183226
201.38912764265032,0.9178938849656937
201.3991276426503,0.9179226414580322
201.40912764265033,0.9179515433645979
201.41912764265032,0.9179805901543565
201.42912764265031,0.9180097812959861
201.43912764265033,0.9180391162578819
201.44912764265032,0.9180685945081623
201.45912764265034,0.9180982155146744
201.46912764265034,0.9181279787450004
201.47912764265033,0.9181578836664622
201.48912764265035,0.9181879297461284
201.49912764265034,0.9182181164508187
201.50912764265036,0.9182484432471105
201.51912764265035,0.9182789096013441
201.52912764265034,0.9183095149796288
201.53912764265036,0.9183402588478485
201.54912764265035,0.9183711406716673
201.55912764265034,0.9184021599165352
201.56912764265036,0.9184333160476935
201.57912764265035,0.9184646085301812
201.58912764265034,0.9184960368288403
201.59912764265036,0.9185276004083218
201.60912764265035,0.9185592987330903
201.61912764265037,0.9185911312674316
201.62912764265036,0.9186230974754563
201.63912764265035,0.9186551968211074
201.64912764265037,0.9186874287681647
201.65912764265036,0.9187197927802505
201.66912764265038,0.9187522883208368
201.67912764265037,0.9187849148532485
201.68912764265036,0.9188176718406719
201.69912764265038,0.9188505587461575
201.70912764265037,0.9188835750326285
201.71912764265036,0.9189167201628842
201.72912764265038,0.9189499935996072
201.73912764265037,0.9189833948053676
201.74912764265036,0.9190169232426304
201.75912764265038,0.9190505783737604
201.76912764265037,0.9190843596610268
201.7791276426504,0.9191182665666107
201.78912764265039,0.9191522985526097
201.79912764265038,0.9191864550810439
201.8091276426504,0.919220735613861
201.8191276426504,0.9192551396129426
201.8291276426504,0.9192896665401101
201.8391276426504,0.9193243158571289
201.8491276426504,0.9193590870257159
201.8591276426504,0.919393979507544
201.8691276426504,0.9194289927642477
201.8791276426504,0.9194641262574295
201.8891276426504,0.9194993794486648
201.8991276426504,0.9195347517995077
201.9091276426504,0.9195702427714969
201.9191276426504,0.9196058518261612
201.9291276426504,0.9196415784250245
201.93912764265042,0.9196774220296129
201.9491276426504,0.9197133821014583
201.9591276426504,0.9197494581021057
201.96912764265042,0.9197856494931184
201.9791276426504,0.9198219557360824
201.98912764265043,0.9198583762926136
201.99912764265042,0.9198949106243627
202.0091276426504,0.9199315581930206
202.01912764265043,0.9199683184603245
202.02912764265042,0.9200051908880623
202.0391276426504,0.9200421749380799
202.04912764265043,0.9200792700722856
202.05912764265042,0.9201164757526555
202.06912764265041,0.9201537914412399
202.07912764265043,0.920191216600168
202.08912764265042,0.9202287506916542
202.09912764265044,0.920266393178003
202.10912764265044,0.9203041435216148
202.11912764265043,0.9203420011849913
202.12912764265045,0.9203799656307414
202.13912764265044,0.920418036321586
202.14912764265046,0.9204562127203645
202.15912764265045,0.9204944942900387
202.16912764265044,0.9205328804937003
202.17912764265046,0.920571370794575
202.18912764265045,0.9206099646560277
202.19912764265044,0.9206486615415697
202.20912764265046,0.9206874609148624
202.21912764265045,0.9207263622397233
202.22912764265044,0.920765364980132
202.23912764265046,0.920804468600235
202.24912764265045,0.9208436725643513
202.25912764265047,0.9208829763369778
202.26912764265046,0.9209223793827948
202.27912764265045,0.9209618811666713
202.28912764265047,0.9210014811536711
202.29912764265046,0.9210411788090564
202.30912764265048,0.9210809735982959
202.31912764265047,0.921120864987067
202.32912764265046,0.921160852441264
202.33912764265048,0.921200935427002
202.34912764265047,0.9212411134106222
202.35912764265046,0.921281385858698
202.36912764265048,0.9213217522380399
202.37912764265047,0.9213622120157006
202.38912764265046,0.9214027646589807
202.39912764265048,0.9214434096354343
202.40912764265047,0.921484146412873
202.4191276426505,0.9215249744593731
202.42912764265049,0.9215658932432793
202.43912764265048,0.9216069022332108
202.4491276426505,0.9216480008980664
202.4591276426505,0.9216891887070293
202.4691276426505,0.9217304651295736
202.4791276426505,0.9217718296354678
202.4891276426505,0.9218132816947813
202.4991276426505,0.9218548207778898
202.5091276426505,0.9218964463554793
202.5191276426505,0.9219381578985522
202.5291276426505,0.9219799548784325
202.5391276426505,0.9220218367667706
202.5491276426505,0.9220638030355487
202.5591276426505,0.9221058531570863
202.5691276426505,0.9221479866040441
202.57912764265052,0.922190202849431
202.5891276426505,0.922232501366608
202.5991276426505,0.9222748816292933
202.60912764265052,0.9223173431115684
202.6191276426505,0.9223598852878818
202.62912764265053,0.9224025076330555
202.63912764265052,0.922445209622289
202.6491276426505,0.922487990731165
202.65912764265053,0.9225308504356544
202.66912764265052,0.922573788212121
202.6791276426505,0.9226168035373269
202.68912764265053,0.9226598958884377
202.69912764265052,0.9227030647430267
202.70912764265051,0.9227463095790809
202.71912764265053,0.9227896298750056
202.72912764265052,0.9228330251096291
202.73912764265054,0.922876494762208
202.74912764265054,0.9229200383124322
202.75912764265053,0.9229636552404298
202.76912764265055,0.9230073450267721
202.77912764265054,0.9230511071524781
202.78912764265056,0.9230949410990202
202.79912764265055,0.9231388463483283
202.80912764265054,0.9231828223827955
202.81912764265056,0.9232268686852824
202.82912764265055,0.9232709847391216
202.83912764265054,0.9233151700281245
202.84912764265056,0.9233594240365832
202.85912764265055,0.923403746249278
202.86912764265054,0.9234481361514808
202.87912764265056,0.92349259322896
202.88912764265055,0.923537116967986
202.89912764265057,0.9235817068553355
202.90912764265056,0.9236263623782959
202.91912764265055,0.9236710830246707
202.92912764265057,0.9237158682827846
202.93912764265056,0.9237607176414869
202.94912764265058,0.9238056305901576
202.95912764265057,0.923850606618711
202.96912764265056,0.9238956452176015
202.97912764265058,0.9239407458778275
202.98912764265057,0.9239859080909362
202.99912764265056,0.9240311313490281
203.00912764265058,0.9240764151447631
203.01912764265057,0.9241217589713626
203.02912764265056,0.924167162322616
203.03912764265058,0.9242126246928851
203.04912764265057,0.924258145577108
203.0591276426506,0.9243037244708041
203.06912764265059,0.9243493608700787
203.07912764265058,0.9243950542716277
203.0891276426506,0.924440804172742
203.0991276426506,0.9244866100713112
203.1091276426506,0.92453247146583
203.1191276426506,0.9245783878554005
203.1291276426506,0.9246243587397386
203.1391276426506,0.9246703836191776
203.1491276426506,0.924716461994672
203.1591276426506,0.9247625933678032
203.1691276426506,0.9248087772407838
203.1791276426506,0.9248550131164605
203.1891276426506,0.9249013004983203
203.1991276426506,0.9249476388904946
203.2091276426506,0.924994027797762
203.21912764265062,0.925040466725555
203.2291276426506,0.9250869551799622
203.2391276426506,0.9251334926677343
203.24912764265062,0.9251800786962874
203.2591276426506,0.9252267127737075
203.26912764265063,0.9252733944087553
203.27912764265062,0.9253201231108695
203.2891276426506,0.925366898390172
203.29912764265063,0.925413719757472
203.30912764265062,0.9254605867242691
203.3191276426506,0.9255074988027592
203.32912764265063,0.9255544555058378
203.33912764265062,0.9256014563471037
203.34912764265061,0.9256485008408643
203.35912764265063,0.9256955885021392
203.36912764265062,0.9257427188466636
203.37912764265064,0.925789891390894
203.38912764265064,0.9258371056520107
203.39912764265063,0.9258843611479233
203.40912764265065,0.9259316573972735
203.41912764265064,0.9259789939194398
203.42912764265066,0.9260263702345424
203.43912764265065,0.9260737858634445
203.44912764265064,0.9261212403277597
203.45912764265066,0.9261687331498538
203.46912764265065,0.9262162638528492
203.47912764265064,0.9262638319606296
203.48912764265066,0.9263114369978428
203.49912764265065,0.9263590784899051
203.50912764265064,0.9264067559630063
203.51912764265066,0.9264544689441114
203.52912764265065,0.9265022169609662
203.53912764265067,0.926549999542101
203.54912764265066,0.9265978162168333
203.55912764265065,0.9266456665152732
203.56912764265067,0.9266935499683263
203.57912764265066,0.9267414661076968
203.58912764265068,0.9267894144658931
203.59912764265067,0.92683739457623
203.60912764265066,0.9268854059728333
203.61912764265068,0.9269334481906436
203.62912764265067,0.9269815207654183
203.63912764265066,0.9270296232337382
203.64912764265068,0.9270777551330089
203.65912764265067,0.927125916001465
203.66912764265066,0.9271741053781746
203.67912764265068,0.9272223228030416
203.68912764265067,0.9272705678168103
203.6991276426507,0.9273188399610689
203.70912764265069,0.927367138778252
203.71912764265068,0.927415463811646
203.7291276426507,0.9274638146053911
203.7391276426507,0.9275121907044855
203.7491276426507,0.9275605916547885
203.7591276426507,0.9276090170030249
203.7691276426507,0.9276574662967871
203.7791276426507,0.9277059390845401
203.7891276426507,0.9277544349156231
203.7991276426507,0.9278029533402551
203.8091276426507,0.9278514939095363
203.8191276426507,0.9279000561754526
203.8291276426507,0.9279486396908786
203.8391276426507,0.9279972440095816
203.8491276426507,0.9280458686862236
203.85912764265072,0.9280945132763659
203.8691276426507,0.9281431773364717
203.8791276426507,0.9281918604239097
203.88912764265072,0.9282405620969573
203.8991276426507,0.9282892819148034
203.90912764265073,0.9283380194375525
203.91912764265072,0.9283867742262271
203.9291276426507,0.9284355458427709
203.93912764265073,0.9284843338500534
203.94912764265072,0.9285331378118704
203.9591276426507,0.9285819572929498
203.96912764265073,0.9286307918589533
203.97912764265072,0.9286796410764792
203.98912764265071,0.9287285045130668
203.99912764265073,0.9287773817371987
204.00912764265072,0.928826272318303
204.01912764265074,0.928875175826758
204.02912764265074,0.9289240918338943
204.03912764265073,0.9289730199119975
204.04912764265075,0.9290219596343121
204.05912764265074,0.9290709105750431
204.06912764265076,0.9291198723093606
204.07912764265075,0.9291688444134012
204.08912764265074,0.9292178264642718
204.09912764265076,0.9292668180400524
204.10912764265075,0.9293158187197985
204.11912764265074,0.929364828083544
204.12912764265076,0.9294138457123052
204.13912764265075,0.9294628711880815
204.14912764265074,0.92951190409386
204.15912764265076,0.9295609440136174
204.16912764265075,0.9296099905323228
204.17912764265077,0.9296590432359412
204.18912764265076,0.9297081017114347
204.19912764265075,0.9297571655467666
204.20912764265077,0.9298062343309036
204.21912764265076,0.9298553076538181
204.22912764265078,0.9299043851064913
204.23912764265077,0.9299534662809158
204.24912764265076,0.9300025507700977
204.25912764265078,0.93005163816806
204.26912764265077,0.9301007280698439
204.27912764265076,0.930149820071513
204.28912764265078,0.9301989137701546
204.29912764265077,0.9302480087638824
204.30912764265076,0.9302971046518391
204.31912764265078,0.9303462010341994
204.32912764265077,0.9303952975121714
204.3391276426508,0.9304443936879999
204.34912764265079,0.9304934891649681
204.35912764265078,0.9305425835474008
204.3691276426508,0.9305916764406662
204.3791276426508,0.9306407674511782
204.3891276426508,0.9306898561863991
204.3991276426508,0.9307389422548414
204.4091276426508,0.9307880252660712
204.4191276426508,0.9308371048307089
204.4291276426508,0.9308861805604325
204.4391276426508,0.9309352520679796
204.4491276426508,0.9309843189671498
204.4591276426508,0.9310333808728063
204.4691276426508,0.9310824374008788
204.4791276426508,0.9311314881683651
204.4891276426508,0.9311805327933338
204.49912764265082,0.9312295708949258
204.5091276426508,0.9312786020933564
204.5191276426508,0.9313276260099184
204.52912764265082,0.931376642266983
204.5391276426508,0.9314256504880023
204.54912764265083,0.9314746502975115
204.55912764265082,0.9315236413211303
204.5691276426508,0.9315726231855657
204.57912764265083,0.9316215955186133
204.58912764265082,0.9316705579491594
204.5991276426508,0.9317195101071836
204.60912764265083,0.9317684516237599
204.61912764265082,0.931817382131058
204.62912764265081,0.9318663012623472
204.63912764265083,0.9319152086519962
204.64912764265083,0.9319641039354762
204.65912764265084,0.9320129867493625
204.66912764265084,0.9320618567313351
204.67912764265083,0.9321107135201825
204.68912764265085,0.9321595567558021
204.69912764265084,0.9322083860792016
204.70912764265086,0.9322572011325025
204.71912764265085,0.9323060015589395
204.72912764265084,0.932354787002864
204.73912764265086,0.9324035571097452
204.74912764265085,0.9324523115261708
204.75912764265084,0.9325010498998503
204.76912764265086,0.9325497718796154
204.77912764265085,0.9325984771154214
204.78912764265084,0.9326471652583502
204.79912764265086,0.9326958359606105
204.80912764265085,0.9327444888755393
204.81912764265087,0.9327931236576044
204.82912764265086,0.932841739962405
204.83912764265085,0.9328903374466737
204.84912764265087,0.9329389157682777
204.85912764265086,0.9329874745862197
204.86912764265088,0.9330360135606408
204.87912764265087,0.9330845323528199
204.88912764265086,0.9331330306251769
204.89912764265088,0.933181508041273
204.90912764265087,0.933229964265812
204.91912764265086,0.9332783989646422
204.92912764265088,0.9333268118047572
204.93912764265087,0.9333752024542974
204.94912764265086,0.9334235705825513
204.95912764265088,0.9334719158599564
204.96912764265088,0.9335202379581007
204.9791276426509,0.9335685365497239
204.98912764265089,0.9336168113087184
204.99912764265088,0.9336650619101308
205.0091276426509,0.9337132880301625
205.0191276426509,0.933761489346171
205.0291276426509,0.9338096655366718
205.0391276426509,0.9338578162813378
205.0491276426509,0.9339059412610019
205.0591276426509,0.9339540401576577
205.0691276426509,0.9340021126544599
205.0791276426509,0.9340501584357255
205.0891276426509,0.9340981771869359
205.0991276426509,0.9341461685947356
205.1091276426509,0.9341941323469356
205.1191276426509,0.9342420681325131
205.1291276426509,0.9342899756416118
205.13912764265092,0.9343378545655443
205.1491276426509,0.9343857045967916
205.1591276426509,0.934433525429005
205.16912764265092,0.9344813167570063
205.1791276426509,0.9345290782767884
205.18912764265093,0.9345768096855172
205.19912764265092,0.9346245106815305
205.2091276426509,0.9346721809643413
205.21912764265093,0.9347198202346365
205.22912764265092,0.9347674281942776
205.2391276426509,0.9348150045463028
205.24912764265093,0.9348625489949272
205.25912764265092,0.934910061245542
205.26912764265091,0.9349575410047175
205.27912764265093,0.9350049879802022
205.28912764265093,0.9350524018809233
205.29912764265094,0.9350997824169883
205.30912764265094,0.9351471292996848
205.31912764265093,0.9351944422414811
205.32912764265095,0.9352417209560273
205.33912764265094,0.935288965158155
205.34912764265096,0.9353361745638784
205.35912764265095,0.9353833488903943
205.36912764265094,0.9354304878560833
205.37912764265096,0.9354775911805094
205.38912764265095,0.9355246585844207
205.39912764265094,0.9355716897897501
205.40912764265096,0.9356186845196157
205.41912764265095,0.9356656424983202
205.42912764265094,0.9357125634513528
205.43912764265096,0.935759447105388
205.44912764265095,0.9358062931882869
205.45912764265097,0.9358531014290975
205.46912764265096,0.9358998715580541
205.47912764265095,0.9359466033065782
205.48912764265097,0.9359932964072797
205.49912764265096,0.9360399505939544
205.50912764265098,0.9360865656015871
205.51912764265097,0.93613314116635
205.52912764265096,0.9361796770256038
205.53912764265098,0.9362261729178974
205.54912764265097,0.9362726285829677
205.55912764265096,0.9363190437617402
205.56912764265098,0.9363654181963299
205.57912764265097,0.9364117516300392
205.58912764265096,0.9364580438073599
205.59912764265098,0.9365042944739727
205.60912764265098,0.9365505033767464
205.619127642651,0.9365966702637395
205.62912764265099,0.9366427948841987
205.63912764265098,0.9366888769885595
205.649127642651,0.9367349163284462
205.659127642651,0.9367809126566718
205.669127642651,0.9368268657272377
205.679127642651,0.9368727752953339
205.689127642651,0.9369186411173381
205.699127642651,0.9369644629508175
205.709127642651,0.9370102405545258
205.719127642651,0.9370559736884057
205.729127642651,0.9371016621135869
205.739127642651,0.9371473055923869
205.749127642651,0.9371929038883101
205.759127642651,0.9372384567660487
205.769127642651,0.9372839639914804
205.77912764265102,0.9373294253316704
205.789127642651,0.9373748405548694
205.799127642651,0.9374202094305144
205.80912764265102,0.9374655317292278
205.819127642651,0.9375108072228167
205.82912764265103,0.937556035684274
205.83912764265102,0.9376012168877762
205.849127642651,0.9376463506086838
205.85912764265103,0.937691436623542
205.86912764265102,0.9377364747100778
205.879127642651,0.937781464647202
205.88912764265103,0.9378264062150072
205.89912764265102,0.9378712991947677
205.90912764265101,0.9379161433689397
205.91912764265103,0.9379609385211599
205.92912764265103,0.9380056844362449
205.93912764265104,0.9380503809001915
205.94912764265104,0.9380950277001757
205.95912764265103,0.9381396246245517
205.96912764265105,0.9381841714628525
205.97912764265104,0.9382286680057872
205.98912764265106,0.9382731140452432
205.99912764265105,0.9383175093742824
206.00912764265104,0.9383618537871434
206.01912764265106,0.9384061470792395
206.02912764265105,0.9384503890471573
206.03912764265104,0.9384945794886576
206.04912764265106,0.9385387182026732
206.05912764265105,0.9385828049893092
206.06912764265104,0.9386268396498422
206.07912764265106,0.9386708219867185
206.08912764265105,0.9387147518035545
206.09912764265107,0.938758628905135
206.10912764265106,0.9388024530974133
206.11912764265105,0.9388462241875093
206.12912764265107,0.9388899419837099
206.13912764265106,0.9389336062954665
206.14912764265108,0.9389772169333962
206.15912764265107,0.9390207737092785
206.16912764265106,0.9390642764360568
206.17912764265108,0.939107724927836
206.18912764265107,0.939151118999881
206.19912764265106,0.9391944584686178
206.20912764265108,0.939237743151631
206.21912764265107,0.939280972867663
206.22912764265106,0.9393241474366129
206.23912764265108,0.9393672666795365
206.24912764265108,0.9394103304186436
206.2591276426511,0.9394533384772988
206.26912764265109,0.9394962906800187
206.27912764265108,0.9395391868524721
206.2891276426511,0.9395820268214785
206.2991276426511,0.9396248104150062
206.3091276426511,0.9396675374621729
206.3191276426511,0.9397102077932427
206.3291276426511,0.9397528212396262
206.3391276426511,0.9397953776338794
206.3491276426511,0.939837876809701
206.3591276426511,0.9398803186019331
206.3691276426511,0.9399227028465591
206.3791276426511,0.939965029380702
206.3891276426511,0.9400072980426244
206.3991276426511,0.940049508671726
206.4091276426511,0.9400916611085431
206.41912764265112,0.9401337551947474
206.4291276426511,0.9401757907731436
206.4391276426511,0.94021776768767
206.44912764265112,0.940259685783395
206.4591276426511,0.9403015449065176
206.46912764265113,0.9403433449043651
206.47912764265112,0.9403850856253914
206.4891276426511,0.9404267669191771
206.49912764265113,0.9404683886364267
206.50912764265112,0.9405099506289671
206.5191276426511,0.9405514527497479
206.52912764265113,0.9405928948528379
206.53912764265112,0.940634276793425
206.54912764265111,0.940675598427814
206.55912764265113,0.9407168596134258
206.56912764265113,0.9407580602087952
206.57912764265114,0.94079920007357
206.58912764265114,0.940840279068509
206.59912764265113,0.9408812970554811
206.60912764265115,0.9409222538974631
206.61912764265114,0.9409631494585384
206.62912764265116,0.9410039836038959
206.63912764265115,0.9410447561998273
206.64912764265114,0.9410854671137266
206.65912764265116,0.9411261162140884
206.66912764265115,0.9411667033705053
206.67912764265114,0.9412072284536676
206.68912764265116,0.9412476913353608
206.69912764265115,0.9412880918884639
206.70912764265114,0.9413284299869483
206.71912764265116,0.9413687055058761
206.72912764265115,0.9414089183213977
206.73912764265117,0.9414490683107507
206.74912764265116,0.9414891553522581
206.75912764265115,0.9415291793253262
206.76912764265117,0.9415691401104438
206.77912764265116,0.9416090375891792
206.78912764265118,0.9416488716441795
206.79912764265117,0.9416886421591681
206.80912764265116,0.9417283490189434
206.81912764265118,0.9417679921093769
206.82912764265117,0.941807571317411
206.83912764265116,0.9418470865310576
206.84912764265118,0.9418865376393963
206.85912764265117,0.9419259245325724
206.86912764265116,0.9419652471017947
206.87912764265118,0.9420045052393349
206.88912764265118,0.9420436988385235
206.8991276426512,0.9420828277937503
206.90912764265119,0.9421218920004611
206.91912764265118,0.9421608913551558
206.9291276426512,0.9421998257553877
206.9391276426512,0.9422386950997595
206.9491276426512,0.9422774992879235
206.9591276426512,0.9423162382205781
206.9691276426512,0.9423549117994665
206.9791276426512,0.9423935199273752
206.9891276426512,0.9424320625081303
206.9991276426512,0.9424705394465979
207.0091276426512,0.9425089506486802
207.0191276426512,0.9425472960213142
207.0291276426512,0.9425855754724695
207.0391276426512,0.9426237889111466
207.0491276426512,0.9426619362473746
207.05912764265122,0.942700017392209
207.0691276426512,0.9427380322577299
207.0791276426512,0.9427759807570397
207.08912764265122,0.9428138628042614
207.0991276426512,0.942851678314536
207.10912764265123,0.9428894272040204
207.11912764265122,0.942927109389886
207.1291276426512,0.9429647247903157
207.13912764265123,0.9430022733245024
207.14912764265122,0.9430397549126461
207.1591276426512,0.9430771694759531
207.16912764265123,0.943114516936632
207.17912764265122,0.943151797217893
207.18912764265121,0.9431890102439454
207.19912764265123,0.9432261559399946
207.20912764265123,0.9432632342322407
207.21912764265124,0.9433002450478766
207.22912764265124,0.9433371883150845
207.23912764265123,0.943374063963035
207.24912764265125,0.9434108719218842
207.25912764265124,0.9434476121227713
207.26912764265126,0.9434842844978168
207.27912764265125,0.9435208889801199
207.28912764265124,0.9435574255037563
207.29912764265126,0.9435938940037765
207.30912764265125,0.9436302944162018
207.31912764265124,0.9436666266780246
207.32912764265126,0.9437028907272036
207.33912764265125,0.943739086502663
207.34912764265124,0.9437752139442895
207.35912764265126,0.9438112729929305
207.36912764265125,0.9438472635903911
207.37912764265127,0.9438831856794321
207.38912764265126,0.9439190392037679
207.39912764265125,0.9439548241080635
207.40912764265127,0.943990540337933
207.41912764265126,0.944026187839936
207.42912764265128,0.9440617665615766
207.43912764265127,0.9440972764512997
207.44912764265126,0.9441327174584897
207.45912764265128,0.9441680895334675
207.46912764265127,0.9442033926274878
207.47912764265126,0.9442386266927374
207.48912764265128,0.9442737916823325
207.49912764265127,0.9443088875503156
207.50912764265126,0.9443439142516543
207.51912764265128,0.9443788717422379
207.52912764265128,0.9444137599788749
207.5391276426513,0.9444485789192912
207.54912764265129,0.944483328522127
207.55912764265128,0.9445180087469347
207.5691276426513,0.9445526195541762
207.5791276426513,0.9445871609052203
207.5891276426513,0.9446216327623409
207.5991276426513,0.9446560350887132
207.6091276426513,0.9446903678484123
207.6191276426513,0.9447246310064106
207.6291276426513,0.9447588245285742
207.6391276426513,0.9447929483816617
207.6491276426513,0.9448270025333211
207.6591276426513,0.9448609869520869
207.6691276426513,0.9448949016073779
207.6791276426513,0.944928746469495
207.6891276426513,0.9449625215096178
207.69912764265132,0.9449962266998025
207.7091276426513,0.9450298620129797
207.7191276426513,0.9450634274229508
207.72912764265132,0.9450969229043863
207.7391276426513,0.945130348432823
207.74912764265133,0.945163703984661
207.75912764265132,0.9451969895371615
207.7691276426513,0.945230205068444
207.77912764265133,0.9452633505574841
207.78912764265132,0.94529642598411
207.7991276426513,0.9453294313290006
207.80912764265133,0.9453623665736829
207.81912764265132,0.9453952317005283
207.82912764265131,0.9454280266927517
207.83912764265133,0.9454607515344075
207.84912764265133,0.9454934062103868
207.85912764265134,0.9455259907064164
207.86912764265134,0.9455585050090538
207.87912764265133,0.9455909491056868
207.88912764265135,0.9456233229845287
207.89912764265134,0.9456556266346177
207.90912764265136,0.9456878600458123
207.91912764265135,0.9457200232087901
207.92912764265134,0.9457521161150443
207.93912764265136,0.9457841387568809
207.94912764265135,0.9458160911274167
207.95912764265134,0.945847973220576
207.96912764265136,0.945879785031088
207.97912764265135,0.9459115265544841
207.98912764265134,0.9459431977870956
207.99912764265136,0.9459747987260498
208.00912764265135,0.946006329369269
208.01912764265137,0.9460377897154663
208.02912764265136,0.9460691797641431
208.03912764265135,0.9461004995155875
208.04912764265137,0.9461317489708699
208.05912764265136,0.9461629281318413
208.06912764265138,0.9461940370011307
208.07912764265137,0.946225075582141
208.08912764265136,0.9462560438790482
208.09912764265138,0.946286941896797
208.10912764265137,0.9463177696410987
208.11912764265136,0.9463485271184287
208.12912764265138,0.9463792143360228
208.13912764265137,0.9464098313018757
208.14912764265137,0.9464403780247371
208.15912764265138,0.9464708545141096
208.16912764265138,0.9465012607802454
208.1791276426514,0.9465315968341439
208.18912764265139,0.9465618626875488
208.19912764265138,0.9465920583529456
208.2091276426514,0.9466221838435579
208.2191276426514,0.9466522391733455
208.2291276426514,0.9466822243570016
208.2391276426514,0.9467121394099489
208.2491276426514,0.9467419843483385
208.2591276426514,0.9467717591890453
208.2691276426514,0.9468014639496668
208.2791276426514,0.946831098648519
208.2891276426514,0.9468606633046345
208.2991276426514,0.9468901579377589
208.3091276426514,0.9469195825683486
208.3191276426514,0.9469489372175681
208.3291276426514,0.9469782219072861
208.33912764265142,0.9470074366600738
208.3491276426514,0.9470365814992017
208.3591276426514,0.9470656564486366
208.36912764265142,0.9470946615330391
208.3791276426514,0.9471235967777604
208.38912764265143,0.9471524622088395
208.39912764265142,0.9471812578530008
208.4091276426514,0.9472099837376508
208.41912764265143,0.9472386398908753
208.42912764265142,0.9472672263414368
208.4391276426514,0.9472957431187715
208.44912764265143,0.9473241902529865
208.45912764265142,0.9473525677748568
208.46912764265142,0.9473808757158226
208.47912764265143,0.9474091141079866
208.48912764265143,0.9474372829841107
208.49912764265144,0.9474653823776137
208.50912764265144,0.9474934123225679
208.51912764265143,0.9475213728536969
208.52912764265145,0.947549264006372
208.53912764265144,0.9475770858166095
208.54912764265146,0.9476048383210688
208.55912764265145,0.9476325215570481
208.56912764265144,0.9476601355624826
208.57912764265146,0.9476876803759414
208.58912764265145,0.947715156036624
208.59912764265144,0.9477425625843583
208.60912764265146,0.9477699000595974
208.61912764265145,0.9477971685034166
208.62912764265144,0.9478243679575108
208.63912764265146,0.9478514984641917
208.64912764265145,0.9478785600663842
208.65912764265147,0.9479055528076248
208.66912764265146,0.9479324767320572
208.67912764265145,0.9479593318844313
208.68912764265147,0.9479861183100985
208.69912764265146,0.94801283605501
208.70912764265148,0.9480394851657135
208.71912764265147,0.9480660656893504
208.72912764265146,0.948092577673653
208.73912764265148,0.9481190211669419
208.74912764265147,0.9481453962181223
208.75912764265146,0.9481717028766823
208.76912764265148,0.948197941192689
208.77912764265147,0.948224111216786
208.78912764265147,0.9482502130001911
208.79912764265148,0.9482762465946928
208.80912764265148,0.9483022120526473
208.8191276426515,0.9483281094269763
208.82912764265149,0.9483539387711635
208.83912764265148,0.9483797001392524
208.8491276426515,0.9484053935858431
208.8591276426515,0.9484310191660887
208.8691276426515,0.9484565769356941
208.8791276426515,0.948482066950912
208.8891276426515,0.9485074892685399
208.8991276426515,0.9485328439459182
208.9091276426515,0.9485581310409265
208.9191276426515,0.9485833506119806
208.9291276426515,0.9486085027180313
208.9391276426515,0.9486335874185594
208.9491276426515,0.9486586047735738
208.9591276426515,0.9486835548436094
208.9691276426515,0.9487084376897228
208.97912764265152,0.9487332533734908
208.9891276426515,0.9487580019570065
208.9991276426515,0.9487826835028775
209.00912764265152,0.9488072980742218
209.0191276426515,0.9488318457346662
209.02912764265153,0.948856326548343
209.03912764265152,0.9488807405798867
209.0491276426515,0.9489050878944318
209.05912764265153,0.9489293685576103
209.06912764265152,0.9489535826355475
209.0791276426515,0.9489777301948605
209.08912764265153,0.949001811302655
209.09912764265152,0.9490258260265222
209.10912764265152,0.9490497744345365
209.11912764265153,0.949073656595252
209.12912764265153,0.9490974725777004
209.13912764265154,0.9491212224513876
209.14912764265154,0.9491449062862917
209.15912764265153,0.9491685241528588
209.16912764265155,0.9491920761220022
209.17912764265154,0.9492155622650975
209.18912764265156,0.9492389826539814
209.19912764265155,0.9492623373609479
209.20912764265154,0.9492856264587463
209.21912764265156,0.9493088500205777
209.22912764265155,0.9493320081200929
209.23912764265154,0.949355100831389
209.24912764265156,0.9493781282290069
209.25912764265155,0.9494010903879286
209.26912764265154,0.9494239873835746
209.27912764265156,0.9494468192918003
209.28912764265155,0.9494695861888943
209.29912764265157,0.949492288151575
209.30912764265156,0.9495149252569881
209.31912764265155,0.9495374975827033
209.32912764265157,0.949560005206713
209.33912764265156,0.9495824482074273
209.34912764265158,0.9496048266636734
209.35912764265157,0.9496271406546916
209.36912764265156,0.9496493902601328
209.37912764265158,0.9496715755600563
209.38912764265157,0.9496936966349262
209.39912764265156,0.9497157535656096
209.40912764265158,0.9497377464333727
209.41912764265157,0.9497596753198796
209.42912764265157,0.9497815403071881
209.43912764265158,0.9498033414777481
209.44912764265158,0.9498250789143979
209.4591276426516,0.9498467527003628
209.46912764265159,0.9498683629192506
209.47912764265158,0.949889909655051
209.4891276426516,0.9499113929921312
209.4991276426516,0.9499328130152338
209.5091276426516,0.9499541698094744
209.5191276426516,0.9499754634603386
209.5291276426516,0.9499966940536791
209.5391276426516,0.950017861675714
209.5491276426516,0.9500389664130225
209.5591276426516,0.9500600083525441
209.5691276426516,0.9500809875815742
209.5791276426516,0.9501019041877629
209.5891276426516,0.950122758259111
209.5991276426516,0.9501435498839689
209.6091276426516,0.9501642791510322
209.61912764265162,0.9501849461493409
209.6291276426516,0.9502055509682746
209.6391276426516,0.9502260936975523
209.64912764265162,0.9502465744272278
209.6591276426516,0.9502669932476879
209.66912764265163,0.9502873502496503
209.67912764265162,0.9503076455241594
209.6891276426516,0.9503278791625854
209.69912764265163,0.9503480512566208
209.70912764265162,0.9503681618982779
209.7191276426516,0.9503882111798865
209.72912764265163,0.9504081991940904
209.73912764265162,0.9504281260338463
209.74912764265162,0.9504479917924202
209.75912764265163,0.9504677965633849
209.76912764265163,0.9504875404406172
209.77912764265164,0.9505072235182964
209.78912764265164,0.9505268458909006
209.79912764265163,0.9505464076532046
209.80912764265165,0.9505659089002776
209.81912764265164,0.9505853497274795
209.82912764265166,0.9506047302304605
209.83912764265165,0.9506240505051564
209.84912764265164,0.950643310647787
209.85912764265166,0.9506625107548538
209.86912764265165,0.9506816509231371
209.87912764265164,0.9507007312496935
209.88912764265166,0.9507197518318535
209.89912764265165,0.950738712767219
209.90912764265164,0.9507576141536609
209.91912764265166,0.950776456089316
209.92912764265165,0.9507952386725855
209.93912764265167,0.9508139620021316
209.94912764265166,0.9508326261768756
209.95912764265165,0.9508512312959951
209.96912764265167,0.9508697774589219
209.97912764265166,0.9508882647653386
209.98912764265168,0.9509066933151779
209.99912764265167,0.9509250632086182
210.00912764265166,0.9509433745460822
210.01912764265168,0.9509616274282349
210.02912764265167,0.9509798219559795
210.03912764265166,0.9509979582304569
210.04912764265168,0.9510160363530421
210.05912764265167,0.9510340564253419
210.06912764265167,0.9510520185491927
210.07912764265168,0.9510699228266586
210.08912764265168,0.9510877693600276
210.0991276426517,0.9511055582518106
210.10912764265169,0.9511232896047381
210.11912764265168,0.9511409635217587
210.1291276426517,0.9511585801060359
210.1391276426517,0.9511761394609457
210.1491276426517,0.9511936416900751
210.1591276426517,0.951211086897219
210.1691276426517,0.9512284751863778
210.1791276426517,0.9512458066617555
210.1891276426517,0.9512630814277574
210.1991276426517,0.9512802995889869
210.2091276426517,0.9512974612502444
210.2191276426517,0.9513145665165237
210.2291276426517,0.9513316154930112
210.2391276426517,0.9513486082850818
210.2491276426517,0.9513655449982982
210.25912764265172,0.9513824257384076
210.2691276426517,0.9513992506113397
210.2791276426517,0.9514160197232044
210.28912764265172,0.9514327331802901
210.2991276426517,0.9514493910890599
210.30912764265173,0.951465993556151
210.31912764265172,0.9514825406883717
210.3291276426517,0.951499032592699
210.33912764265173,0.9515154693762765
210.34912764265172,0.9515318511464123
210.3591276426517,0.9515481780105767
210.36912764265173,0.9515644500763998
210.37912764265172,0.9515806674516694
210.38912764265172,0.9515968302443287
210.39912764265173,0.9516129385624746
210.40912764265173,0.9516289925143546
210.41912764265174,0.9516449922083652
210.42912764265174,0.9516609377530495
210.43912764265173,0.9516768292570954
210.44912764265175,0.9516926668293327
210.45912764265174,0.9517084505787313
210.46912764265176,0.9517241806143996
210.47912764265175,0.9517398570455813
210.48912764265174,0.951755479981654
210.49912764265176,0.9517710495321267
210.50912764265175,0.9517865658066377
210.51912764265174,0.9518020289149527
210.52912764265176,0.9518174389669624
210.53912764265175,0.9518327960726806
210.54912764265174,0.9518481003422418
210.55912764265176,0.9518633518858994
210.56912764265175,0.9518785508140235
210.57912764265177,0.9518936972370988
210.58912764265176,0.9519087912657223
210.59912764265175,0.9519238330106012
210.60912764265177,0.9519388225825518
210.61912764265176,0.9519537600924963
210.62912764265178,0.9519686456514608
210.63912764265177,0.9519834793705737
210.64912764265176,0.951998261361064
210.65912764265178,0.9520129917342581
210.66912764265177,0.9520276706015789
210.67912764265176,0.9520422980745433
210.68912764265178,0.95205687426476
210.69912764265177,0.9520713992839278
210.70912764265177,0.9520858732438335
210.71912764265178,0.9521002962563503
210.72912764265178,0.9521146684334343
210.7391276426518,0.9521289898871249
210.74912764265179,0.9521432607295408
210.75912764265178,0.9521574810728789
210.7691276426518,0.9521716510294126
210.7791276426518,0.9521857707114889
210.7891276426518,0.9521998402315274
210.7991276426518,0.9522138597020179
210.8091276426518,0.9522278292355184
210.8191276426518,0.952241748944654
210.8291276426518,0.9522556189421129
210.8391276426518,0.9522694393406472
210.8491276426518,0.9522832102530695
210.8591276426518,0.9522969317922503
210.8691276426518,0.9523106040711181
210.8791276426518,0.9523242272026559
210.8891276426518,0.9523378012998995
210.89912764265182,0.9523513264759369
210.9091276426518,0.9523648028439042
210.9191276426518,0.9523782305169866
210.92912764265182,0.9523916096084137
210.9391276426518,0.9524049402314595
210.94912764265183,0.9524182224994402
210.95912764265182,0.9524314565257117
210.9691276426518,0.9524446424236689
210.97912764265183,0.9524577803067428
210.98912764265182,0.9524708702883992
210.9991276426518,0.952483912482137
211.00912764265183,0.9524969070014864
211.01912764265182,0.9525098539600068
211.02912764265182,0.9525227534712851
211.03912764265183,0.9525356056489346
211.04912764265183,0.9525484106065919
211.05912764265184,0.9525611684579167
211.06912764265184,0.9525738793165885
211.07912764265183,0.9525865432963067
211.08912764265185,0.9525991605107867
211.09912764265184,0.95261173107376
211.10912764265186,0.9526242550989714
211.11912764265185,0.9526367327001781
211.12912764265184,0.952649163991147
211.13912764265186,0.9526615490856541
211.14912764265185,0.9526738880974819
211.15912764265184,0.9526861811404181
211.16912764265186,0.9526984283282542
211.17912764265185,0.9527106297747835
211.18912764265184,0.9527227855937991
211.19912764265186,0.9527348958990931
211.20912764265185,0.9527469608044543
211.21912764265187,0.9527589804236668
211.22912764265186,0.9527709548705081
211.23912764265185,0.952782884258748
211.24912764265187,0.9527947687021467
211.25912764265186,0.9528066083144532
211.26912764265188,0.9528184032094031
211.27912764265187,0.9528301535007184
211.28912764265186,0.9528418593021044
211.29912764265188,0.9528535207272497
211.30912764265187,0.9528651378898227
211.31912764265186,0.9528767109034718
211.32912764265188,0.9528882398818229
211.33912764265187,0.9528997249384779
211.34912764265187,0.9529111661870138
211.35912764265188,0.95292256374098
211.36912764265188,0.9529339177138983
211.3791276426519,0.95294522821926
211.38912764265189,0.9529564953705248
211.39912764265188,0.9529677192811201
211.4091276426519,0.9529789000644382
211.4191276426519,0.9529900378338356
211.4291276426519,0.9530011327026314
211.4391276426519,0.953012184784106
211.4491276426519,0.953023194191499
211.4591276426519,0.9530341610380085
211.4691276426519,0.9530450854367889
211.4791276426519,0.9530559675009503
211.4891276426519,0.9530668073435563
211.4991276426519,0.953077605077623
211.5091276426519,0.9530883608161171
211.5191276426519,0.9530990746719559
211.5291276426519,0.9531097467580031
211.53912764265192,0.9531203771870707
211.5491276426519,0.9531309660719148
211.5591276426519,0.9531415135252366
211.56912764265192,0.9531520196596788
211.5791276426519,0.9531624845878258
211.58912764265193,0.9531729084222019
211.59912764265192,0.9531832912752692
211.6091276426519,0.953193633259428
211.61912764265193,0.953203934487013
211.62912764265192,0.9532141950702944
211.6391276426519,0.9532244151214748
211.64912764265193,0.953234594752689
211.65912764265192,0.953244734076002
211.66912764265192,0.9532548332034076
211.67912764265193,0.9532648922468284
211.68912764265193,0.9532749113181124
211.69912764265194,0.9532848905290336
211.70912764265194,0.9532948299912894
211.71912764265193,0.9533047298165006
211.72912764265195,0.9533145901162087
211.73912764265194,0.9533244110018756
211.74912764265196,0.9533341925848824
211.75912764265195,0.9533439349765274
211.76912764265194,0.9533536382880254
211.77912764265196,0.9533633026305071
211.78912764265195,0.9533729281150162
211.79912764265194,0.9533825148525095
211.80912764265196,0.9533920629538557
211.81912764265195,0.9534015725298335
211.82912764265194,0.9534110436911304
211.83912764265196,0.9534204765483428
211.84912764265195,0.9534298712119731
211.85912764265197,0.9534392277924295
211.86912764265196,0.9534485464000249
211.87912764265195,0.9534578271449751
211.88912764265197,0.9534670701373983
211.89912764265196,0.9534762754873135
211.90912764265198,0.9534854433046398
211.91912764265197,0.9534945736991948
211.92912764265196,0.9535036667806935
211.93912764265198,0.9535127226587483
211.94912764265197,0.9535217414428657
211.95912764265196,0.9535307232424474
211.96912764265198,0.9535396681667878
211.97912764265197,0.9535485763250735
211.98912764265197,0.9535574478263822
211.99912764265198,0.9535662827796814
212.00912764265198,0.9535750812938276
212.019127642652,0.953583843477565
212.02912764265199,0.9535925694395244
212.03912764265198,0.9536012592882225
212.049127642652,0.9536099131320607
212.059127642652,0.9536185310793238
212.069127642652,0.9536271132381795
212.079127642652,0.9536356597166766
212.089127642652,0.9536441706227451
212.099127642652,0.9536526460641942
212.109127642652,0.9536610861487114
212.119127642652,0.9536694909838621
212.129127642652,0.9536778606770886
212.139127642652,0.9536861953357081
212.149127642652,0.953694495066913
212.159127642652,0.9537027599777692
212.169127642652,0.953710990175215
212.17912764265202,0.953719185766061
212.189127642652,0.9537273468569882
212.199127642652,0.9537354735545478
212.20912764265202,0.9537435659651596
212.219127642652,0.953751624195112
212.22912764265203,0.9537596483505598
212.23912764265202,0.9537676385375244
212.249127642652,0.9537755948618927
212.25912764265203,0.9537835174294154
212.26912764265202,0.9537914063457074
212.279127642652,0.9537992617162455
212.28912764265203,0.9538070836463691
212.29912764265202,0.9538148722412776
212.30912764265202,0.9538226276060313
212.31912764265203,0.9538303498455487
212.32912764265203,0.9538380390646075
212.33912764265204,0.9538456953678424
212.34912764265204,0.9538533188597447
212.35912764265203,0.9538609096446617
212.36912764265205,0.9538684678267957
212.37912764265204,0.953875993510203
212.38912764265206,0.9538834867987932
212.39912764265205,0.9538909477963287
212.40912764265204,0.9538983766064233
212.41912764265206,0.953905773332542
212.42912764265205,0.9539131380780003
212.43912764265204,0.9539204709459621
212.44912764265206,0.953927772039441
212.45912764265205,0.9539350414612977
212.46912764265204,0.9539422793142405
212.47912764265206,0.9539494857008237
212.48912764265205,0.9539566607234473
212.49912764265207,0.953963804484356
212.50912764265206,0.9539709170856394
212.51912764265205,0.9539779986292292
212.52912764265207,0.9539850492169007
212.53912764265206,0.9539920689502711
212.54912764265208,0.9539990579307984
212.55912764265207,0.9540060162597818
212.56912764265206,0.9540129440383595
212.57912764265208,0.9540198413675095
212.58912764265207,0.954026708348048
212.59912764265206,0.9540335450806295
212.60912764265208,0.954040351665745
212.61912764265207,0.9540471282037221
212.62912764265207,0.9540538747947244
212.63912764265208,0.9540605915387506
212.64912764265208,0.9540672785356337
212.6591276426521,0.954073935885041
212.6691276426521,0.9540805636864726
212.67912764265208,0.9540871620392615
212.6891276426521,0.9540937310425724
212.6991276426521,0.9541002707954018
212.7091276426521,0.9541067813965765
212.7191276426521,0.9541132629447535
212.7291276426521,0.9541197155384196
212.7391276426521,0.9541261392758907
212.7491276426521,0.9541325342553106
212.7591276426521,0.9541389005746512
212.7691276426521,0.9541452383317115
212.7791276426521,0.9541515476241174
212.7891276426521,0.9541578285493204
212.7991276426521,0.9541640812045982
212.8091276426521,0.9541703056870529
212.81912764265212,0.9541765020936115
212.8291276426521,0.9541826705210242
212.8391276426521,0.9541888110658656
212.84912764265212,0.9541949238245324
212.8591276426521,0.9542010088932437
212.86912764265213,0.9542070663680406
212.87912764265212,0.9542130963447855
212.8891276426521,0.9542190989191615
212.89912764265213,0.9542250741866718
212.90912764265212,0.95423102224264
212.91912764265211,0.9542369431822082
212.92912764265213,0.954242837100338
212.93912764265212,0.9542487040918092
212.94912764265212,0.9542545442512191
212.95912764265213,0.954260357672983
212.96912764265213,0.9542661444513327
212.97912764265214,0.954271904680317
212.98912764265214,0.9542776384538002
212.99912764265213,0.9542833458654626
213.00912764265215,0.9542890270087994
213.01912764265214,0.954294681977121
213.02912764265216,0.9543003108635515
213.03912764265215,0.9543059137610297
213.04912764265214,0.9543114907623071
213.05912764265216,0.9543170419599489
213.06912764265215,0.9543225674463324
213.07912764265214,0.9543280673136478
213.08912764265216,0.9543335416538968
213.09912764265215,0.9543389905588926
213.10912764265214,0.9543444141202597
213.11912764265216,0.9543498124294334
213.12912764265215,0.9543551855776587
213.13912764265217,0.9543605336559917
213.14912764265216,0.9543658567552973
213.15912764265215,0.9543711549662498
213.16912764265217,0.9543764283793328
213.17912764265216,0.9543816770848385
213.18912764265218,0.9543869011728664
213.19912764265217,0.9543921007333253
213.20912764265216,0.9543972758559305
213.21912764265218,0.9544024266302052
213.22912764265217,0.9544075531454794
213.23912764265216,0.9544126554908894
213.24912764265218,0.9544177337553779
213.25912764265217,0.9544227880276942
213.26912764265217,0.9544278183963926
213.27912764265218,0.9544328249498331
213.28912764265218,0.9544378077761808
213.2991276426522,0.9544427669634057
213.3091276426522,0.9544477025992822
213.31912764265218,0.9544526147713892
213.3291276426522,0.9544575035671096
213.3391276426522,0.9544623690736298
213.3491276426522,0.9544672113779398
213.3591276426522,0.9544720305668329
213.3691276426522,0.9544768267269057
213.3791276426522,0.9544815999445568
213.3891276426522,0.9544863503059879
213.3991276426522,0.9544910778972029
213.4091276426522,0.9544957828040075
213.4191276426522,0.9545004651120093
213.4291276426522,0.9545051249066175
213.4391276426522,0.9545097622730428
213.4491276426522,0.9545143772962968
213.45912764265222,0.9545189700611924
213.4691276426522,0.9545235406523427
213.4791276426522,0.9545280891541619
213.48912764265222,0.9545326156508642
213.4991276426522,0.9545371202264643
213.50912764265223,0.9545416029647766
213.51912764265222,0.9545460639494153
213.5291276426522,0.9545505032637945
213.53912764265223,0.9545549209911273
213.54912764265222,0.9545593172144266
213.55912764265221,0.9545636920165039
213.56912764265223,0.9545680454799704
213.57912764265222,0.9545723776872352
213.58912764265222,0.9545766887205068
213.59912764265223,0.954580978661792
213.60912764265223,0.9545852475928958
213.61912764265224,0.9545894955954214
213.62912764265224,0.9545937227507708
213.63912764265223,0.9545979291401431
213.64912764265225,0.9546021148445357
213.65912764265224,0.9546062799447441
213.66912764265226,0.9546104245213606
213.67912764265225,0.9546145486547758
213.68912764265224,0.9546186524251772
213.69912764265226,0.9546227359125499
213.70912764265225,0.954626799196676
213.71912764265224,0.9546308423571354
213.72912764265226,0.9546348654733038
213.73912764265225,0.954638868624355
213.74912764265224,0.9546428518892593
213.75912764265226,0.9546468153467835
213.76912764265225,0.9546507590754916
213.77912764265227,0.9546546831537438
213.78912764265226,0.9546585876596974
213.79912764265225,0.9546624726713058
213.80912764265227,0.9546663382663192
213.81912764265226,0.9546701845222838
213.82912764265228,0.9546740115165429
213.83912764265227,0.9546778193262351
213.84912764265226,0.9546816080282963
213.85912764265228,0.9546853776994582
213.86912764265227,0.9546891284162486
213.87912764265226,0.9546928602549917
213.88912764265228,0.954696573291808
213.89912764265227,0.9547002676026135
213.90912764265227,0.9547039432631215
213.91912764265228,0.9547076003488401
213.92912764265228,0.9547112389350743
213.9391276426523,0.9547148590969252
213.9491276426523,0.9547184609092896
213.95912764265228,0.9547220444468607
213.9691276426523,0.9547256097841277
213.9791276426523,0.954729156995376
213.9891276426523,0.9547326861546869
213.9991276426523,0.9547361973359383
214.0091276426523,0.9547396906128036
214.0191276426523,0.9547431660587529
214.0291276426523,0.9547466237470524
214.0391276426523,0.9547500637507645
214.0491276426523,0.9547534861427477
214.0591276426523,0.954756890995657
214.0691276426523,0.954760278381944
214.0791276426523,0.954763648373856
214.0891276426523,0.9547670010434375
214.09912764265232,0.9547703364625288
214.1091276426523,0.9547736547027672
214.1191276426523,0.9547769558355866
214.12912764265232,0.9547802399322176
214.1391276426523,0.954783507063687
214.14912764265233,0.9547867573008191
214.15912764265232,0.9547899907142345
214.1691276426523,0.9547932073743512
214.17912764265233,0.9547964073513839
214.18912764265232,0.9547995907153446
214.19912764265231,0.9548027575360423
214.20912764265233,0.9548059078830833
214.21912764265232,0.9548090418258713
214.22912764265232,0.9548121594336078
214.23912764265233,0.9548152607752911
214.24912764265233,0.9548183459197179
214.25912764265235,0.9548214149354822
214.26912764265234,0.9548244678909761
214.27912764265233,0.9548275048543893
214.28912764265235,0.9548305258937101
214.29912764265234,0.9548335310767246
214.30912764265236,0.9548365204710175
214.31912764265235,0.9548394941439716
214.32912764265234,0.9548424521627686
214.33912764265236,0.9548453945943887
214.34912764265235,0.9548483215056109
214.35912764265234,0.9548512329630132
214.36912764265236,0.9548541290329728
214.37912764265235,0.9548570097816658
214.38912764265234,0.9548598752750681
214.39912764265236,0.9548627255789548
214.40912764265235,0.9548655607589007
214.41912764265237,0.9548683808802805
214.42912764265236,0.9548711860082688
214.43912764265235,0.9548739762078405
214.44912764265237,0.9548767515437705
214.45912764265236,0.954879512080634
214.46912764265238,0.9548822578828076
214.47912764265237,0.9548849890144675
214.48912764265236,0.9548877055395919
214.49912764265238,0.9548904075219595
214.50912764265237,0.9548930950251504
214.51912764265236,0.9548957681125462
214.52912764265238,0.9548984268473304
214.53912764265237,0.9549010712924877
214.54912764265237,0.9549037015108055
214.55912764265238,0.954906317564873
214.56912764265238,0.9549089195170817
214.5791276426524,0.9549115074296259
214.5891276426524,0.9549140813645027
214.59912764265238,0.9549166413835122
214.6091276426524,0.9549191875482572
214.6191276426524,0.9549217199201445
214.6291276426524,0.9549242385603843
214.6391276426524,0.9549267435299904
214.6491276426524,0.9549292348897804
214.6591276426524,0.9549317127003769
214.6691276426524,0.9549341770222061
214.6791276426524,0.9549366279154994
214.6891276426524,0.9549390654402926
214.6991276426524,0.954941489656427
214.7091276426524,0.9549439006235488
214.7191276426524,0.9549462984011103
214.7291276426524,0.9549486830483688
214.73912764265242,0.9549510546243882
214.7491276426524,0.9549534131880387
214.7591276426524,0.9549557587979962
214.76912764265242,0.954958091512744
214.7791276426524,0.9549604113905722
214.78912764265243,0.9549627184895777
214.79912764265242,0.9549650128676657
214.8091276426524,0.9549672945825477
214.81912764265243,0.9549695636917445
214.82912764265242,0.9549718202525841
214.83912764265241,0.9549740643222033
214.84912764265243,0.954976295957548
214.85912764265242,0.9549785152153718
214.86912764265242,0.954980722152239
214.87912764265243,0.954982916824522
214.88912764265243,0.954985099288404
214.89912764265245,0.9549872695998772
214.90912764265244,0.9549894278147448
214.91912764265243,0.9549915739886202
214.92912764265245,0.9549937081769277
214.93912764265244,0.9549958304349022
214.94912764265246,0.9549979408175904
214.95912764265245,0.9550000393798506
214.96912764265244,0.9550021261763526
214.97912764265246,0.9550042012615789
214.98912764265245,0.9550062646898236
214.99912764265244,0.9550083165151946
215.00912764265246,0.955010356791612
215.01912764265245,0.9550123855728092
215.02912764265244,0.9550144029123335
215.03912764265246,0.9550164088635462
215.04912764265245,0.9550184034796223
215.05912764265247,0.9550203868135514
215.06912764265246,0.9550223589181381
215.07912764265245,0.9550243198460018
215.08912764265247,0.9550262696495772
215.09912764265246,0.9550282083811147
215.10912764265248,0.9550301360926807
215.11912764265247,0.955032052836158
215.12912764265246,0.9550339586632455
215.13912764265248,0.9550358536254594
215.14912764265247,0.9550377377741328
215.15912764265246,0.9550396111604165
215.16912764265248,0.9550414738352787
215.17912764265247,0.955043325849506
215.18912764265247,0.9550451672537037
215.19912764265248,0.9550469980982949
215.20912764265248,0.9550488184335229
215.2191276426525,0.9550506283094491
215.2291276426525,0.955052427775956
215.23912764265248,0.9550542168827449
215.2491276426525,0.9550559956793381
215.2591276426525,0.9550577642150782
215.2691276426525,0.9550595225391288
215.2791276426525,0.9550612707004752
215.2891276426525,0.9550630087479239
215.2991276426525,0.9550647367301037
215.3091276426525,0.9550664546954654
215.3191276426525,0.9550681626922821
215.3291276426525,0.955069860768651
215.3391276426525,0.9550715489724911
215.3491276426525,0.9550732273515465
215.3591276426525,0.9550748959533841
215.3691276426525,0.9550765548253959
215.37912764265252,0.9550782040147978
215.3891276426525,0.9550798435686314
215.3991276426525,0.9550814735337632
215.40912764265252,0.9550830939568854
215.4191276426525,0.9550847048845164
215.42912764265253,0.9550863063630006
215.43912764265252,0.9550878984385099
215.4491276426525,0.9550894811570422
215.45912764265253,0.9550910545644236
215.46912764265252,0.9550926187063072
215.47912764265251,0.9550941736281753
215.48912764265253,0.9550957193753374
215.49912764265252,0.9550972559929329
215.50912764265252,0.9550987835259296
215.51912764265253,0.9551003020191253
215.52912764265253,0.9551018115171472
215.53912764265255,0.9551033120644532
215.54912764265254,0.9551048037053316
215.55912764265253,0.9551062864839015
215.56912764265255,0.9551077604441135
215.57912764265254,0.9551092256297499
215.58912764265256,0.9551106820844248
215.59912764265255,0.955112129851585
215.60912764265254,0.9551135689745096
215.61912764265256,0.9551149994963116
215.62912764265255,0.9551164214599366
215.63912764265254,0.9551178349081646
215.64912764265256,0.9551192398836097
215.65912764265255,0.9551206364287204
215.66912764265254,0.9551220245857805
215.67912764265256,0.955123404396909
215.68912764265255,0.9551247759040604
215.69912764265257,0.9551261391490256
215.70912764265256,0.9551274941734316
215.71912764265255,0.9551288410187424
215.72912764265257,0.9551301797262592
215.73912764265256,0.9551315103371207
215.74912764265258,0.9551328328923039
215.75912764265257,0.9551341474326231
215.76912764265256,0.9551354539987327
215.77912764265258,0.9551367526311249
215.78912764265257,0.9551380433701321
215.79912764265256,0.9551393262559265
215.80912764265258,0.9551406013285199
215.81912764265257,0.9551418686277654
215.82912764265257,0.9551431281933567
215.83912764265258,0.9551443800648288
215.84912764265258,0.9551456242815586
215.8591276426526,0.955146860882765
215.8691276426526,0.9551480899075095
215.87912764265258,0.9551493113946965
215.8891276426526,0.9551505253830732
215.8991276426526,0.955151731911231
215.9091276426526,0.9551529310176052
215.9191276426526,0.9551541227404756
215.9291276426526,0.9551553071179659
215.9391276426526,0.9551564841880467
215.9491276426526,0.9551576539885325
215.9591276426526,0.9551588165570845
215.9691276426526,0.9551599719312105
215.9791276426526,0.9551611201482646
215.9891276426526,0.9551622612454482
215.9991276426526,0.95516339525981
216.0091276426526,0.955164522228247
216.01912764265262,0.9551656421875041
216.0291276426526,0.955166755174175
216.0391276426526,0.9551678612247028
216.04912764265262,0.9551689603753796
216.0591276426526,0.9551700526623474
216.06912764265263,0.9551711381215989
216.07912764265262,0.9551722167889771
216.0891276426526,0.9551732887001758
216.09912764265263,0.9551743538907408
216.10912764265262,0.9551754123960692
216.11912764265261,0.9551764642514107
216.12912764265263,0.9551775094918673
216.13912764265262,0.9551785481523942
216.14912764265262,0.9551795802678
216.15912764265263,0.955180605872747
216.16912764265263,0.9551816250017515
216.17912764265265,0.9551826376891848
216.18912764265264,0.9551836439692731
216.19912764265263,0.9551846438760976
216.20912764265265,0.9551856374435955
216.21912764265264,0.9551866247055605
216.22912764265266,0.9551876056956422
216.23912764265265,0.9551885804473474
216.24912764265264,0.9551895489940407
216.25912764265266,0.9551905113689438
216.26912764265265,0.9551914676051371
216.27912764265264,0.955192417735559
216.28912764265266,0.9551933617930073
216.29912764265265,0.9551942998101387
216.30912764265264,0.9551952318194702
216.31912764265266,0.9551961578533783
216.32912764265265,0.9551970779441007
216.33912764265267,0.9551979921237355
216.34912764265266,0.9551989004242423
216.35912764265265,0.9551998028774423
216.36912764265267,0.9552006995150191
216.37912764265266,0.9552015903685187
